cal_r,cal_g,cal_b,L_star,a_star,b_star,hue,sat,val,delta_e,temperature_c,humidity_pct,strip_age_days,dose_ppm_min
121.86,103.05,78.56,44.8,3.61,16.62,34.0,35.3,47.8,51.86,27.9,46.7,31.1,740.6
108.01,89.08,68.18,39.19,4.41,15.01,32.0,36.9,42.4,57.26,22.7,53.2,24.0,903.6
189.73,176.77,153.29,72.61,0.75,13.7,38.0,19.6,74.5,23.86,27.5,59.8,41.7,255.6
193.43,180.61,158.25,74.04,0.86,13.05,40.0,18.0,75.7,22.33,31.2,53.8,54.6,234.2
106.79,90.21,68.35,39.38,3.21,15.15,34.0,36.5,42.0,57.02,30.3,45.1,24.4,855.6
239.95,237.63,219.57,93.71,-2.29,9.02,54.0,8.2,94.1,3.61,27.1,72.0,57.8,5.9
109.34,91.91,68.63,40.14,3.36,16.05,34.0,36.9,42.7,56.38,25.2,68.3,59.2,881.6
248.29,240.08,221.0,94.99,-0.41,10.2,42.0,11.0,97.3,1.81,23.5,34.4,55.2,0.0
171.03,154.88,130.12,64.71,1.9,15.16,36.0,23.9,67.1,31.92,21.5,61.6,43.7,383.8
102.32,84.07,60.27,36.98,3.82,16.74,34.0,41.2,40.0,59.62,31.1,57.1,11.3,899.2
101.44,81.13,61.15,36.05,5.33,14.96,30.0,39.6,39.6,60.44,35.0,72.6,45.3,880.9
76.3,58.09,40.65,25.99,5.32,13.91,30.0,45.9,29.8,70.35,23.6,47.7,27.5,1395.2
93.97,75.89,54.54,33.57,4.25,15.57,32.0,41.6,36.9,62.89,32.0,43.0,41.4,1067.2
238.1,231.45,211.68,91.83,-1.05,10.42,44.0,11.0,93.3,4.67,26.8,43.3,36.6,30.4
77.87,59.22,44.34,26.59,5.84,12.37,26.0,43.5,30.6,69.7,24.6,71.6,46.6,1320.7
191.89,180.86,155.37,73.91,-0.3,14.42,42.0,19.2,75.3,22.76,29.6,50.4,49.9,249.3
243.79,239.06,221.27,94.4,-1.41,9.16,46.0,9.4,95.7,2.5,18.5,50.2,12.6,0.0
191.3,178.29,156.62,73.22,1.04,12.75,38.0,17.6,74.9,23.09,30.0,71.1,5.2,221.7
77.47,60.47,43.36,26.89,4.71,13.39,30.0,44.3,30.2,69.38,20.6,52.3,17.7,1368.3
100.38,81.45,59.91,36.0,4.49,15.63,32.0,40.0,39.2,60.5,33.8,62.3,45.7,905.4
129.39,113.64,88.58,48.72,2.07,16.18,38.0,31.0,50.6,47.85,25.2,59.9,24.9,648.9
245.61,239.47,221.01,94.63,-1.03,9.66,44.0,10.2,96.5,2.16,20.2,83.3,8.7,0.0
227.83,221.94,200.25,88.38,-1.63,11.36,48.0,12.2,89.4,8.26,39.7,67.0,6.0,58.5
212.72,201.27,182.67,81.52,0.87,10.72,36.0,14.1,83.5,14.59,29.6,35.3,35.8,140.0
91.22,72.43,51.5,32.19,4.73,15.57,32.0,43.9,35.7,64.29,39.7,71.7,1.7,951.5
93.65,76.03,55.66,33.6,4.17,14.91,32.0,40.4,36.9,62.79,28.2,58.6,48.1,1067.5
71.65,57.7,35.2,25.21,2.6,16.28,38.0,51.4,28.2,71.19,30.6,75.6,24.4,1335.0
85.41,68.75,49.92,30.42,4.1,14.08,32.0,41.2,33.3,65.87,24.2,60.0,4.5,1169.7
73.36,54.92,38.22,24.63,5.63,13.63,30.0,47.8,28.6,71.7,31.9,43.5,29.0,1416.2
193.04,180.46,157.33,73.95,0.65,13.41,38.0,18.8,75.7,22.49,27.6,62.7,8.5,223.0
97.74,77.26,59.01,34.48,5.74,14.09,28.0,39.6,38.4,61.95,23.9,57.7,52.8,1069.9
88.7,72.1,49.12,31.76,3.44,16.42,34.0,45.1,34.9,64.73,26.5,49.8,53.7,1185.4
182.66,166.15,144.13,69.02,2.38,13.59,34.0,21.2,71.8,27.43,34.1,73.1,33.0,269.9
62.94,44.93,29.46,20.11,5.95,13.22,28.0,54.1,24.7,76.2,24.3,49.3,26.5,1765.0
76.05,58.94,40.59,26.21,4.64,14.24,30.0,45.9,29.8,70.11,22.0,59.7,43.7,1411.8
162.22,143.88,119.86,60.75,2.97,15.29,34.0,25.9,63.5,35.89,25.9,43.5,28.8,439.3
57.09,40.06,25.42,17.77,5.76,12.73,28.0,56.1,22.4,78.5,37.3,46.4,12.9,1782.2
76.49,57.95,42.43,26.01,5.74,12.79,28.0,44.7,29.8,70.29,23.2,70.4,45.6,1355.2
174.49,160.17,136.29,66.55,1.29,14.35,38.0,22.0,68.2,29.94,27.0,49.7,28.6,338.1
228.77,220.52,200.48,88.1,-0.53,10.85,44.0,12.5,89.8,8.18,29.4,80.1,4.1,62.3
147.03,129.05,108.79,55.09,3.53,13.51,32.0,25.9,57.6,41.27,29.4,54.7,31.1,506.0
90.42,71.9,53.33,31.98,4.93,14.13,30.0,41.2,35.3,64.38,24.1,56.2,12.0,1107.3
137.92,123.11,98.6,52.38,1.65,15.5,36.0,28.2,54.1,44.12,30.6,61.8,22.9,548.9
68.19,50.49,32.96,22.55,5.32,14.21,30.0,51.4,26.7,73.79,31.2,44.7,3.4,1518.9
135.87,115.99,90.83,50.05,3.78,16.79,34.0,32.9,53.3,46.72,34.2,54.0,29.9,577.2
140.78,121.12,97.74,52.09,3.86,15.64,32.0,30.6,55.3,44.54,30.2,61.2,32.2,544.3
212.57,200.26,178.43,81.15,0.69,12.46,38.0,16.5,83.5,15.25,23.9,65.1,25.5,147.3
227.24,218.55,198.38,87.43,-0.39,10.98,44.0,12.9,89.0,8.84,26.0,47.8,59.5,81.8
137.03,117.47,90.34,50.57,3.35,17.79,34.0,34.1,53.7,46.36,32.0,36.3,39.6,635.9
167.77,150.07,126.12,63.05,2.67,15.04,34.0,25.1,65.9,33.57,19.7,53.4,47.6,431.0
234.7,225.17,209.41,89.94,0.61,8.86,36.0,11.0,92.2,6.06,24.2,63.7,32.5,44.6
208.27,199.23,177.14,80.51,-0.55,12.19,42.0,14.9,81.6,15.85,29.0,70.4,29.3,143.0
209.52,198.68,178.68,80.5,0.44,11.37,38.0,14.9,82.4,15.68,25.4,42.8,28.2,158.1
56.9,39.07,29.24,17.52,6.83,9.8,22.0,49.0,22.4,78.74,27.5,70.2,35.8,1793.7
243.78,241.66,222.4,95.07,-2.54,9.55,54.0,9.0,95.7,3.23,27.3,64.0,18.6,0.0
189.98,177.77,154.33,72.92,0.47,13.57,40.0,18.8,74.5,23.53,30.0,71.3,44.3,231.2
57.9,43.43,27.49,18.96,4.14,12.91,30.0,53.3,22.7,77.22,32.0,57.0,19.7,1681.3
136.15,118.84,93.4,50.92,2.61,16.48,36.0,31.8,53.3,45.75,30.9,59.5,22.6,573.6
141.09,124.22,99.24,53.0,2.43,16.03,36.0,29.8,55.3,43.61,22.7,59.0,58.8,602.4
102.97,84.29,61.96,37.14,4.21,15.95,32.0,40.0,40.4,59.38,30.3,55.2,40.9,916.3
184.98,170.75,148.01,70.51,1.37,13.58,38.0,20.0,72.5,25.91,30.2,62.1,59.4,280.1
161.63,144.47,119.7,60.85,2.38,15.51,34.0,25.9,63.5,35.8,30.1,54.4,3.2,415.6
233.2,228.61,208.35,90.67,-1.86,10.43,50.0,10.6,91.4,6.0,26.3,84.1,51.1,43.2
239.6,232.89,213.78,92.36,-0.93,10.09,44.0,11.0,94.1,4.06,24.3,61.2,47.6,27.1
127.5,112.18,84.97,48.05,1.6,17.34,38.0,33.7,50.2,48.68,27.8,60.2,39.0,665.2
72.95,54.77,39.2,24.56,5.66,12.88,28.0,46.7,28.6,71.73,30.4,51.2,58.7,1455.4
198.41,185.01,165.49,75.76,1.5,11.62,36.0,16.5,77.6,20.43,20.4,49.3,59.2,231.7
97.87,76.19,55.85,34.13,6.04,15.57,28.0,42.7,38.4,62.46,20.8,64.6,58.4,1093.6
99.95,81.79,61.72,36.09,4.33,14.63,32.0,38.0,39.2,60.3,31.3,51.9,9.0,932.7
198.02,187.02,163.95,76.21,0.05,13.09,40.0,17.3,77.6,20.21,32.5,53.1,54.1,206.7
245.19,239.32,223.31,94.62,-0.72,8.44,44.0,9.0,96.1,1.93,28.4,67.5,20.2,0.0
165.52,149.77,124.57,62.73,1.72,15.44,36.0,24.7,65.1,33.91,33.0,58.5,14.0,370.4
219.67,208.44,188.33,84.04,0.54,11.38,38.0,14.5,86.3,12.19,29.7,41.7,55.2,115.0
218.71,207.87,185.7,83.75,0.08,12.36,40.0,14.9,85.9,12.71,31.1,55.3,8.3,112.9
170.08,153.8,127.88,64.29,1.79,15.81,38.0,24.7,66.7,32.46,33.5,46.9,41.5,379.7
59.59,44.56,28.57,19.55,4.38,12.99,30.0,51.8,23.5,76.65,30.5,64.5,21.1,1658.5
157.24,143.61,119.85,60.22,1.13,14.49,38.0,23.5,61.6,36.2,29.8,52.3,39.9,430.2
89.3,72.92,53.25,32.15,3.75,14.39,34.0,40.4,34.9,64.16,30.5,53.8,44.5,1089.7
77.82,60.7,41.89,26.97,4.53,14.45,32.0,46.3,30.6,69.36,33.7,59.4,28.8,1220.2
119.19,100.16,78.5,43.71,4.15,15.13,32.0,33.7,46.7,52.77,32.4,56.8,29.2,724.2
59.05,42.37,29.41,18.82,5.7,11.46,26.0,51.0,23.1,77.39,18.6,49.5,18.5,1951.9
130.25,110.4,86.41,47.86,4.01,16.29,32.0,33.7,51.0,48.82,32.8,50.7,34.4,652.4
207.74,199.23,175.0,80.42,-1.08,13.2,44.0,15.7,81.6,16.21,27.7,61.7,33.0,152.9
155.48,138.71,116.85,58.68,2.71,14.01,34.0,24.7,60.8,37.72,25.6,56.2,36.7,462.4
80.71,63.58,45.28,28.24,4.53,14.03,32.0,44.3,31.8,68.07,15.0,43.0,45.0,1452.5
155.48,136.93,112.52,58.1,3.07,15.67,34.0,27.1,60.8,38.57,32.7,77.1,47.0,431.2
124.05,103.76,79.07,45.23,4.22,16.94,34.0,36.5,48.6,51.52,18.3,36.2,7.5,806.7
166.93,153.38,127.98,63.9,0.79,15.17,38.0,23.5,65.5,32.69,22.3,49.3,25.5,398.4
245.2,239.74,221.02,94.67,-1.31,9.7,48.0,9.8,96.1,2.35,27.8,45.0,30.9,0.0
51.74,35.88,24.83,15.74,5.79,10.34,24.0,51.8,20.4,80.45,33.5,60.1,39.0,1985.6
139.7,120.28,99.44,51.79,4.14,14.23,30.0,29.4,54.9,44.67,24.6,43.7,5.8,609.9
107.35,85.68,66.87,38.12,6.0,14.35,28.0,37.3,42.0,58.39,32.9,70.7,58.0,837.2
151.15,134.35,107.75,56.9,2.06,16.66,36.0,28.6,59.2,39.87,31.1,56.8,17.2,474.5
226.6,218.6,198.42,87.4,-0.64,10.9,44.0,12.9,89.0,8.88,22.0,74.4,45.7,73.8
125.6,105.66,82.5,45.99,4.24,15.97,32.0,34.1,49.4,50.63,20.9,37.0,25.1,782.9
72.88,56.27,38.29,24.98,4.53,14.03,30.0,47.8,28.6,71.31,23.9,53.5,56.5,1531.8
72.56,54.59,37.83,24.42,5.41,13.59,30.0,47.8,28.6,71.89,32.4,49.1,43.2,1439.2
244.2,241.51,220.86,95.03,-2.57,10.29,54.0,9.4,95.7,3.47,26.1,45.3,25.4,0.0
70.96,53.09,32.93,23.68,4.99,15.75,32.0,53.3,27.8,72.77,24.8,74.6,20.6,1408.3
246.15,239.69,221.03,94.73,-0.95,9.79,46.0,10.2,96.5,2.08,23.0,54.4,26.1,0.0
105.68,80.26,61.57,36.3,7.85,15.11,24.0,41.6,41.6,60.46,29.8,51.1,9.1,926.2
137.66,119.17,95.57,51.2,3.37,15.63,32.0,30.6,54.1,45.38,28.0,45.6,57.0,636.0
81.23,60.06,42.28,27.21,6.64,14.59,28.0,48.2,31.8,69.29,27.4,54.1,17.0,1266.0
113.98,98.45,73.39,42.59,2.17,16.57,36.0,36.1,44.7,53.97,18.4,65.4,38.5,835.4
238.19,235.37,213.17,92.86,-2.78,11.11,52.0,10.6,93.3,5.01,28.9,65.3,14.1,26.9
246.58,237.88,224.14,94.38,0.62,7.69,36.0,9.4,96.9,2.09,36.8,69.5,21.1,0.0
100.46,82.32,59.64,36.25,3.95,16.13,34.0,40.0,39.2,60.27,29.1,23.2,17.6,1039.6
84.52,63.0,46.04,28.54,6.81,14.03,26.0,45.9,33.3,67.94,20.8,54.1,53.4,1349.6
61.7,43.34,26.41,19.41,6.02,14.3,28.0,58.0,24.3,76.97,28.4,36.3,34.8,1900.1
84.68,67.79,49.41,30.04,4.29,13.88,32.0,42.4,33.3,66.25,15.0,63.8,23.9,1254.7
58.95,42.26,29.39,18.77,5.72,11.41,26.0,51.0,23.1,77.44,25.5,49.9,24.0,1856.2
196.8,185.1,162.49,75.58,0.38,12.97,40.0,17.6,77.3,20.8,25.5,39.1,29.6,224.1
82.02,67.16,46.63,29.49,3.05,14.85,34.0,42.7,32.2,66.82,25.9,54.8,38.2,1228.0
104.9,83.1,63.41,37.05,6.0,14.97,28.0,40.0,41.2,59.51,31.2,38.5,4.1,945.6
68.06,51.26,34.22,22.79,4.91,13.69,30.0,50.2,26.7,73.49,24.4,49.6,39.7,1547.0
221.03,214.06,196.6,85.76,-0.57,9.47,42.0,11.0,86.7,10.31,22.0,45.3,15.0,92.9
103.21,85.08,64.48,37.45,4.17,14.82,32.0,38.0,40.4,58.95,30.2,57.2,29.7,884.9
197.07,184.83,164.68,75.58,0.97,11.79,38.0,16.1,77.3,20.62,33.0,62.6,37.7,200.6
185.5,171.78,148.64,70.84,1.11,13.7,38.0,19.6,72.5,25.6,18.3,52.2,28.4,293.6
91.26,73.24,52.38,32.45,4.35,15.37,32.0,42.7,35.7,63.98,19.2,62.1,10.5,1118.7
53.05,35.67,23.68,15.82,6.47,11.29,24.0,54.9,20.8,80.43,26.2,80.8,1.4,1902.9
239.06,231.23,212.98,91.88,-0.4,9.82,42.0,11.0,93.7,4.3,22.3,49.7,28.8,27.4
84.46,66.39,48.93,29.59,5.01,13.58,30.0,41.6,32.9,66.72,29.5,47.5,3.6,1188.8
241.18,235.99,217.65,93.35,-1.34,9.51,46.0,9.4,94.5,3.27,27.1,69.2,32.4,10.5
127.36,106.85,85.88,46.57,4.77,14.8,30.0,32.2,49.8,49.95,27.5,62.4,36.5,664.1
239.4,231.32,213.0,91.93,-0.32,9.89,42.0,11.0,93.7,4.25,28.1,57.2,36.9,25.9
64.74,50.27,33.57,22.06,3.82,13.09,30.0,47.8,25.5,74.13,27.5,45.7,3.7,1613.5
189.93,177.7,153.86,72.88,0.41,13.77,40.0,18.8,74.5,23.61,18.5,54.4,46.0,276.1
189.85,178.01,154.05,72.96,0.25,13.78,40.0,18.8,74.5,23.53,20.8,38.0,14.5,280.8
136.1,117.43,94.95,50.56,3.62,15.09,32.0,30.2,53.3,45.95,31.8,44.1,8.1,595.6
73.37,55.65,38.28,24.85,5.17,13.88,30.0,47.8,28.6,71.47,18.8,63.4,10.9,1450.6
99.87,81.53,60.83,35.99,4.33,15.03,32.0,38.8,39.2,60.43,27.1,77.7,22.1,906.3
197.11,182.44,157.55,74.81,1.16,14.56,36.0,19.6,77.3,21.92,23.4,54.1,59.1,245.0
95.82,75.9,55.38,33.8,5.21,15.39,30.0,42.7,37.6,62.7,31.3,44.2,35.3,1035.2
191.71,177.98,153.69,73.11,0.91,14.2,38.0,19.6,75.3,23.48,28.7,50.1,56.3,256.9
109.05,90.36,69.14,39.68,4.24,15.12,32.0,36.9,42.7,56.77,33.4,22.1,33.8,914.9
145.35,123.2,101.51,53.19,5.11,15.04,30.0,29.8,56.9,43.48,24.1,62.0,2.3,550.3
243.54,239.94,221.52,94.6,-1.9,9.33,50.0,9.0,95.7,2.8,30.1,58.3,50.4,0.0
152.22,133.84,108.54,56.88,2.9,16.2,34.0,28.2,59.6,39.85,24.3,60.1,36.5,498.1
62.21,43.38,28.9,19.54,6.55,12.83,26.0,53.3,24.3,76.79,26.6,51.4,33.7,1729.8
219.96,210.91,192.78,84.79,0.07,10.09,40.0,12.2,86.3,11.27,30.3,45.2,18.7,99.7
243.24,241.24,220.97,94.89,-2.75,10.03,54.0,9.0,95.3,3.59,29.9,50.0,14.4,0.0
139.29,125.18,101.17,53.14,1.41,15.07,38.0,27.5,54.5,43.3,34.0,50.2,50.3,547.1
125.06,104.89,82.75,45.73,4.49,15.45,32.0,33.7,49.0,50.84,32.5,32.4,29.0,728.2
56.23,41.93,27.14,18.27,4.26,12.21,32.0,51.8,22.0,77.89,19.9,63.6,18.8,1882.2
70.02,49.88,35.29,22.65,6.92,12.85,26.0,49.8,27.5,73.73,30.1,33.3,22.6,1571.8
195.57,183.63,160.72,75.06,0.43,13.18,40.0,18.0,76.9,21.35,33.6,60.0,11.3,204.2
90.05,72.53,51.46,32.09,4.11,15.43,34.0,43.1,35.3,64.33,26.5,50.3,23.7,1110.7
78.0,57.86,42.52,26.16,6.54,12.98,26.0,44.7,30.6,70.21,26.8,51.5,53.8,1412.4
71.69,52.66,36.77,23.72,6.1,13.33,28.0,48.6,28.2,72.63,25.4,54.4,58.5,1582.6
173.65,159.32,135.09,66.23,1.24,14.55,36.0,22.4,68.2,30.29,28.4,65.2,11.0,324.4
120.63,105.59,80.69,45.43,1.88,16.2,38.0,32.9,47.5,51.1,31.9,70.7,5.3,665.8
236.62,231.26,213.08,91.7,-1.25,9.49,46.0,10.2,92.9,4.67,30.6,38.9,23.1,33.4
81.97,62.1,44.1,27.93,5.92,14.4,28.0,46.3,32.2,68.5,22.8,42.7,7.1,1348.3
126.98,106.96,83.7,46.52,4.24,16.01,32.0,33.7,49.8,50.11,23.5,65.7,48.2,712.6
57.73,40.68,26.86,18.07,5.84,12.17,28.0,53.3,22.7,78.18,28.1,64.5,7.4,1800.6
106.61,86.86,67.6,38.39,5.05,14.26,30.0,36.5,42.0,58.03,31.6,57.1,28.2,849.4
115.33,97.18,74.64,42.39,3.69,15.58,34.0,34.9,45.1,54.11,30.6,71.5,4.7,725.3
122.63,102.71,80.67,44.82,4.44,15.42,32.0,34.1,48.2,51.73,20.5,48.5,26.2,778.6
90.76,73.63,55.05,32.56,4.24,13.84,32.0,39.6,35.7,63.73,27.0,20.6,3.9,1187.9
72.64,54.96,39.94,24.59,5.49,12.44,28.0,45.1,28.6,71.67,23.8,55.0,49.7,1509.8
76.75,56.3,41.7,25.53,6.83,12.64,24.0,45.5,30.2,70.85,31.6,44.5,44.2,1344.8
122.15,101.86,79.83,44.52,4.62,15.49,32.0,34.5,47.8,52.05,19.9,74.4,47.3,744.1
95.18,75.39,58.88,33.65,5.71,13.01,26.0,38.0,37.3,62.7,33.6,81.8,40.4,919.4
107.87,88.7,67.56,39.05,4.5,15.19,32.0,36.9,42.4,57.42,27.0,80.4,33.7,808.7
172.18,156.05,132.19,65.17,2.02,14.66,36.0,23.1,67.5,31.38,27.7,85.0,11.9,324.2
239.5,234.57,214.98,92.8,-1.63,10.1,50.0,10.2,93.7,4.0,22.3,56.3,3.4,26.3
203.25,190.94,168.18,77.76,0.57,13.05,40.0,17.3,79.6,18.68,28.4,40.9,3.4,189.8
62.09,46.09,30.08,20.37,4.82,13.13,30.0,51.8,24.3,75.87,21.5,35.2,46.2,1889.9
214.24,202.3,180.73,81.86,0.58,12.27,38.0,15.3,83.9,14.51,30.1,63.9,40.3,130.3
74.53,59.16,40.95,26.1,3.81,13.83,32.0,45.5,29.4,70.14,34.6,65.6,18.6,1227.9
68.08,49.84,35.53,22.39,6.02,12.31,26.0,47.1,26.7,73.89,33.6,59.6,45.4,1486.3
64.7,46.76,33.22,20.98,6.09,11.89,26.0,49.4,25.5,75.28,19.3,48.5,22.5,1739.8
142.79,124.78,101.06,53.36,3.08,15.5,34.0,29.4,56.1,43.21,24.0,52.8,57.2,607.1
202.17,191.59,171.03,77.9,0.27,11.7,40.0,15.3,79.2,18.3,28.8,85.0,36.2,167.3
83.29,62.43,43.71,28.18,6.29,15.0,28.0,47.1,32.5,68.33,37.4,72.7,13.9,1074.1
212.98,200.95,180.29,81.4,0.76,11.83,38.0,15.7,83.5,14.87,29.3,61.3,12.3,134.2
158.23,141.59,115.64,59.68,2.03,16.13,38.0,26.7,62.0,37.04,19.7,31.0,26.6,509.3
183.49,169.45,148.35,70.05,1.56,12.72,36.0,19.2,71.8,26.24,31.2,47.1,12.9,280.2
216.29,206.58,183.5,83.18,-0.47,12.68,44.0,14.9,84.7,13.37,19.6,59.6,14.4,129.0
60.82,45.2,32.31,19.98,5.07,11.09,26.0,47.5,23.9,76.19,23.8,66.1,28.6,1692.9
81.64,62.94,43.82,28.13,5.19,14.83,30.0,46.3,32.2,68.28,28.6,72.5,47.3,1215.2
72.33,52.86,36.11,23.84,6.2,13.94,28.0,50.2,28.2,72.55,23.5,66.9,36.5,1477.2
137.4,118.47,94.86,50.97,3.56,15.73,32.0,30.6,53.7,45.63,35.4,63.6,50.0,567.6
224.25,216.33,192.61,86.51,-1.23,12.67,44.0,13.7,87.8,10.32,33.9,64.1,44.6,83.2
197.67,181.43,160.06,74.65,2.29,12.98,34.0,19.2,77.6,21.79,24.4,44.9,1.3,235.2
246.61,241.0,221.09,95.09,-1.44,10.28,46.0,10.6,96.9,2.5,31.1,59.7,39.1,0.0
140.34,122.23,98.25,52.36,3.11,15.71,34.0,30.2,54.9,44.23,32.4,65.7,4.3,530.8
136.4,116.46,92.04,50.26,3.89,16.38,32.0,32.5,53.3,46.46,16.9,54.0,4.7,673.8
190.99,178.09,156.18,73.13,0.96,12.86,38.0,18.4,74.9,23.2,24.9,58.6,34.8,247.3
77.99,60.59,45.14,27.03,5.12,12.44,30.0,42.4,30.6,69.21,17.4,54.3,54.8,1475.6
83.93,63.45,46.74,28.62,6.33,13.67,26.0,43.9,32.9,67.79,26.2,58.5,15.0,1228.6
245.07,240.8,221.99,94.95,-1.73,9.59,50.0,9.4,96.1,2.53,32.1,58.7,16.0,0.0
111.91,92.78,71.79,40.73,4.42,14.98,32.0,35.7,43.9,55.73,26.3,52.0,47.4,861.0
56.17,40.86,29.09,17.97,5.23,10.48,26.0,48.2,22.0,78.19,36.4,68.8,58.9,1764.2
216.42,206.41,185.74,83.2,0.02,11.52,40.0,13.7,84.7,13.05,20.2,35.6,40.7,141.5
58.3,43.37,29.59,19.04,4.67,11.61,28.0,48.2,22.7,77.12,18.3,69.3,31.6,1822.2
62.46,46.19,32.4,20.5,5.24,11.75,28.0,48.2,24.3,75.7,34.4,36.0,1.1,1703.8
81.96,63.84,44.09,28.44,4.8,15.08,32.0,46.3,32.2,67.97,25.1,66.1,58.3,1301.4
121.47,103.46,78.88,44.88,3.25,16.53,34.0,34.9,47.5,51.74,21.3,66.3,11.4,740.2
117.22,100.15,76.02,43.45,2.95,16.23,36.0,34.9,45.9,53.1,24.2,56.2,55.8,812.7
82.88,64.63,46.2,28.83,5.01,14.27,30.0,44.7,32.5,67.53,33.6,43.7,10.2,1197.0
170.7,153.36,128.66,64.24,2.39,15.32,34.0,24.7,67.1,32.44,28.0,39.0,20.2,381.5
59.19,45.47,28.62,19.78,3.58,13.26,32.0,51.0,23.1,76.4,27.8,70.6,23.7,1662.9
186.87,173.31,149.42,71.38,0.93,14.04,38.0,20.4,73.3,25.13,24.0,61.8,29.9,272.5
64.79,48.28,34.15,21.47,5.25,11.92,28.0,47.8,25.5,74.74,27.1,42.2,38.4,1721.8
173.86,157.25,134.26,65.68,2.33,14.25,34.0,23.1,68.2,30.83,30.0,66.1,53.9,342.9
236.8,231.87,211.98,91.85,-1.68,10.27,48.0,10.6,92.9,4.86,22.2,44.4,42.8,32.5
247.8,239.02,220.7,94.68,-0.08,9.91,40.0,11.0,97.3,1.7,28.1,72.0,27.0,0.0
107.95,89.78,67.6,39.36,3.88,15.6,34.0,36.9,42.4,57.12,24.0,51.9,37.3,908.6
244.53,238.0,221.07,94.19,-0.64,8.97,42.0,9.8,96.1,2.14,24.7,62.1,25.9,0.0
56.3,41.47,28.22,18.16,4.75,11.33,28.0,49.8,22.0,77.99,23.9,55.9,43.0,1938.5
243.49,239.42,221.64,94.47,-1.64,9.08,48.0,8.6,95.3,2.63,30.2,55.1,37.7,0.0
233.13,228.37,208.93,90.61,-1.67,10.05,48.0,10.2,91.4,5.9,25.8,55.9,27.2,43.1
71.73,53.66,36.64,24.02,5.45,13.81,30.0,48.6,28.2,72.31,23.6,65.2,8.9,1448.2
68.76,51.47,34.14,22.94,5.11,13.96,30.0,50.6,27.1,73.37,27.8,46.4,42.1,1578.6
221.57,212.9,192.35,85.41,-0.45,11.22,42.0,13.3,87.1,10.86,23.1,28.5,22.3,110.0
65.43,47.5,30.71,21.24,5.64,13.92,30.0,52.2,25.5,75.1,21.4,54.2,22.8,1712.7
54.09,38.93,26.32,17.03,5.11,11.09,28.0,51.8,21.2,79.13,32.0,53.1,5.1,1906.1
166.77,153.48,126.66,63.88,0.48,15.88,40.0,23.9,65.5,32.85,30.7,48.0,51.5,401.9
121.32,103.34,80.61,44.86,3.49,15.48,34.0,32.9,47.5,51.64,20.7,45.7,49.6,813.6
202.13,189.2,167.05,77.19,0.9,12.85,38.0,17.3,79.2,19.2,32.8,50.9,50.5,194.8
145.43,128.53,102.26,54.66,2.21,16.64,38.0,29.8,56.9,42.07,25.4,44.9,7.1,556.9
71.46,53.04,37.35,23.81,5.82,13.07,28.0,47.8,27.8,72.5,25.0,56.9,4.8,1454.9
138.94,120.22,95.93,51.63,3.35,16.03,34.0,31.0,54.5,45.01,28.9,66.2,54.5,583.8
245.82,240.46,221.9,94.92,-1.32,9.6,46.0,9.8,96.5,2.2,29.6,51.0,57.2,0.0
159.55,143.46,117.05,60.33,1.72,16.25,36.0,27.1,62.7,36.42,21.1,52.4,47.5,476.9
99.97,80.79,59.96,35.77,4.71,15.28,32.0,40.0,39.2,60.7,24.2,72.4,58.1,994.8
48.29,35.03,25.27,15.01,4.67,8.99,26.0,47.8,18.8,81.1,30.6,85.0,9.4,1928.0
240.17,238.44,215.81,93.84,-3.23,11.16,56.0,10.2,94.1,4.82,30.2,20.0,25.4,11.4
107.24,87.03,65.68,38.47,4.97,15.54,30.0,38.4,42.0,58.07,33.2,54.9,15.3,854.6
67.01,45.1,30.71,20.74,8.03,13.3,24.0,53.7,26.3,75.76,25.7,32.7,6.2,1728.5
63.07,49.14,33.63,21.51,3.75,12.29,32.0,45.9,24.7,74.63,23.3,35.9,52.9,1829.6
245.01,240.23,222.48,94.81,-1.38,9.14,46.0,9.4,96.1,2.23,25.0,52.9,7.7,0.0
136.09,118.26,93.94,50.77,2.99,15.96,34.0,31.0,53.3,45.83,29.3,51.8,25.4,596.3
57.48,41.19,27.72,18.21,5.48,11.77,26.0,51.0,22.4,78.0,24.4,61.3,50.0,1923.3
93.78,72.81,55.99,32.69,6.28,13.47,26.0,40.4,36.9,63.73,25.2,35.3,31.9,1153.6
205.01,193.02,169.57,78.47,0.34,13.33,40.0,17.3,80.4,18.06,25.9,44.5,50.9,200.3
65.6,47.56,34.63,21.36,6.19,11.49,26.0,47.1,25.9,74.9,23.1,76.7,32.0,1601.4
63.54,48.66,32.87,21.4,4.2,12.66,30.0,48.6,25.1,74.78,29.4,50.2,6.7,1626.0
97.58,78.1,56.43,34.65,4.8,15.91,32.0,42.7,38.4,61.89,28.1,43.1,17.0,1032.8
133.14,116.81,93.47,50.07,2.52,15.23,36.0,30.2,52.2,46.39,32.8,20.0,47.3,670.9
245.97,240.02,225.47,94.9,-0.46,7.74,42.0,8.6,96.5,1.93,25.5,67.4,35.3,0.0
133.71,111.93,87.48,48.65,4.75,16.8,32.0,34.9,52.5,48.18,28.8,57.3,44.3,640.2
50.65,37.84,25.77,16.23,4.01,10.32,28.0,49.0,20.0,79.86,28.2,71.4,38.6,1966.2
204.46,192.94,170.38,78.42,0.3,12.82,40.0,16.9,80.0,17.99,18.2,68.6,11.4,186.6
150.18,133.19,109.03,56.52,2.51,15.39,36.0,27.5,58.8,40.04,32.8,33.2,30.1,505.4
117.93,99.7,77.52,43.43,3.74,15.31,34.0,33.7,46.3,53.05,34.1,68.8,35.7,695.4
75.9,55.98,39.31,25.28,6.32,13.84,28.0,48.6,29.8,71.12,15.0,83.9,32.2,1412.3
206.4,194.14,171.09,78.91,0.49,13.15,40.0,16.9,80.8,17.59,25.3,74.8,53.0,175.6
129.02,111.41,86.22,48.01,2.87,16.59,34.0,33.3,50.6,48.64,34.1,85.0,32.2,580.1
78.9,62.57,43.28,27.69,4.03,14.54,34.0,45.5,31.0,68.63,26.5,36.6,18.3,1368.9
209.87,198.53,178.75,80.49,0.66,11.33,38.0,14.9,82.4,15.68,23.0,46.3,49.3,166.6
104.67,84.49,64.19,37.43,5.15,15.01,30.0,39.2,41.2,59.06,22.5,59.7,15.7,932.2
239.29,233.3,213.95,92.44,-1.22,10.12,46.0,10.6,93.7,4.11,25.4,38.3,41.9,23.1
145.97,128.3,104.57,54.69,2.9,15.37,34.0,28.2,57.3,41.87,27.2,48.3,40.4,551.0
119.66,100.47,76.84,43.81,3.94,16.27,32.0,35.7,47.1,52.81,32.2,50.0,26.4,735.3
200.13,188.49,167.47,76.85,0.6,12.11,38.0,16.5,78.4,19.4,20.7,56.8,10.2,210.6
116.14,95.63,74.01,42.02,4.89,15.48,32.0,36.1,45.5,54.54,25.8,48.5,37.6,821.9
206.29,196.6,175.04,79.62,-0.23,12.04,42.0,14.9,80.8,16.68,17.1,66.1,14.0,166.2
246.03,241.47,222.55,95.2,-1.65,9.67,46.0,9.4,96.5,2.39,27.9,60.8,49.8,0.0
176.71,162.5,139.22,67.43,1.32,13.99,36.0,21.6,69.4,29.01,27.8,67.1,29.5,303.9
240.8,234.68,212.89,92.88,-1.57,11.31,48.0,11.8,94.5,4.4,32.3,54.7,35.3,23.0
76.94,57.68,42.29,25.98,6.11,12.86,28.0,45.5,30.2,70.35,30.7,47.7,30.4,1355.2
88.67,72.75,51.11,31.99,3.28,15.49,34.0,42.7,34.9,64.4,29.0,84.4,1.6,996.0
83.47,65.29,46.55,29.1,4.92,14.42,30.0,43.5,32.5,67.26,24.4,70.4,57.0,1237.1
160.57,142.94,119.68,60.35,2.81,14.8,34.0,25.5,63.1,36.19,32.3,73.6,9.9,390.4
80.48,63.14,46.37,28.11,4.84,13.14,30.0,42.4,31.4,68.15,37.4,79.0,59.7,1151.8
244.77,240.18,224.2,94.82,-1.16,8.26,46.0,8.6,96.1,2.17,30.4,60.5,1.3,0.0
246.69,241.91,222.23,95.35,-1.69,10.07,48.0,10.2,96.9,2.52,26.7,55.6,26.5,0.0
245.08,240.19,222.59,94.81,-1.32,9.08,46.0,9.0,96.1,2.18,31.2,53.2,34.7,0.0
61.49,44.65,30.34,19.86,5.51,12.27,30.0,51.0,23.9,76.37,26.4,52.1,20.6,1674.8
91.53,71.59,52.16,32.0,5.48,14.9,30.0,43.5,36.1,64.46,27.4,65.7,4.0,1050.8
193.0,179.07,156.41,73.56,1.23,13.37,38.0,19.2,75.7,22.87,27.9,36.0,5.1,253.0
144.72,123.28,102.3,53.16,4.91,14.54,30.0,29.8,56.9,43.42,17.9,37.2,48.2,644.5
126.88,104.96,84.45,45.97,5.48,14.81,30.0,33.7,49.8,50.61,23.1,67.6,37.4,695.9
196.06,186.16,161.89,75.78,-0.55,13.57,42.0,17.3,76.9,20.76,26.9,56.6,33.6,212.4
196.58,181.7,159.52,74.62,1.65,13.22,36.0,18.8,77.3,21.82,20.3,74.1,8.6,222.8
147.37,129.98,107.66,55.35,2.97,14.53,34.0,26.7,57.6,41.1,28.7,73.3,25.3,480.7
142.74,125.85,104.65,53.72,2.97,13.93,34.0,26.7,56.1,42.64,28.0,50.3,22.5,539.0
82.84,63.91,45.99,28.61,5.42,14.11,30.0,44.7,32.5,67.76,26.9,63.5,7.9,1188.1
116.14,96.46,73.53,42.25,4.32,16.07,32.0,36.1,45.5,54.35,25.3,29.5,57.5,905.8
245.29,239.93,223.0,94.77,-1.05,8.82,46.0,9.0,96.1,1.99,29.2,74.4,38.8,0.0
101.69,84.18,63.6,37.01,3.91,14.74,32.0,37.3,40.0,59.37,31.3,20.0,48.5,1032.1
234.38,227.61,209.83,90.54,-0.69,9.49,46.0,10.2,91.8,5.61,19.0,63.5,3.5,41.6
154.19,139.34,116.13,58.71,1.72,14.46,36.0,24.7,60.4,37.71,19.7,67.8,53.6,484.4
128.31,106.18,85.63,46.48,5.54,14.83,28.0,32.9,50.2,50.12,20.6,61.0,24.1,700.6
72.62,55.0,38.81,24.58,5.29,13.16,28.0,46.7,28.6,71.7,36.9,72.3,26.4,1240.8
146.57,129.06,107.0,55.01,3.07,14.42,34.0,27.1,57.6,41.43,23.6,64.1,43.4,525.9
155.52,138.09,114.24,58.46,2.68,15.19,34.0,27.1,61.2,38.11,27.7,65.5,29.7,440.7
245.74,240.73,221.42,94.97,-1.55,9.92,48.0,10.2,96.5,2.47,21.4,78.9,30.8,0.0
244.28,240.12,222.37,94.73,-1.6,9.07,50.0,9.0,95.7,2.46,22.2,52.2,18.1,0.0
212.24,202.46,180.87,81.74,-0.2,12.0,40.0,14.5,83.1,14.59,37.0,59.2,32.5,121.9
147.04,135.11,107.69,56.72,-0.05,16.4,42.0,26.7,57.6,39.97,20.7,64.5,9.6,506.8
196.06,181.72,158.91,74.56,1.35,13.47,38.0,18.8,76.9,21.92,39.3,37.6,54.6,223.3
84.25,66.82,45.89,29.63,4.23,15.55,34.0,45.1,32.9,66.8,20.5,64.3,40.5,1235.3
60.88,42.92,30.33,19.25,6.38,11.45,26.0,51.0,23.9,77.01,26.2,48.8,10.9,1798.4
111.7,90.83,68.72,40.09,5.07,15.97,30.0,38.4,43.9,56.53,27.8,51.1,13.1,856.7
106.69,87.54,66.18,38.56,4.48,15.35,32.0,38.4,42.0,57.93,26.6,84.4,29.4,815.1
207.46,197.14,175.22,79.86,-0.05,12.29,42.0,15.3,81.2,16.48,24.1,60.3,50.5,165.6
198.35,185.19,164.19,75.77,1.18,12.34,38.0,17.3,77.6,20.52,39.0,67.0,36.0,183.9
52.62,38.16,23.75,16.54,4.53,12.16,28.0,54.9,20.8,79.62,30.7,70.4,46.4,1970.2
115.9,98.41,76.03,42.82,3.41,15.35,34.0,34.5,45.5,53.64,32.0,54.8,58.1,800.3
196.56,184.06,161.08,75.26,0.63,13.28,38.0,18.4,77.3,21.18,30.0,78.5,8.8,194.5
186.34,172.47,148.71,71.1,1.07,14.03,38.0,20.0,72.9,25.41,16.7,70.4,30.5,276.9
122.9,103.13,82.64,45.01,4.59,14.51,30.0,32.5,48.2,51.45,26.9,76.2,21.6,672.0
156.97,138.59,114.56,58.73,3.04,15.41,34.0,26.7,61.6,37.9,29.6,47.4,30.8,463.4
203.02,192.97,170.0,78.3,-0.3,12.84,42.0,16.1,79.6,18.13,15.0,54.2,52.0,203.6
90.43,72.36,49.81,32.05,4.18,16.41,34.0,44.3,35.3,64.48,37.4,57.9,15.7,994.0
94.47,76.81,54.09,33.89,3.85,16.27,34.0,42.7,36.9,62.62,22.0,55.4,26.2,1075.0
216.37,207.68,184.37,83.49,-0.88,12.66,46.0,14.9,84.7,13.11,29.3,55.8,27.7,117.7
212.68,200.87,180.16,81.35,0.68,11.83,38.0,15.7,83.5,14.92,26.8,49.5,46.0,148.0
101.14,80.13,62.49,35.76,5.99,13.73,28.0,38.4,39.6,60.67,36.2,45.0,38.7,930.3
64.6,46.92,34.08,21.03,6.05,11.39,26.0,47.8,25.5,75.21,23.7,67.3,33.7,1606.6
66.82,48.9,34.82,21.93,5.93,12.14,26.0,47.8,26.3,74.34,33.5,57.5,13.1,1469.0
208.95,196.95,174.52,79.92,0.49,12.76,38.0,16.1,82.0,16.51,24.2,72.8,39.9,158.8
169.68,154.74,129.9,64.54,1.42,15.04,38.0,23.5,66.7,32.05,27.8,65.7,12.9,352.6
114.79,95.98,73.94,41.98,4.07,15.44,32.0,35.7,45.1,54.52,37.9,53.1,47.8,753.7
112.02,92.48,68.57,40.59,4.21,16.73,32.0,38.4,43.9,56.07,34.2,54.6,32.0,801.3
152.41,135.42,109.25,57.34,2.19,16.43,36.0,28.2,59.6,39.4,25.3,76.8,2.1,463.3
193.09,180.59,158.27,74.0,0.74,12.99,40.0,18.0,75.7,22.36,29.2,66.1,13.0,214.5
74.74,57.89,41.08,25.75,4.75,13.28,30.0,45.5,29.4,70.51,30.6,51.1,5.7,1330.7
179.02,166.42,139.96,68.68,0.2,15.36,40.0,22.0,70.2,28.05,27.6,52.6,27.1,314.5
82.47,67.13,50.46,29.61,3.82,12.6,32.0,39.2,32.2,66.57,27.3,63.9,51.4,1197.7
84.08,62.6,45.45,28.36,6.78,14.15,28.0,46.3,32.9,68.13,31.4,41.1,10.0,1236.0
81.21,62.13,43.15,27.83,5.41,14.85,30.0,47.1,31.8,68.6,23.3,48.4,30.0,1300.3
195.4,180.31,157.76,74.12,1.68,13.46,36.0,18.8,76.5,22.36,21.1,56.3,43.1,246.7
165.8,144.22,122.0,61.22,4.53,14.79,30.0,26.7,65.1,35.49,22.1,66.9,15.7,410.9
106.68,87.86,67.15,38.67,4.42,14.91,32.0,37.3,42.0,57.77,35.0,37.6,34.5,887.7
120.75,98.31,77.15,43.33,5.74,15.45,28.0,36.5,47.5,53.32,38.7,54.3,28.4,690.3
70.15,52.04,37.86,23.36,5.9,12.11,26.0,45.9,27.5,72.91,28.6,49.0,2.2,1477.2
167.25,151.81,127.67,63.5,1.73,14.79,36.0,23.5,65.5,33.03,29.3,72.3,1.7,344.2
90.54,70.73,53.01,31.65,5.67,13.88,28.0,41.6,35.7,64.74,30.1,38.7,35.2,1130.8
91.23,73.44,52.73,32.51,4.26,15.23,32.0,41.6,35.7,63.91,23.6,43.2,34.9,1162.9
208.32,194.83,173.88,79.31,1.28,12.24,38.0,16.5,81.6,17.02,30.1,45.2,44.2,173.9
125.79,104.65,81.87,45.71,4.83,15.97,32.0,34.9,49.4,50.96,32.0,68.8,14.0,655.6
243.72,242.09,222.77,95.18,-2.72,9.52,54.0,8.6,95.7,3.36,25.1,50.8,59.6,0.0
196.5,181.39,161.73,74.58,2.13,11.96,32.0,17.6,77.3,21.68,39.7,49.6,30.8,201.3
69.14,50.16,35.53,22.62,6.34,12.64,26.0,47.8,27.1,73.7,29.8,54.3,50.9,1547.3
159.45,142.35,117.18,60.03,2.32,15.76,36.0,26.3,62.4,36.64,39.4,72.8,50.6,391.4
168.92,150.27,126.55,63.22,3.08,15.05,32.0,24.7,66.3,33.43,30.1,54.9,14.6,370.2
67.22,51.18,36.29,22.7,4.82,12.2,30.0,46.3,26.3,73.5,32.0,68.0,34.9,1407.4
92.14,71.26,50.5,31.94,5.76,15.88,30.0,45.5,36.1,64.64,25.6,52.0,36.8,1140.1
120.38,104.09,78.6,44.94,2.36,16.76,36.0,34.1,47.1,51.68,26.3,35.8,36.5,799.3
170.69,156.89,132.25,65.26,0.99,14.74,38.0,22.7,67.1,31.28,27.8,62.7,52.0,365.5
114.06,94.56,73.61,41.5,4.55,14.96,32.0,34.9,44.7,54.97,21.8,69.9,16.8,806.2
61.67,45.63,30.63,20.19,4.99,12.51,30.0,49.8,24.3,76.02,29.9,57.5,44.2,1721.0
206.23,194.52,170.33,78.97,0.12,13.64,42.0,17.6,80.8,17.65,28.9,69.9,16.1,168.2
52.77,38.15,25.43,16.59,4.84,11.09,28.0,52.9,20.8,79.56,25.5,72.6,15.4,1943.8
96.89,78.2,57.34,34.62,4.54,15.3,32.0,41.2,38.0,61.83,24.3,56.5,54.7,1094.0
153.27,135.35,114.01,57.5,3.28,13.96,32.0,25.5,60.0,38.92,26.5,64.1,53.0,491.1
204.23,192.32,170.79,78.25,0.61,12.36,38.0,16.1,80.0,18.07,36.0,63.5,23.8,158.4
227.59,219.32,199.48,87.68,-0.49,10.76,42.0,12.5,89.4,8.56,27.7,29.7,5.2,75.8
64.71,46.83,31.74,20.97,5.86,12.87,28.0,50.6,25.5,75.32,37.5,62.9,32.0,1459.7
85.19,63.46,47.35,28.79,7.0,13.53,26.0,44.7,33.3,67.68,33.6,50.0,20.6,1141.6
176.57,162.62,136.87,67.4,0.85,15.24,40.0,22.7,69.4,29.27,32.8,60.4,29.1,313.6
102.88,84.6,62.4,37.23,4.04,15.8,34.0,40.0,40.4,59.27,28.9,66.7,41.3,900.1
149.96,133.13,109.4,56.49,2.5,15.14,36.0,27.5,58.8,40.03,24.2,60.0,53.4,511.0
163.01,145.98,121.4,61.42,2.35,15.36,36.0,25.9,63.9,35.21,30.3,57.6,33.9,405.8
103.89,86.9,65.27,38.06,3.49,15.19,34.0,37.6,40.8,58.35,34.0,66.0,17.5,815.7
143.94,126.23,103.02,53.9,3.01,15.14,34.0,28.6,56.5,42.62,34.3,73.9,58.8,506.4
230.32,221.29,201.71,88.44,-0.18,10.71,40.0,12.2,90.2,7.78,26.2,36.3,10.3,68.0
236.95,229.03,211.17,91.13,-0.3,9.66,42.0,11.0,92.9,4.98,27.8,75.3,44.7,31.1
238.81,232.56,214.11,92.22,-0.98,9.72,46.0,10.6,93.7,4.12,27.3,47.1,8.6,24.1
148.24,129.7,106.28,55.33,3.28,15.3,34.0,28.2,58.0,41.25,28.0,34.1,48.6,571.8
246.8,242.03,220.52,95.35,-1.99,10.95,48.0,10.6,96.9,3.23,22.4,50.5,36.2,0.0
99.36,81.98,59.01,36.02,3.58,16.19,34.0,40.4,38.8,60.49,25.5,54.1,6.6,971.2
155.58,140.3,115.39,59.08,1.64,15.4,36.0,26.3,61.2,37.49,25.5,56.9,17.0,456.4
56.87,41.44,26.62,18.19,4.85,12.47,28.0,52.5,22.4,78.01,24.4,55.5,25.4,1930.7
139.18,120.28,94.88,51.64,3.27,16.66,34.0,31.8,54.5,45.1,25.1,52.2,38.9,617.6
54.97,39.47,27.54,17.34,5.35,10.69,24.0,49.0,21.6,78.83,31.5,57.7,28.4,1848.8
61.35,46.46,30.91,20.41,4.3,12.6,30.0,49.0,23.9,75.77,24.5,25.0,43.7,1970.7
224.63,214.99,197.75,86.31,0.41,9.69,38.0,12.2,88.2,9.71,28.4,54.6,27.7,82.4
95.89,76.45,55.89,33.98,4.97,15.31,30.0,41.6,37.6,62.5,30.2,46.5,38.3,1034.2
222.75,213.71,192.92,85.73,-0.36,11.38,42.0,13.3,87.5,10.58,29.9,50.7,40.2,93.7
244.66,239.23,220.66,94.49,-1.29,9.63,46.0,9.8,96.1,2.43,29.1,64.0,26.0,0.0
53.45,37.09,27.33,16.4,6.18,9.53,24.0,49.0,20.8,79.8,24.7,55.2,12.3,1984.2
74.25,54.89,38.21,24.73,6.08,13.79,28.0,48.6,29.0,71.65,25.4,45.0,29.9,1468.3
168.0,155.6,130.96,64.65,0.44,14.57,40.0,22.0,65.9,31.84,33.9,33.3,44.9,372.7
60.02,44.43,30.9,19.61,5.0,11.53,26.0,48.2,23.5,76.56,26.5,50.0,4.3,1747.3
124.1,104.92,82.92,45.64,4.09,15.21,32.0,32.9,48.6,50.87,21.5,35.2,21.0,782.7
91.92,73.1,51.35,32.46,4.62,16.03,32.0,44.7,36.1,64.06,37.8,62.0,22.9,964.9
77.18,59.52,40.54,26.52,4.81,14.7,32.0,46.7,30.2,69.85,32.5,42.0,13.7,1314.6
208.05,197.37,176.83,80.0,0.3,11.64,38.0,14.9,81.6,16.22,31.4,49.0,21.9,154.3
184.06,171.19,147.24,70.53,0.66,14.02,38.0,20.0,72.2,25.96,23.7,75.8,26.8,267.4
77.39,59.6,41.18,26.58,4.94,14.38,32.0,46.7,30.2,69.77,26.1,64.6,7.4,1285.1
55.41,41.31,29.29,18.02,4.56,10.39,28.0,47.5,21.6,78.1,22.5,41.2,26.1,1994.8
119.81,103.96,79.86,44.87,2.36,15.92,36.0,33.3,47.1,51.63,34.2,48.0,13.4,702.6
199.51,186.24,165.86,76.18,1.31,12.02,36.0,16.9,78.4,20.07,38.1,34.3,22.2,195.2
117.05,97.53,78.99,42.76,4.85,13.51,30.0,32.5,45.9,53.61,31.7,76.4,48.7,714.7
91.24,71.96,51.38,32.05,5.01,15.46,32.0,43.9,35.7,64.43,23.7,72.8,45.2,1104.2
57.16,40.46,28.51,17.96,5.91,10.9,24.0,49.0,22.4,78.25,31.6,54.8,47.7,1849.0
230.11,221.69,200.48,88.5,-0.66,11.44,44.0,12.9,90.2,7.97,27.6,60.9,19.2,70.7
103.1,87.56,63.4,38.13,2.47,16.4,38.0,38.8,40.4,58.37,25.9,51.4,42.7,959.1
76.39,57.86,39.4,25.9,5.35,14.61,30.0,48.6,29.8,70.49,37.7,38.2,33.4,1308.3
61.51,44.59,29.2,19.82,5.42,12.98,30.0,53.3,24.3,76.44,34.0,45.8,53.5,1810.5
94.61,76.9,55.5,33.96,4.05,15.5,32.0,41.2,37.3,62.48,21.7,73.4,18.0,998.2
64.35,47.98,34.25,21.32,5.24,11.66,28.0,47.1,25.1,74.88,24.6,63.9,24.4,1593.5
98.85,81.15,59.19,35.73,3.88,15.68,34.0,40.4,38.8,60.73,26.1,59.6,22.3,969.0
169.41,155.84,130.37,64.83,0.77,15.16,40.0,23.1,66.3,31.77,31.4,63.1,47.4,353.7
226.44,217.98,197.02,87.2,-0.6,11.35,44.0,12.9,88.6,9.17,29.9,49.5,38.1,78.4
160.53,148.01,122.34,61.76,0.37,15.27,40.0,24.3,63.1,34.81,27.7,56.6,54.5,433.2
122.76,102.58,81.06,44.81,4.63,15.17,32.0,34.1,48.2,51.73,29.5,69.1,44.8,692.6
54.52,39.26,25.85,17.18,5.03,11.61,26.0,52.5,21.6,78.99,29.1,66.0,48.9,1938.8
128.06,108.5,84.98,47.08,3.98,16.04,34.0,33.7,50.2,49.55,35.6,53.8,43.4,654.2
224.45,215.5,195.66,86.38,-0.25,10.88,40.0,12.5,87.8,9.83,31.5,51.4,59.2,97.2
57.2,43.16,29.92,18.84,4.3,11.1,28.0,47.5,22.4,77.28,27.9,39.5,54.1,1992.8
199.91,187.32,165.67,76.49,0.86,12.57,38.0,16.9,78.4,19.84,30.6,54.9,7.1,194.3
219.01,211.61,188.59,84.8,-1.3,12.31,46.0,13.7,85.9,11.82,24.8,56.8,57.8,116.0
83.02,64.91,46.37,28.93,4.92,14.3,30.0,44.7,32.5,67.42,27.3,40.5,14.1,1258.8
141.16,123.56,99.36,52.83,2.85,15.73,36.0,29.8,55.3,43.75,18.6,52.2,35.5,611.5
68.81,49.98,36.86,22.55,6.47,11.66,24.0,46.3,27.1,73.74,22.3,54.6,48.8,1612.4
131.3,113.06,89.08,48.76,3.29,15.97,34.0,32.2,51.4,47.83,27.5,44.8,18.9,647.2
243.79,241.04,220.66,94.88,-2.51,10.17,52.0,9.4,95.7,3.42,22.1,71.3,57.4,0.0
68.51,52.26,37.5,23.21,4.91,12.11,28.0,45.1,27.1,72.99,28.2,55.6,45.0,1526.8
200.64,187.5,168.32,76.65,1.45,11.38,34.0,16.5,78.8,19.52,19.0,44.9,46.4,219.9
111.69,92.22,71.07,40.53,4.56,15.14,30.0,36.5,43.9,55.96,20.2,52.6,21.0,872.5
58.58,42.48,29.97,18.8,5.46,11.05,24.0,49.0,23.1,77.39,23.8,57.5,34.5,1856.4
160.21,142.57,116.88,60.15,2.46,16.11,36.0,27.1,62.7,36.6,25.6,46.3,48.6,458.5
86.83,66.24,48.37,29.81,6.15,14.28,28.0,44.7,34.1,66.64,24.9,59.3,1.4,1208.0
204.42,191.91,169.73,78.14,0.73,12.77,38.0,16.9,80.0,18.26,32.2,75.5,51.2,170.8
175.33,164.1,138.64,67.72,-0.17,14.69,42.0,20.4,68.6,28.85,26.1,62.5,40.9,322.1
52.53,40.25,26.6,17.25,3.43,11.15,30.0,49.0,20.8,78.83,30.5,72.5,46.2,1909.8
62.55,42.03,30.63,19.21,7.85,11.24,20.0,51.0,24.7,77.17,29.2,72.1,36.5,1640.4
205.38,194.38,171.18,78.89,0.0,13.06,40.0,16.5,80.4,17.59,30.9,78.6,51.5,159.3
136.57,117.56,94.83,50.64,3.73,15.27,32.0,30.6,53.7,45.91,22.0,59.8,48.1,628.6
136.64,116.55,92.07,50.31,3.95,16.43,34.0,32.9,53.7,46.42,29.9,51.7,30.7,602.5
118.06,99.82,76.31,43.45,3.55,16.07,34.0,35.7,46.3,53.11,28.4,60.6,58.4,777.3
58.04,40.55,27.83,18.09,6.22,11.55,26.0,51.8,22.7,78.16,31.9,35.7,5.0,1852.6
114.09,93.65,69.98,41.17,4.62,16.7,32.0,38.4,44.7,55.52,25.8,50.3,17.0,844.0
227.8,218.72,200.27,87.56,0.02,10.18,40.0,12.2,89.4,8.54,28.5,56.5,42.6,75.6
194.5,183.2,158.96,74.82,-0.01,13.78,40.0,18.4,76.5,21.72,35.1,57.4,33.1,212.2
57.02,43.59,26.74,18.88,3.49,13.29,34.0,52.5,22.4,77.3,25.8,49.5,36.5,1888.1
111.89,93.25,71.42,40.85,4.08,15.37,32.0,36.5,43.9,55.63,28.7,68.8,13.6,781.1
67.48,49.12,34.97,22.08,6.13,12.26,26.0,47.8,26.3,74.21,32.0,58.3,19.8,1507.7
166.76,148.49,125.72,62.53,3.09,14.52,32.0,24.7,65.5,34.02,33.0,33.3,36.7,411.4
201.74,190.44,164.03,77.41,-0.36,14.77,42.0,18.8,79.2,19.48,24.2,62.5,18.1,193.1
72.55,55.18,39.67,24.64,5.26,12.68,28.0,45.1,28.6,71.61,27.5,59.9,47.4,1432.5
219.48,211.14,189.86,84.74,-0.69,11.57,44.0,13.3,85.9,11.61,15.5,62.1,3.9,116.9
244.43,239.51,222.62,94.59,-1.19,8.75,48.0,8.6,95.7,2.22,27.3,65.5,33.3,0.0
244.19,240.47,223.66,94.83,-1.6,8.56,48.0,8.2,95.7,2.44,27.8,42.4,22.1,0.0
109.76,87.23,67.78,38.84,6.26,14.82,28.0,38.0,43.1,57.74,20.8,54.5,24.2,915.7
103.3,84.41,63.09,37.24,4.43,15.39,32.0,38.8,40.4,59.24,33.7,52.8,8.8,891.6
56.76,42.02,28.65,18.4,4.67,11.37,28.0,49.0,22.4,77.75,22.6,66.9,22.7,1814.5
83.61,62.33,46.58,28.25,6.87,13.27,24.0,43.9,32.9,68.18,21.7,50.7,5.7,1279.5
124.99,106.47,83.87,46.18,3.7,15.41,32.0,32.9,49.0,50.33,27.7,61.2,32.3,677.5
204.14,188.62,166.35,77.19,1.85,13.25,36.0,18.8,80.0,19.33,28.8,52.7,17.5,190.8
181.1,168.65,143.92,69.54,0.39,14.41,40.0,20.4,71.0,27.01,45.0,60.1,28.1,253.4
54.84,38.03,26.92,16.87,6.19,10.48,24.0,51.0,21.6,79.35,25.6,74.3,21.6,1888.0
59.39,43.16,29.14,19.1,5.3,12.02,28.0,51.0,23.1,77.11,34.7,56.6,22.3,1674.8
245.42,240.03,222.86,94.8,-1.08,8.93,46.0,9.0,96.1,1.99,21.1,53.9,54.2,0.0
79.43,61.1,42.83,27.31,5.17,14.32,30.0,45.5,31.0,69.05,31.6,57.0,21.0,1224.7
188.55,175.84,151.91,72.24,0.59,13.91,38.0,19.6,74.1,24.26,25.3,73.5,34.9,249.8
82.45,64.4,44.37,28.67,4.71,15.21,32.0,46.3,32.2,67.75,27.0,59.1,29.3,1216.9
186.18,175.66,149.49,71.94,-0.58,14.78,44.0,20.0,72.9,24.77,31.9,44.1,47.2,269.9
124.89,107.72,84.49,46.54,3.01,15.52,36.0,32.9,49.0,49.95,24.2,70.1,33.4,681.2
55.45,42.73,28.61,18.45,3.52,11.44,32.0,47.5,21.6,77.65,32.1,61.5,23.4,1764.8
226.6,217.9,197.19,87.19,-0.47,11.26,42.0,13.3,89.0,9.15,24.2,55.5,3.0,77.9
132.13,115.29,90.95,49.49,2.61,15.9,36.0,31.0,51.8,47.07,19.9,36.2,54.0,739.2
85.22,67.87,47.7,30.09,4.26,15.04,32.0,43.5,33.3,66.29,31.2,52.8,33.0,1139.8
109.75,91.46,70.05,40.09,4.01,15.13,32.0,36.5,43.1,56.35,33.1,50.9,44.5,840.7
183.82,167.83,145.37,69.59,2.1,13.72,36.0,21.2,72.2,26.88,37.2,55.5,28.2,267.4
168.4,153.21,127.08,63.96,1.33,15.78,38.0,24.3,65.9,32.76,15.1,41.5,12.0,434.5
176.78,161.49,139.3,67.17,1.91,13.58,34.0,21.6,69.4,29.23,22.7,49.3,43.2,350.8
119.33,100.09,75.27,43.64,3.81,16.96,34.0,36.9,46.7,53.06,24.0,71.7,55.1,790.5
55.74,41.2,29.19,18.02,4.79,10.48,26.0,48.2,22.0,78.11,31.1,60.1,38.9,1829.7
184.92,168.6,145.76,69.89,2.17,13.94,36.0,21.2,72.5,26.63,30.6,61.8,36.6,272.2
122.05,103.79,82.7,45.11,3.84,14.59,32.0,32.2,47.8,51.3,39.9,52.0,29.4,654.6
225.21,213.5,195.06,85.92,0.97,10.56,38.0,13.3,88.2,10.21,28.2,36.3,11.6,95.6
68.16,51.99,35.36,23.05,4.62,13.29,30.0,48.6,26.7,73.19,37.8,44.8,23.9,1421.8
166.31,149.37,125.38,62.71,2.37,14.97,36.0,24.7,65.1,33.87,26.7,55.6,55.1,409.2
243.52,239.43,221.79,94.48,-1.61,9.01,46.0,9.0,95.7,2.6,27.3,54.5,10.5,0.0
98.6,80.05,57.77,35.36,4.25,16.04,32.0,41.6,38.8,61.16,23.3,74.6,30.6,951.9
212.08,205.45,183.03,82.54,-1.48,11.98,46.0,13.7,83.1,13.93,27.1,43.8,32.4,138.5
192.17,180.98,157.05,74.0,-0.0,13.64,42.0,18.0,75.3,22.49,35.3,71.7,33.2,211.0
72.33,54.83,36.29,24.44,4.94,14.6,32.0,50.2,28.2,71.92,41.7,50.6,22.4,1314.7
132.15,113.97,91.05,49.13,3.4,15.34,34.0,31.0,51.8,47.39,25.3,42.6,14.6,665.8
242.85,237.95,218.43,93.98,-1.63,10.03,48.0,10.2,95.3,3.11,17.8,70.4,24.1,10.9
245.23,239.47,220.12,94.58,-1.3,10.04,46.0,10.2,96.1,2.52,16.3,55.7,16.8,0.0
56.81,39.99,27.04,17.74,5.86,11.6,26.0,52.5,22.4,78.49,31.7,48.2,32.4,1885.7
237.53,230.92,209.4,91.61,-1.35,11.28,46.0,12.2,93.3,5.28,25.6,60.6,14.0,33.5
59.02,43.1,29.89,19.05,5.26,11.44,26.0,49.0,23.1,77.14,23.2,52.5,54.9,1883.5
180.1,163.45,140.89,68.01,2.37,13.93,34.0,21.6,70.6,28.48,27.6,45.5,38.4,327.3
154.99,137.01,114.55,58.12,3.12,14.54,34.0,25.9,60.8,38.37,29.1,38.2,1.5,476.3
167.96,153.34,129.53,64.01,1.46,14.47,36.0,22.7,65.9,32.47,20.6,55.2,10.5,389.3
224.97,214.97,195.99,86.29,0.27,10.59,40.0,12.9,88.2,9.84,36.5,37.2,26.9,79.8
154.42,139.23,111.76,58.61,1.24,16.79,38.0,27.5,60.4,38.2,15.0,57.9,18.7,504.6
190.67,179.84,156.24,73.56,-0.09,13.44,42.0,18.4,74.9,22.88,20.7,52.3,34.9,253.5
80.18,60.66,42.9,27.26,5.83,14.24,30.0,46.3,31.4,69.15,31.0,57.4,46.3,1272.6
55.67,37.8,23.6,16.84,6.35,12.73,26.0,57.3,22.0,79.46,33.8,46.4,41.4,1947.5
162.82,146.93,123.56,61.7,2.07,14.53,36.0,23.9,63.9,34.78,33.9,56.3,25.6,382.1
88.2,69.16,48.46,30.83,4.96,15.6,32.0,45.5,34.5,65.66,21.9,53.7,42.4,1245.9
160.9,145.12,122.1,61.01,2.09,14.37,36.0,24.3,63.1,35.44,15.1,41.7,34.8,486.1
66.89,50.57,33.49,22.42,4.68,13.66,32.0,50.6,26.3,73.85,24.8,47.3,16.0,1613.8
116.11,97.57,74.51,42.58,3.78,15.93,34.0,35.3,45.5,53.97,28.7,60.3,3.4,763.4
103.25,81.48,62.1,36.37,6.07,14.84,28.0,40.0,40.4,60.17,30.1,47.4,25.9,937.6
205.74,190.54,171.62,77.94,2.24,11.48,34.0,16.5,80.8,18.31,15.0,48.1,22.7,193.1
71.94,52.78,37.45,23.8,6.24,13.0,28.0,48.6,28.2,72.54,29.9,60.6,28.6,1373.7
66.9,50.14,33.7,22.29,5.0,13.36,30.0,49.4,26.3,73.98,21.1,32.8,40.5,1771.9
142.55,124.9,100.01,53.34,2.76,16.08,34.0,30.2,56.1,43.3,18.2,66.2,23.1,573.3
200.88,185.62,165.05,76.12,2.02,12.39,34.0,18.0,78.8,20.22,17.9,45.4,19.7,223.4
180.09,166.22,140.52,68.74,0.81,15.14,38.0,21.6,70.6,27.94,28.9,66.5,38.9,294.6
107.02,90.57,66.19,39.46,2.8,16.57,36.0,38.4,42.0,57.09,15.0,59.5,26.7,952.0
100.73,80.43,63.31,35.82,5.74,13.3,26.0,37.6,39.6,60.56,30.3,62.1,50.0,940.5
243.55,239.79,221.02,94.56,-1.9,9.52,50.0,9.4,95.7,2.85,30.3,60.4,51.5,0.0
239.53,231.88,212.44,92.07,-0.66,10.38,42.0,11.8,94.1,4.32,25.8,50.2,26.9,29.3
245.15,240.73,222.78,94.95,-1.54,9.19,50.0,9.0,96.1,2.3,32.2,60.7,6.4,0.0
119.05,100.0,76.12,43.6,3.85,16.4,34.0,36.1,46.7,53.03,28.9,52.4,35.4,762.4
196.92,185.9,164.45,75.84,0.31,12.28,40.0,16.9,77.3,20.43,23.6,50.8,54.3,229.1
58.95,42.27,28.39,18.75,5.58,12.06,28.0,52.5,23.1,77.48,31.0,23.8,34.4,1945.7
146.27,128.27,103.95,54.7,2.95,15.74,34.0,28.6,57.3,41.92,27.4,54.7,43.9,546.3
175.57,160.44,140.55,66.81,2.21,12.37,32.0,20.0,69.0,29.43,18.2,68.4,57.2,353.3
138.15,118.69,96.17,51.13,3.93,15.2,32.0,30.6,54.1,45.43,22.7,68.8,46.0,601.6
63.78,49.47,33.15,21.69,3.81,12.86,30.0,48.6,25.1,74.48,22.0,50.3,51.0,1748.5
196.47,181.01,157.92,74.39,1.74,13.77,36.0,19.2,76.9,22.16,25.0,64.0,38.5,231.3
60.77,46.26,31.29,20.28,4.2,12.17,30.0,49.0,23.9,75.88,25.8,69.2,48.4,1716.8
144.07,126.62,101.77,54.0,2.66,15.99,36.0,29.0,56.5,42.63,26.6,71.5,56.8,544.7
189.73,177.96,151.45,72.88,-0.17,15.08,42.0,20.4,74.5,23.92,28.0,58.7,19.8,245.1
228.64,219.39,198.18,87.75,-0.36,11.56,40.0,13.7,89.8,8.68,25.9,49.2,19.7,76.5
199.51,189.53,168.02,77.08,-0.09,12.13,42.0,16.1,78.4,19.19,29.3,50.8,12.0,193.7
57.46,42.97,30.51,18.82,4.64,10.69,28.0,45.5,22.4,77.31,15.9,71.5,16.4,1779.9
89.25,70.71,51.29,31.46,4.85,14.68,32.0,42.7,34.9,64.94,27.6,62.6,36.4,1094.3
53.5,40.31,25.95,17.38,3.8,11.78,32.0,51.0,20.8,78.74,23.7,65.8,33.3,1971.1
246.82,241.45,221.2,95.22,-1.58,10.42,46.0,10.6,96.9,2.64,24.2,66.1,15.3,0.0
112.69,93.23,71.39,40.93,4.44,15.5,32.0,37.3,44.3,55.59,28.1,39.6,2.0,846.8
184.23,172.54,149.37,70.95,0.33,13.43,42.0,19.2,72.2,25.44,30.9,53.6,5.9,264.3
211.84,203.1,181.52,81.89,-0.58,11.85,42.0,14.1,83.1,14.44,29.4,45.6,17.1,138.6
126.95,106.58,83.75,46.41,4.46,15.83,32.0,33.7,49.8,50.21,33.2,47.7,13.9,671.1
160.37,139.8,116.46,59.42,4.01,15.33,32.0,27.5,62.7,37.29,15.0,51.4,23.6,491.9
57.05,40.95,26.77,18.06,5.3,12.21,28.0,52.5,22.4,78.15,23.0,48.2,37.8,1945.4
130.11,113.13,89.98,48.68,2.87,15.31,34.0,30.6,51.0,47.8,35.2,68.5,31.0,580.0
206.26,193.43,168.7,78.66,0.46,14.08,38.0,18.0,80.8,18.07,16.6,51.1,58.8,209.2
215.68,202.5,183.38,82.09,1.42,11.19,34.0,15.3,84.7,14.11,26.4,53.5,49.0,139.2
194.68,179.22,158.64,73.79,2.13,12.5,34.0,18.4,76.5,22.54,25.6,54.7,41.9,237.2
214.11,204.43,183.55,82.46,-0.13,11.61,40.0,14.1,83.9,13.8,15.0,52.3,13.7,139.5
242.29,238.1,219.33,94.0,-1.75,9.58,50.0,9.4,94.9,3.07,29.0,30.6,15.8,9.5
61.66,45.83,31.97,20.28,5.02,11.73,28.0,48.2,24.3,75.9,25.0,31.8,53.3,1929.2
244.95,241.07,221.56,94.99,-1.98,9.88,50.0,9.4,96.1,2.82,27.8,61.6,56.5,0.0
172.89,151.86,129.28,64.06,4.17,14.76,32.0,25.5,67.8,32.66,26.7,67.7,31.1,357.9
62.73,44.74,34.23,20.13,6.61,10.03,22.0,45.9,24.7,76.12,29.9,58.2,1.8,1606.5
171.47,154.51,132.57,64.7,2.65,13.79,34.0,22.4,67.1,31.74,26.8,62.2,24.5,344.4
138.24,123.11,96.4,52.36,1.47,16.75,38.0,30.6,54.1,44.33,25.8,69.1,56.9,590.0
201.53,192.47,167.77,78.0,-0.94,13.59,42.0,16.9,79.2,18.63,31.1,66.6,9.0,171.6
76.95,58.64,43.1,26.28,5.6,12.74,28.0,44.3,30.2,70.01,30.2,56.4,2.5,1265.2
86.5,68.91,48.09,30.55,4.27,15.43,34.0,44.3,33.7,65.87,24.5,22.0,58.0,1399.2
94.32,75.93,54.84,33.63,4.43,15.46,32.0,41.6,36.9,62.83,33.5,56.8,42.9,1012.1
113.34,94.47,72.86,41.38,4.19,15.24,32.0,35.3,44.3,55.1,34.3,49.8,15.5,783.7
244.72,240.01,219.31,94.66,-1.88,10.57,48.0,10.6,96.1,3.15,21.5,39.3,22.5,0.0
66.23,48.82,31.02,21.75,5.2,14.4,30.0,52.9,25.9,74.59,27.0,46.0,5.9,1637.9
114.14,96.85,73.9,42.16,3.26,15.69,34.0,34.9,44.7,54.32,31.2,62.6,13.3,738.8
54.51,38.89,25.86,17.07,5.29,11.45,26.0,52.5,21.6,79.11,28.9,55.2,54.6,1964.5
212.63,204.63,181.95,82.35,-1.03,12.3,44.0,14.5,83.5,14.13,26.0,40.3,53.0,147.1
88.46,70.35,49.76,31.23,4.5,15.33,32.0,43.1,34.5,65.2,33.8,52.7,8.5,1077.4
178.63,162.49,140.78,67.63,2.31,13.43,34.0,21.2,70.2,28.77,30.9,45.2,27.5,320.7
234.42,230.45,210.55,91.27,-2.01,10.17,50.0,9.8,91.8,5.48,21.7,37.3,13.4,38.8
126.47,107.1,86.11,46.55,4.28,14.62,32.0,31.8,49.4,49.91,25.4,50.4,11.2,695.7
237.15,228.16,208.7,90.87,-0.19,10.58,40.0,11.8,92.9,5.41,26.8,79.5,3.6,35.5
198.54,191.09,167.51,77.4,-1.36,12.84,44.0,15.7,78.0,19.08,32.1,61.9,11.6,177.5
91.78,73.76,54.29,32.7,4.53,14.52,32.0,41.2,36.1,63.67,27.1,34.7,36.5,1147.4
65.81,50.11,32.9,22.13,4.37,13.64,30.0,49.8,25.9,74.12,40.5,54.8,56.3,1458.4
103.31,83.12,64.02,36.89,5.35,14.35,30.0,38.0,40.4,59.55,28.1,45.6,42.9,962.5
70.62,53.28,37.19,23.78,5.23,13.11,28.0,47.8,27.8,72.49,24.0,68.1,27.0,1452.5
61.39,43.75,30.93,19.58,6.15,11.5,26.0,49.0,23.9,76.67,27.5,61.3,33.7,1680.0
185.16,168.8,145.62,69.97,2.13,14.12,36.0,21.2,72.5,26.58,28.2,50.0,20.9,289.6
71.93,53.15,34.54,23.85,5.62,14.96,30.0,51.4,28.2,72.58,25.8,35.0,31.3,1560.8
89.48,71.28,52.32,31.67,4.74,14.33,30.0,41.6,34.9,64.69,19.5,79.6,13.7,1087.8
135.63,118.48,95.83,50.82,2.95,14.93,34.0,29.4,53.3,45.63,23.5,74.1,23.5,587.4
84.7,64.11,46.91,28.9,6.3,13.96,26.0,44.7,33.3,67.53,27.3,75.8,41.7,1153.5
68.66,51.18,35.19,22.86,5.38,13.16,28.0,49.4,27.1,73.42,28.0,44.8,32.8,1550.3
106.0,84.96,64.3,37.71,5.48,15.35,30.0,39.6,41.6,58.85,26.0,56.7,55.8,949.7
235.95,229.42,211.44,91.15,-0.81,9.55,44.0,10.6,92.5,5.05,25.2,79.5,7.7,35.8
103.21,82.64,62.3,36.71,5.36,15.16,30.0,40.0,40.4,59.81,34.7,49.6,2.3,890.0
63.15,46.67,33.95,20.77,5.48,11.09,26.0,45.9,24.7,75.42,18.7,59.9,20.8,1698.3
52.54,35.16,25.02,15.63,6.73,10.08,22.0,52.9,20.8,80.62,31.2,68.8,15.0,1960.6
93.58,73.79,53.71,32.9,5.26,15.18,30.0,42.7,36.9,63.58,25.3,43.8,47.2,1157.5
61.97,42.29,29.91,19.2,7.29,11.69,22.0,51.8,24.3,77.15,30.9,58.6,57.0,1751.8
98.05,79.81,55.17,35.18,3.81,17.39,34.0,43.9,38.4,61.49,20.4,58.3,7.5,1038.6
119.38,100.16,76.8,43.69,4.0,16.13,32.0,35.3,46.7,52.91,25.1,59.4,59.7,813.1
209.96,198.47,178.55,80.48,0.69,11.42,36.0,14.9,82.4,15.71,32.9,57.6,4.1,143.3
151.76,133.35,111.3,56.76,3.39,14.46,32.0,27.1,59.6,39.72,36.4,71.6,46.2,445.3
61.32,46.79,32.94,20.55,4.35,11.43,30.0,45.9,23.9,75.59,31.0,58.9,56.4,1687.5
70.04,49.89,34.77,22.64,6.86,13.19,26.0,49.8,27.5,73.75,37.0,63.5,29.8,1378.2
208.14,200.74,175.42,80.85,-1.66,13.59,48.0,15.7,81.6,15.98,35.8,62.4,45.1,143.3
126.73,107.14,85.29,46.58,4.25,15.14,32.0,32.9,49.8,49.94,26.9,54.2,7.2,688.6
240.19,235.08,216.18,93.01,-1.46,9.78,48.0,10.2,94.1,3.66,45.0,63.3,1.5,13.4
79.27,63.55,43.92,28.04,3.67,14.6,34.0,44.3,31.0,68.26,27.9,76.3,42.6,1205.8
57.01,41.71,28.97,18.34,5.05,11.07,28.0,49.0,22.4,77.82,18.5,63.5,40.4,1949.3
138.19,117.95,93.98,50.89,4.06,16.14,32.0,31.8,54.1,45.81,25.2,45.0,13.1,618.0
82.91,66.04,45.11,29.23,3.99,15.48,34.0,45.9,32.5,67.17,32.2,58.0,33.1,1156.3
171.54,156.88,131.8,65.32,1.26,15.09,38.0,23.1,67.5,31.29,34.9,70.8,48.3,325.8
227.35,218.84,199.93,87.55,-0.25,10.34,42.0,11.8,89.0,8.59,22.7,62.7,41.4,79.3
115.36,97.53,75.05,42.5,3.55,15.49,34.0,34.9,45.1,53.98,31.1,67.7,40.6,741.6
241.46,235.08,219.22,93.18,-0.53,8.45,44.0,9.0,94.5,3.05,26.7,60.3,4.0,12.8
105.95,86.53,64.65,38.16,4.55,15.73,32.0,38.8,41.6,58.37,29.9,42.8,40.8,927.5
234.6,225.76,204.66,89.97,-0.49,11.39,42.0,12.9,92.2,6.56,36.7,41.1,33.7,47.8
110.22,91.24,69.72,40.07,4.31,15.31,32.0,36.5,43.1,56.41,20.5,50.1,33.4,907.5
152.69,133.46,107.47,56.8,3.15,16.71,34.0,30.2,60.0,40.04,21.2,46.8,25.1,528.4
87.68,64.58,48.26,29.43,7.58,13.87,26.0,45.5,34.5,67.12,30.3,61.5,23.8,1132.5
244.24,241.43,221.23,95.02,-2.46,10.09,52.0,9.4,95.7,3.3,29.1,62.2,27.4,0.0
227.51,217.08,199.38,87.1,0.62,9.99,38.0,12.5,89.4,8.96,28.9,39.5,47.9,78.8
243.51,236.93,221.47,93.85,-0.39,8.27,42.0,9.4,95.7,2.44,23.5,70.4,12.1,6.2
163.51,148.8,123.51,62.27,1.3,15.36,38.0,24.3,64.3,34.33,28.0,53.2,18.4,396.6
100.87,81.32,63.81,36.1,5.33,13.37,28.0,36.5,39.6,60.25,21.9,65.0,17.5,955.0
82.09,64.68,46.57,28.76,4.65,13.92,30.0,42.7,32.2,67.55,33.0,49.9,14.8,1177.0
159.77,143.03,119.78,60.3,2.45,14.67,34.0,25.1,62.7,36.2,27.5,58.0,46.0,435.0
83.9,66.32,46.34,29.45,4.45,15.02,32.0,45.1,32.9,66.94,30.3,57.4,19.2,1169.8
69.06,54.79,36.89,24.04,3.43,13.62,34.0,46.3,27.1,72.17,25.7,57.7,7.5,1463.8
237.05,231.26,212.86,91.73,-1.14,9.65,46.0,10.2,92.9,4.62,24.3,53.0,5.7,31.4
84.36,65.25,46.76,29.19,5.39,14.43,30.0,43.9,32.9,67.21,23.9,57.3,39.8,1245.7
70.51,53.94,37.3,23.96,4.76,13.29,30.0,47.8,27.8,72.29,28.2,58.1,22.3,1429.1
77.63,58.59,41.64,26.32,5.76,13.74,28.0,46.3,30.6,70.04,30.5,85.0,47.8,1211.8
152.35,135.43,112.48,57.4,2.63,14.68,34.0,26.3,59.6,39.07,31.9,59.9,33.5,454.9
59.21,42.03,30.78,18.77,6.2,10.47,24.0,47.5,23.1,77.45,32.6,42.9,13.2,1793.0
62.73,45.72,30.74,20.35,5.48,12.67,28.0,51.0,24.7,75.9,25.7,57.1,54.9,1760.5
146.08,126.67,104.49,54.26,3.86,14.82,32.0,28.6,57.3,42.28,25.6,68.3,41.2,524.8
129.25,112.33,89.72,48.36,2.93,15.02,34.0,30.2,50.6,48.08,20.2,62.5,32.2,671.4
60.52,47.6,31.65,20.68,3.22,12.45,34.0,47.5,23.9,75.45,23.6,47.7,33.5,1766.9
244.18,240.75,221.71,94.86,-2.06,9.6,52.0,9.0,95.7,2.87,31.8,53.3,50.2,0.0
248.12,242.96,224.04,95.76,-1.44,9.73,48.0,9.8,97.3,2.09,29.3,45.7,56.0,0.0
65.56,50.69,34.78,22.32,4.11,12.65,30.0,47.1,25.9,73.86,35.0,54.0,11.8,1467.7
152.57,131.79,110.17,56.39,4.44,14.6,30.0,28.2,60.0,40.2,27.8,40.3,33.5,509.9
205.84,192.59,170.83,78.46,1.06,12.64,38.0,16.9,80.8,17.92,23.4,37.9,47.7,195.4
245.09,239.22,221.73,94.55,-0.96,9.15,44.0,9.4,96.1,2.06,15.0,28.8,52.2,0.0
169.85,154.35,131.36,64.49,1.92,14.15,36.0,23.1,66.7,31.96,32.8,48.8,47.8,364.2
58.42,40.91,28.55,18.27,6.25,11.31,24.0,49.8,22.7,77.98,22.6,60.4,2.3,1894.7
125.96,110.02,88.72,47.37,2.73,14.2,34.0,29.4,49.4,48.96,18.1,49.4,1.1,725.7
194.06,180.08,157.65,73.94,1.28,13.25,36.0,18.4,76.1,22.48,23.7,52.4,31.9,244.9
179.43,163.76,139.75,68.01,1.77,14.54,36.0,22.0,70.2,28.56,26.0,46.1,39.3,328.7
56.52,39.13,27.29,17.44,6.34,11.02,24.0,52.5,22.4,78.8,30.7,41.3,40.1,1994.1
53.58,37.44,25.85,16.49,5.8,10.68,24.0,51.8,21.2,79.7,29.0,63.9,38.9,1990.8
208.22,199.21,175.63,80.46,-0.79,12.93,44.0,15.3,81.6,16.08,31.8,45.7,43.9,159.4
52.01,38.39,24.59,16.55,4.17,11.59,28.0,51.8,20.4,79.58,33.6,60.1,18.8,1956.0
139.04,119.81,96.12,51.53,3.66,15.78,34.0,31.0,54.5,45.09,30.9,55.6,38.6,578.8
166.45,147.46,126.45,62.24,3.64,13.71,32.0,23.9,65.1,34.23,24.1,52.9,17.8,405.2
181.08,167.08,143.43,69.11,1.16,14.07,38.0,21.2,71.0,27.37,27.5,43.2,15.6,310.6
51.68,35.39,23.23,15.54,5.89,11.19,24.0,55.7,20.4,80.67,35.7,63.7,21.3,1953.0
57.91,40.9,29.35,18.21,6.11,10.67,24.0,49.8,22.7,78.01,30.8,51.7,17.4,1760.0
72.92,54.92,36.39,24.54,5.18,14.68,30.0,50.6,28.6,71.84,25.1,56.8,36.2,1467.5
244.27,240.4,223.92,94.83,-1.49,8.42,48.0,8.2,95.7,2.38,21.6,55.2,44.0,0.0
72.52,56.46,39.03,25.01,4.32,13.58,30.0,46.7,28.6,71.24,29.1,35.4,46.8,1489.3
246.54,239.87,221.62,94.82,-0.81,9.61,44.0,10.2,96.9,1.87,28.5,57.3,49.7,0.0
101.66,82.67,60.5,36.51,4.4,15.97,32.0,41.2,40.0,60.02,24.3,33.2,9.8,1039.5
126.03,106.27,83.29,46.22,4.18,15.82,32.0,34.1,49.4,50.38,26.7,66.8,21.3,676.0
86.65,66.84,48.89,29.98,5.75,14.16,28.0,43.5,34.1,66.43,23.9,37.6,43.4,1279.4
103.42,86.04,61.46,37.69,3.28,16.98,36.0,40.8,40.4,58.92,26.2,40.9,4.3,960.7
119.76,100.24,78.72,43.8,4.38,15.13,30.0,34.1,47.1,52.7,17.1,55.0,30.9,803.9
116.41,94.32,72.76,41.66,5.62,15.74,30.0,37.3,45.5,55.0,25.6,73.6,32.3,779.3
79.03,59.82,43.04,26.88,5.83,13.62,28.0,45.5,31.0,69.48,31.6,63.8,47.3,1257.6
243.82,239.66,223.16,94.59,-1.4,8.47,48.0,8.6,95.7,2.42,39.2,69.5,24.7,0.0
218.96,212.01,188.71,84.9,-1.51,12.39,46.0,13.7,85.9,11.78,36.2,45.7,47.6,109.1
68.24,51.57,36.91,22.96,5.15,12.16,30.0,45.5,26.7,73.26,29.4,51.3,12.4,1476.1
111.41,93.26,69.03,40.75,3.53,16.66,34.0,37.6,43.5,55.86,27.3,49.1,48.1,870.0
214.76,204.55,185.12,82.58,0.29,10.95,40.0,14.1,84.3,13.56,23.1,56.5,45.4,131.2
94.69,77.26,58.11,34.12,4.22,14.11,30.0,38.8,37.3,62.2,17.2,42.9,36.2,1154.3
224.91,217.88,198.89,87.09,-0.79,10.2,44.0,11.4,88.2,9.08,37.2,33.3,39.9,78.1
108.06,88.82,68.01,39.11,4.57,15.01,32.0,36.9,42.4,57.35,31.3,46.4,34.0,859.9
245.49,240.13,221.77,94.81,-1.28,9.51,46.0,9.4,96.1,2.2,26.9,53.3,17.5,0.0
121.32,98.97,80.2,43.64,6.02,14.05,28.0,33.7,47.5,52.89,30.2,64.9,54.7,747.2
111.72,92.59,70.59,40.63,4.28,15.57,32.0,36.5,43.9,55.89,20.6,50.9,19.5,876.0
59.18,42.85,30.27,19.0,5.55,11.13,26.0,49.0,23.1,77.19,28.5,51.1,38.8,1815.9
96.18,75.95,55.13,33.85,5.31,15.62,30.0,42.7,37.6,62.69,35.2,52.7,57.1,1025.2
202.66,193.52,168.98,78.39,-0.88,13.51,44.0,16.9,79.6,18.23,27.0,71.8,39.2,175.2
52.17,39.12,27.74,16.87,4.19,9.86,28.0,46.3,20.4,79.22,29.2,57.6,36.3,1990.3
244.88,240.49,221.62,94.85,-1.7,9.63,46.0,9.4,96.1,2.56,24.8,33.0,24.1,0.0
234.7,228.23,210.33,90.73,-0.82,9.51,44.0,10.6,92.2,5.46,26.5,53.8,57.4,38.7
109.57,91.13,69.02,39.95,3.99,15.57,32.0,37.3,43.1,56.54,21.8,36.3,5.0,936.8
97.24,78.69,57.37,34.81,4.41,15.53,34.0,41.2,38.0,61.66,31.3,62.3,52.6,991.5
246.8,241.28,221.87,95.19,-1.39,10.02,46.0,10.2,96.9,2.3,28.2,64.0,11.1,0.0
181.2,166.64,143.59,69.01,1.47,13.84,38.0,20.4,71.0,27.44,26.9,20.8,3.8,334.1
93.64,75.4,55.3,33.41,4.5,14.87,30.0,41.6,36.9,62.99,35.7,54.7,15.4,966.2
128.17,111.32,87.65,47.93,2.76,15.63,34.0,31.4,50.2,48.58,31.3,43.6,12.1,664.7
196.22,184.12,162.7,75.28,0.72,12.43,38.0,16.9,76.9,21.0,34.4,51.0,49.0,208.4
104.05,83.8,62.45,37.13,5.06,15.66,32.0,40.4,40.8,59.42,34.6,47.8,26.4,890.5
80.84,63.85,44.17,28.32,4.26,14.83,32.0,45.5,31.8,68.03,20.6,48.1,45.1,1378.6
70.97,51.43,34.8,23.22,6.3,13.95,26.0,50.6,27.8,73.18,35.8,71.8,23.4,1347.9
113.25,92.68,72.11,40.85,5.12,14.98,30.0,36.5,44.3,55.67,33.3,63.4,57.6,803.9
243.76,241.07,223.92,94.96,-2.01,8.6,52.0,8.2,95.7,2.75,27.9,58.4,46.1,0.0
85.18,66.71,48.16,29.75,5.04,14.3,30.0,43.5,33.3,66.62,24.9,61.6,18.4,1146.7
126.71,108.36,86.39,46.93,3.68,14.98,32.0,32.2,49.8,49.54,16.2,71.9,39.4,707.7
207.17,197.12,173.67,79.8,-0.39,13.03,42.0,16.1,81.2,16.72,38.8,46.6,22.8,153.8
212.39,205.18,182.04,82.48,-1.39,12.42,46.0,14.1,83.1,14.07,24.2,72.0,24.0,130.9
215.76,207.79,185.09,83.48,-1.04,12.26,44.0,14.5,84.7,13.03,30.4,56.6,43.3,120.5
225.59,218.97,198.59,87.41,-1.16,10.83,44.0,11.8,88.6,8.94,19.8,34.8,45.2,87.0
130.03,112.19,89.9,48.4,3.37,14.98,34.0,30.6,51.0,48.06,27.6,60.3,9.3,637.3
150.43,132.02,107.0,56.18,2.97,16.1,34.0,28.6,58.8,40.52,37.3,38.6,38.9,504.5
245.57,239.59,222.85,94.7,-0.8,8.8,44.0,9.4,96.5,1.85,28.9,71.6,8.0,0.0
224.13,211.45,191.43,85.23,1.07,11.48,36.0,14.9,87.8,11.07,32.5,52.7,18.7,94.4
236.46,230.0,212.54,91.36,-0.75,9.28,44.0,9.8,92.5,4.81,29.9,60.8,18.9,35.5
69.2,53.35,36.76,23.61,4.43,13.14,30.0,46.3,27.1,72.61,25.5,53.9,49.8,1550.2
184.99,171.45,145.61,70.65,0.63,15.08,38.0,21.2,72.5,26.07,26.5,53.8,28.3,280.7
153.16,133.09,108.56,56.76,3.72,16.05,32.0,28.6,60.0,40.0,31.8,34.9,9.2,496.9
61.4,45.63,31.26,20.17,4.93,12.05,30.0,49.0,23.9,76.02,28.7,50.0,59.5,1748.0
106.98,91.44,70.69,39.81,2.88,14.31,34.0,33.7,42.0,56.49,32.4,70.5,55.8,818.8
64.6,43.26,29.21,19.83,7.88,13.06,24.0,55.3,25.5,76.63,34.8,60.6,29.2,1572.0
133.11,113.78,89.56,49.15,3.7,16.24,34.0,32.2,52.2,47.51,33.2,49.8,21.5,611.1
56.34,40.44,29.49,17.87,5.66,10.08,24.0,48.2,22.0,78.31,39.3,54.7,49.3,1763.8
105.01,86.84,64.06,38.14,3.86,16.04,34.0,39.2,41.2,58.38,36.0,32.5,13.2,895.6
110.04,89.42,70.39,39.55,5.42,14.19,28.0,36.5,43.1,56.9,25.4,45.4,40.1,904.6
246.08,238.01,220.35,94.29,-0.23,9.51,42.0,10.6,96.5,1.93,30.7,76.5,23.9,4.0
75.51,56.97,40.46,25.55,5.64,13.44,28.0,47.5,29.8,70.78,32.0,40.1,44.1,1442.7
209.48,201.34,180.71,81.23,-0.65,11.32,42.0,13.3,82.0,15.0,27.4,44.6,22.5,148.8
242.22,241.1,219.94,94.76,-3.2,10.36,58.0,9.0,94.9,4.13,29.0,67.0,37.5,0.0
245.57,240.51,221.8,94.91,-1.44,9.64,48.0,9.8,96.5,2.32,21.0,61.2,57.6,0.0
186.51,170.85,149.61,70.71,2.15,12.99,34.0,19.6,73.3,25.66,22.0,61.8,25.8,276.9
59.38,40.66,27.5,18.3,6.78,12.09,26.0,54.1,23.1,78.01,28.0,49.2,9.6,1827.3
238.63,232.17,210.43,92.03,-1.44,11.35,46.0,12.2,93.7,5.0,26.2,74.4,15.1,30.2
233.5,229.67,206.02,90.91,-2.67,11.99,54.0,11.8,91.4,6.7,15.0,54.1,58.4,49.5
207.06,192.42,173.3,78.57,1.99,11.49,34.0,16.5,81.2,17.67,26.0,50.0,20.2,175.1
101.26,80.94,59.07,35.94,5.09,16.08,32.0,41.6,39.6,60.65,30.8,34.9,8.4,993.8
173.61,156.53,130.54,65.39,2.08,15.91,36.0,24.7,68.2,31.42,26.9,59.4,54.3,374.5
187.43,175.33,150.94,71.99,0.29,14.08,40.0,19.2,73.3,24.54,26.4,59.3,6.9,254.1
64.51,49.12,34.77,21.7,4.64,11.82,28.0,46.3,25.5,74.47,21.9,74.7,45.5,1571.2
241.32,233.01,212.57,92.5,-0.58,10.93,42.0,11.8,94.5,4.14,29.1,29.2,9.6,22.4
85.37,68.55,48.08,30.31,3.96,15.1,34.0,43.5,33.3,66.06,22.5,41.8,27.4,1260.7
72.77,54.91,36.45,24.52,5.13,14.61,30.0,50.6,28.6,71.85,32.9,35.3,45.0,1482.4
69.27,50.08,31.48,22.53,5.95,15.17,30.0,54.9,27.1,73.93,28.6,41.2,58.9,1653.7
128.31,110.2,85.55,47.59,3.18,16.4,34.0,32.9,50.2,49.05,18.7,73.7,41.6,698.9
96.25,76.8,58.91,34.18,5.33,13.72,30.0,38.4,37.6,62.19,25.8,55.9,4.9,1030.9
53.84,39.82,27.34,17.3,4.5,10.74,28.0,49.8,21.2,78.82,30.4,68.8,41.3,1860.3
105.06,86.91,62.03,38.12,3.57,17.26,34.0,40.8,41.2,58.55,28.3,83.9,36.0,845.3
58.83,39.56,27.09,17.89,7.19,11.8,24.0,54.1,23.1,78.45,35.5,43.1,42.6,1849.7
96.85,75.95,54.75,33.92,5.57,15.96,30.0,43.1,38.0,62.67,28.5,52.8,26.4,1011.0
131.71,116.65,89.32,49.8,1.41,17.25,40.0,32.5,51.8,46.94,26.2,43.7,28.7,659.3
136.76,119.15,93.39,51.07,2.69,16.7,36.0,32.2,53.7,45.64,27.3,62.7,37.7,595.8
243.55,241.25,218.2,94.86,-3.09,11.41,54.0,10.6,95.7,4.47,33.0,65.9,57.0,0.0
69.83,52.77,36.4,23.51,5.07,13.26,30.0,48.6,27.5,72.76,30.7,67.7,34.1,1371.5
240.69,232.07,214.0,92.24,-0.09,9.82,40.0,11.4,94.5,3.89,24.2,46.1,10.4,26.8
177.87,164.57,141.63,68.13,1.01,13.65,38.0,20.4,69.8,28.26,24.8,47.9,22.7,322.7
70.89,51.36,35.74,23.2,6.43,13.31,26.0,49.4,27.8,73.17,18.2,48.4,21.2,1632.4
243.75,240.6,222.7,94.81,-1.97,9.02,52.0,8.6,95.7,2.74,36.0,60.5,56.5,0.0
122.22,102.73,78.86,44.75,4.0,16.38,34.0,35.3,47.8,51.9,20.5,57.1,9.0,769.8
129.26,109.93,85.69,47.61,3.76,16.36,34.0,33.3,50.6,49.05,33.1,44.5,36.5,663.2
60.16,45.32,29.82,19.88,4.33,12.62,30.0,50.2,23.5,76.3,30.2,31.3,25.8,1791.5
73.31,55.79,40.04,24.92,5.28,12.83,30.0,45.1,28.6,71.34,27.8,62.1,12.8,1342.7
198.04,184.97,164.99,75.71,1.31,11.81,36.0,16.5,77.6,20.5,22.4,52.9,46.8,218.8
235.66,227.63,207.76,90.6,-0.59,10.67,42.0,11.8,92.5,5.76,33.3,33.5,39.3,42.2
218.39,210.64,189.69,84.53,-0.85,11.33,46.0,12.9,85.5,11.78,28.4,58.0,46.0,108.1
69.85,49.75,36.21,22.6,7.04,12.19,24.0,48.6,27.5,73.76,29.1,56.3,6.0,1491.8
223.92,215.99,196.84,86.49,-0.5,10.41,42.0,12.2,87.8,9.67,34.8,51.5,20.8,79.6
244.23,243.38,222.32,95.54,-3.27,10.26,58.0,9.0,95.7,4.0,33.1,42.3,31.4,0.0
79.66,62.35,45.39,27.75,4.83,13.28,30.0,43.9,31.4,68.52,27.7,69.3,33.6,1198.6
224.39,216.54,197.54,86.68,-0.5,10.32,44.0,11.8,87.8,9.47,36.6,45.7,40.4,79.6
98.35,80.59,58.78,35.51,3.94,15.62,34.0,39.6,38.4,60.95,25.0,31.4,29.9,1055.2
197.27,186.98,162.64,76.11,-0.42,13.65,42.0,17.3,77.3,20.45,37.0,81.0,57.8,186.4
99.21,81.71,57.45,35.9,3.47,16.97,36.0,42.4,38.8,60.7,26.3,76.6,4.3,913.6
61.56,41.73,32.04,19.02,7.74,10.01,20.0,48.2,24.3,77.33,25.6,54.4,27.0,1779.3
102.03,83.28,62.34,36.76,4.44,15.19,32.0,39.2,40.0,59.69,20.2,70.5,46.5,977.4
235.68,228.87,210.79,90.98,-0.73,9.63,44.0,10.6,92.5,5.21,22.9,52.2,57.0,36.2
243.75,237.94,220.5,94.1,-0.98,9.14,46.0,9.8,95.7,2.41,30.4,56.4,15.6,6.7
245.59,238.28,222.67,94.37,-0.16,8.42,40.0,9.4,96.5,1.85,31.9,53.0,9.1,0.0
98.36,80.86,58.45,35.58,3.73,15.92,34.0,40.8,38.4,60.9,27.9,49.2,17.1,1014.1
232.85,227.65,209.37,90.42,-1.32,9.55,48.0,10.2,91.4,5.9,24.9,62.6,14.3,41.9
124.56,101.75,83.61,44.82,6.25,13.7,26.0,32.9,49.0,51.72,19.1,46.3,33.3,793.9
224.48,215.99,195.39,86.5,-0.53,11.2,44.0,12.9,87.8,9.81,19.5,30.7,38.7,98.4
132.18,112.5,88.01,48.67,3.83,16.49,34.0,33.3,51.8,48.03,23.4,60.2,24.4,641.5
57.01,45.57,29.64,19.57,2.53,12.24,36.0,47.5,22.4,76.53,27.1,39.8,7.4,1842.5
100.82,82.75,59.41,36.41,3.82,16.49,34.0,41.6,39.6,60.15,27.8,42.6,35.2,985.6
133.01,112.53,90.39,48.81,4.5,15.3,32.0,32.2,52.2,47.78,19.0,41.6,26.7,707.9
120.14,101.75,78.74,44.26,3.65,15.75,34.0,34.1,47.1,52.27,27.4,43.7,19.0,761.9
126.5,107.54,85.15,46.66,3.9,15.33,34.0,32.5,49.4,49.86,27.2,50.0,34.9,692.0
245.76,237.28,222.86,94.14,0.44,7.99,36.0,9.4,96.5,2.12,32.0,57.2,57.8,0.0
114.34,93.55,70.86,41.18,4.9,16.2,32.0,37.6,44.7,55.47,17.7,38.0,6.2,943.5
96.77,76.83,57.99,34.23,5.43,14.37,30.0,40.4,38.0,62.2,17.8,56.9,40.8,1108.7
238.53,231.1,213.33,91.82,-0.46,9.54,42.0,11.0,93.7,4.32,17.4,55.9,7.1,29.1
244.3,240.01,221.77,94.68,-1.63,9.32,50.0,9.0,95.7,2.53,26.8,47.1,40.8,0.0
230.27,221.76,202.42,88.58,-0.33,10.52,42.0,12.2,90.2,7.62,24.6,74.1,48.8,60.6
116.9,97.59,78.96,42.76,4.75,13.52,30.0,32.5,45.9,53.6,26.2,40.0,4.1,812.2
106.23,85.06,65.35,37.79,5.66,14.81,30.0,38.8,41.6,58.73,24.4,30.2,4.7,999.1
219.88,210.12,188.21,84.48,-0.27,12.07,42.0,14.5,86.3,11.95,32.1,52.7,46.6,108.7
72.71,54.58,37.73,24.44,5.47,13.68,30.0,47.8,28.6,71.88,27.0,78.8,29.6,1339.0
167.59,152.95,128.45,63.85,1.36,14.85,38.0,23.9,65.9,32.69,28.6,65.8,41.7,366.8
124.61,107.32,87.51,46.46,3.56,13.63,30.0,29.4,49.0,49.85,26.3,85.0,22.6,637.1
217.63,209.66,187.44,84.16,-0.97,12.0,44.0,14.1,85.5,12.3,22.7,46.3,1.6,118.8
106.5,91.58,65.69,39.69,1.89,17.16,40.0,37.6,41.6,56.92,31.6,39.0,44.8,900.5
73.79,51.41,36.29,23.61,7.89,13.55,24.0,51.4,29.0,72.91,22.3,60.0,47.6,1552.2
185.68,171.98,149.77,70.93,1.25,13.21,36.0,19.2,72.9,25.43,26.8,63.5,18.4,264.8
243.61,238.52,221.06,94.24,-1.23,9.05,46.0,9.4,95.7,2.47,21.6,79.2,26.3,0.0
243.55,240.98,220.95,94.85,-2.52,9.98,52.0,9.4,95.7,3.38,22.7,50.0,40.7,0.0
197.37,183.19,160.88,75.1,1.36,13.17,36.0,18.4,77.3,21.33,23.1,50.3,22.3,221.1
88.69,70.24,50.3,31.24,4.75,15.0,30.0,43.9,34.9,65.18,21.0,70.7,59.8,1177.9
55.77,40.21,26.87,17.67,5.16,11.59,26.0,51.8,22.0,78.51,23.1,60.5,24.7,1981.4
241.79,235.88,217.16,93.35,-1.14,9.78,46.0,10.2,94.9,3.21,25.7,62.2,2.6,15.0
210.33,200.54,178.13,81.03,-0.33,12.43,44.0,15.3,82.4,15.38,37.6,37.8,6.6,138.7
133.02,115.04,90.34,49.5,3.04,16.27,34.0,32.2,52.2,47.13,31.6,42.5,23.6,622.7
67.36,50.54,34.88,22.5,5.12,12.86,30.0,47.8,26.3,73.75,25.9,85.0,58.7,1500.2
141.92,121.74,100.4,52.43,4.36,14.58,32.0,29.4,55.7,44.1,25.7,61.4,37.1,564.0
169.33,152.75,130.37,63.99,2.45,14.0,36.0,23.1,66.3,32.46,27.9,33.1,16.6,394.9
243.43,242.23,221.99,95.18,-3.02,9.91,58.0,8.6,95.3,3.73,33.9,42.3,22.9,0.0
231.05,222.56,201.31,88.81,-0.64,11.45,44.0,12.9,90.6,7.68,33.1,51.6,18.6,59.6
52.07,36.45,24.56,15.95,5.53,10.82,24.0,51.8,20.4,80.23,36.9,51.5,11.6,1977.2
135.46,115.81,93.69,50.02,4.11,15.07,32.0,30.2,52.9,46.52,25.8,48.1,48.4,658.4
83.77,63.33,45.25,28.53,6.14,14.5,28.0,46.3,32.9,67.93,27.6,48.9,53.6,1284.8
72.74,57.36,37.96,25.28,3.71,14.64,32.0,47.8,28.6,71.02,16.9,52.9,15.4,1570.0
222.84,216.22,195.64,86.43,-1.19,10.95,44.0,12.2,87.5,9.91,23.8,47.5,15.8,93.0
225.09,218.49,193.67,87.14,-1.87,13.02,46.0,13.7,88.2,10.01,18.9,45.2,33.1,98.7
69.28,49.17,36.14,22.36,7.14,11.88,24.0,47.8,27.1,73.99,25.7,62.1,11.7,1466.5
195.75,181.46,159.45,74.48,1.46,13.05,36.0,18.8,76.9,21.92,27.0,70.3,23.2,209.6
59.06,42.49,30.25,18.88,5.74,10.97,24.0,49.0,23.1,77.32,31.5,52.0,12.3,1729.5
118.1,95.85,73.34,42.28,5.53,16.26,30.0,38.0,46.3,54.44,31.7,62.7,36.8,747.7
73.16,53.8,37.4,24.25,6.16,13.66,28.0,49.4,28.6,72.12,32.1,36.9,27.0,1460.9
222.25,213.15,192.72,85.54,-0.28,11.22,42.0,12.9,87.1,10.72,30.8,47.0,11.3,93.9
208.45,198.34,176.52,80.28,-0.11,12.2,40.0,14.9,81.6,16.05,36.8,49.7,32.5,149.2
195.77,183.65,158.42,75.03,0.14,14.38,42.0,19.2,76.9,21.65,28.6,66.5,14.2,216.9
190.24,177.53,152.17,72.83,0.36,14.62,42.0,20.0,74.5,23.84,20.7,63.0,51.2,278.9
237.34,230.72,212.24,91.61,-0.86,9.79,46.0,10.6,92.9,4.66,29.3,38.4,33.6,33.2
236.97,230.92,210.72,91.59,-1.34,10.56,46.0,11.0,92.9,5.03,27.5,66.2,22.3,35.4
62.58,45.14,30.74,20.16,5.79,12.42,26.0,51.0,24.7,76.1,37.3,57.0,30.5,1540.5
197.07,186.21,163.77,75.92,0.09,12.76,40.0,16.9,77.3,20.43,21.9,61.3,1.0,214.2
73.88,57.45,40.51,25.5,4.54,13.31,30.0,44.7,29.0,70.75,21.8,39.5,49.9,1602.0
90.17,72.98,51.68,32.24,3.92,15.49,34.0,42.4,35.3,64.18,32.1,63.5,52.1,1071.9
137.72,119.52,96.87,51.33,3.37,15.06,34.0,29.8,54.1,45.17,34.8,54.5,1.6,550.0
159.75,142.74,120.2,60.23,2.66,14.34,34.0,25.1,62.7,36.23,23.7,66.4,55.3,441.3
246.04,238.14,223.76,94.4,0.24,7.9,38.0,9.0,96.5,1.96,43.9,70.2,33.3,0.0
228.08,219.42,201.46,87.79,-0.05,9.88,40.0,11.8,89.4,8.28,27.1,53.9,15.9,66.0
117.74,98.08,77.47,42.95,4.61,14.69,30.0,34.9,46.3,53.51,16.8,51.4,13.1,858.2
59.25,45.38,28.44,19.76,3.64,13.35,32.0,52.5,23.1,76.43,24.8,59.8,3.0,1782.9
96.95,77.9,56.83,34.53,4.69,15.49,32.0,41.2,38.0,61.95,35.7,62.1,52.8,969.5
226.55,220.17,201.26,87.86,-1.02,10.07,44.0,11.4,89.0,8.35,24.1,51.0,14.5,70.7
209.05,199.75,175.33,80.66,-0.82,13.39,44.0,16.1,82.0,16.01,32.6,33.7,38.3,161.1
63.14,48.14,30.09,21.14,3.98,14.14,32.0,52.5,24.7,75.12,16.7,64.7,29.1,1745.2
81.86,63.04,42.76,28.17,5.09,15.56,30.0,47.5,32.2,68.3,40.8,44.9,9.4,1150.0
144.38,125.35,98.48,53.61,3.05,17.36,36.0,31.8,56.5,43.28,43.5,49.1,32.5,503.8
154.75,138.97,115.43,58.65,2.06,14.77,36.0,25.9,60.8,37.83,29.2,32.4,42.9,491.9
190.84,181.43,155.32,73.97,-1.01,14.51,44.0,18.8,74.9,22.76,26.6,73.2,36.3,229.0
67.45,52.89,37.77,23.28,4.01,12.0,32.0,43.1,26.3,72.87,37.6,79.3,18.2,1256.7
91.33,69.94,53.27,31.52,6.57,13.56,26.0,41.6,35.7,64.93,33.1,40.4,10.8,1088.4
115.88,95.52,74.57,41.98,4.91,15.08,30.0,35.3,45.5,54.54,34.5,49.3,18.9,757.5
152.56,134.56,112.39,57.19,3.19,14.44,34.0,26.7,60.0,39.28,19.0,33.0,31.0,548.9
68.23,50.68,35.3,22.65,5.52,12.81,30.0,48.6,26.7,73.62,28.9,57.8,16.7,1504.5
100.02,79.98,59.93,35.54,5.23,14.99,30.0,40.0,39.2,60.94,18.0,33.6,8.6,1123.9
58.97,44.45,28.76,19.44,4.17,12.71,30.0,51.0,23.1,76.74,21.1,54.9,43.8,1869.4
61.53,44.55,31.78,19.86,5.8,11.3,26.0,48.2,24.3,76.36,25.9,65.7,1.9,1614.4
244.78,239.18,221.68,94.51,-1.06,9.13,44.0,9.4,96.1,2.16,31.1,60.3,42.6,0.0
203.9,187.07,165.79,76.77,2.49,12.94,34.0,18.8,80.0,19.73,20.7,44.9,1.8,212.9
102.08,83.2,61.72,36.73,4.43,15.53,32.0,39.2,40.0,59.76,20.2,50.3,5.1,1000.6
58.63,41.37,27.82,18.42,5.96,12.01,26.0,52.5,23.1,77.83,20.3,47.2,32.0,1986.7
74.89,54.94,37.09,24.8,6.23,14.62,28.0,50.6,29.4,71.65,18.5,61.5,11.3,1479.4
70.9,53.15,35.77,23.74,5.27,14.0,30.0,49.4,27.8,72.59,27.9,59.2,39.7,1475.0
81.32,61.02,44.47,27.54,6.35,13.63,28.0,45.5,31.8,68.87,18.9,60.5,7.1,1312.2
97.46,77.46,55.54,34.44,5.03,16.17,30.0,42.4,38.0,62.14,30.8,62.6,9.2,964.7
130.81,109.47,86.85,47.67,4.85,15.78,30.0,33.7,51.4,49.0,23.7,57.8,17.8,666.6
245.35,239.1,221.7,94.54,-0.82,9.15,44.0,9.4,96.1,1.97,16.6,44.2,20.2,0.0
157.23,140.75,117.23,59.4,2.33,14.82,36.0,25.5,61.6,37.11,30.6,36.2,19.4,453.0
179.72,161.53,137.84,67.41,2.81,14.76,34.0,23.5,70.6,29.26,29.6,47.5,1.6,325.3
121.76,101.84,78.45,44.44,4.27,16.2,32.0,36.1,47.8,52.2,36.4,48.4,50.8,734.7
139.28,121.01,96.89,51.9,3.18,15.84,34.0,30.2,54.5,44.71,20.0,54.3,49.7,634.5
77.28,61.42,42.49,27.14,3.89,14.27,32.0,45.5,30.2,69.14,29.4,60.3,25.6,1236.4
53.3,38.43,26.0,16.76,5.0,10.93,26.0,51.0,20.8,79.39,38.1,77.6,21.1,1760.4
54.72,41.49,27.18,17.94,3.79,11.7,30.0,51.0,21.6,78.18,26.1,70.3,23.1,1806.4
189.76,175.06,150.42,72.11,1.24,14.56,38.0,21.2,74.5,24.54,30.6,57.8,9.7,247.6
176.82,161.33,134.98,67.04,1.37,15.79,38.0,23.9,69.4,29.76,31.1,45.3,6.2,324.9
93.6,74.32,54.45,33.07,5.04,14.95,30.0,42.7,36.9,63.37,25.9,69.0,3.9,1031.1
244.3,238.5,222.01,94.31,-0.83,8.67,46.0,9.0,95.7,2.18,15.0,75.8,57.0,0.0
80.3,62.79,43.67,27.93,4.62,14.63,32.0,45.1,31.4,68.43,26.5,62.8,41.3,1263.4
193.1,177.8,157.14,73.25,2.06,12.55,34.0,18.8,75.7,23.08,26.1,67.4,42.4,231.9
106.02,86.66,66.84,38.25,4.81,14.52,30.0,36.9,41.6,58.17,23.8,53.4,25.6,910.8
170.78,154.41,130.9,64.58,2.18,14.54,34.0,23.5,67.1,31.95,22.7,55.0,4.5,379.0
103.36,82.35,64.01,36.68,5.84,14.07,28.0,38.0,40.4,59.78,35.6,60.1,43.7,889.1
160.1,144.18,117.83,60.6,1.66,16.19,38.0,26.3,62.7,36.14,27.7,56.0,20.7,424.6
74.86,56.65,41.48,25.4,5.67,12.56,28.0,45.5,29.4,70.88,26.4,64.9,1.2,1305.8
126.31,107.77,85.77,46.72,3.77,15.04,34.0,31.8,49.4,49.76,32.8,52.7,3.2,650.4
84.62,65.31,45.85,29.23,5.37,15.05,30.0,45.9,33.3,67.22,33.0,41.0,19.1,1195.2
70.36,53.84,37.2,23.91,4.73,13.28,30.0,47.1,27.5,72.34,34.9,48.5,4.9,1394.1
129.41,111.68,88.65,48.17,3.22,15.39,34.0,31.0,50.6,48.33,31.3,61.6,14.2,607.2
90.09,72.97,50.64,32.2,3.75,16.09,34.0,43.1,35.3,64.27,22.6,56.1,44.9,1182.8
212.55,201.59,179.85,81.52,0.2,12.23,40.0,15.7,83.5,14.84,19.0,67.6,57.4,153.1
128.16,108.98,86.22,47.25,3.92,15.54,32.0,32.9,50.2,49.31,21.5,54.9,19.0,689.8
245.67,238.64,222.99,94.48,-0.27,8.41,42.0,9.4,96.5,1.8,30.2,59.1,35.4,0.0
58.79,42.11,28.66,18.69,5.64,11.79,26.0,51.0,23.1,77.53,23.8,43.1,31.0,1936.7
216.97,205.45,183.69,82.95,0.4,12.27,38.0,15.3,85.1,13.45,18.4,41.5,59.9,151.7
203.89,191.1,172.38,77.95,1.38,11.06,36.0,15.7,80.0,18.19,19.5,52.4,48.6,196.1
244.86,240.22,221.5,94.77,-1.59,9.59,46.0,9.4,96.1,2.5,27.6,33.9,12.4,0.0
237.15,224.45,204.45,89.84,1.05,11.34,36.0,14.1,92.9,6.61,32.3,55.9,12.1,48.7
151.08,135.54,110.31,57.27,1.74,15.72,38.0,27.1,59.2,39.33,22.4,52.5,58.6,529.8
138.28,119.29,95.34,51.29,3.52,15.9,34.0,31.0,54.1,45.34,25.9,62.3,22.2,575.9
139.11,119.28,96.21,51.39,4.0,15.54,32.0,31.0,54.5,45.22,24.1,64.9,41.1,592.3
244.42,240.63,223.08,94.88,-1.69,8.93,52.0,8.6,95.7,2.46,23.6,64.6,5.5,0.0
67.3,49.32,35.34,22.13,5.96,12.07,26.0,47.8,26.3,74.14,35.6,61.4,2.2,1395.1
154.37,137.11,112.49,58.05,2.51,15.6,36.0,27.5,60.4,38.57,22.5,54.2,31.8,491.2
196.38,180.18,157.41,74.16,2.07,13.71,36.0,20.0,76.9,22.4,25.6,56.3,19.2,236.5
178.67,164.88,141.33,68.28,1.1,14.03,38.0,21.2,70.2,28.18,24.1,67.2,35.0,313.6
143.45,126.66,100.33,53.92,2.18,16.69,38.0,30.2,56.1,42.81,29.6,53.6,48.5,548.1
97.07,77.56,57.26,34.46,5.01,15.13,32.0,41.2,38.0,62.01,32.6,43.4,39.2,1015.8
92.71,75.86,55.26,33.44,3.78,14.92,34.0,40.8,36.5,62.93,27.7,49.6,58.0,1102.8
61.19,44.01,28.52,19.58,5.56,13.11,28.0,52.5,23.9,76.7,30.3,37.5,26.0,1799.2
87.73,68.59,51.53,30.67,5.51,13.44,28.0,40.8,34.5,65.67,25.3,65.6,37.0,1135.0
62.07,43.37,29.92,19.54,6.61,12.14,24.0,51.8,24.3,76.77,25.7,60.4,54.9,1810.3
71.55,57.0,38.09,25.04,3.38,14.2,34.0,47.1,28.2,71.21,23.1,41.3,33.1,1512.2
239.82,233.75,217.31,92.67,-0.73,8.71,44.0,9.4,94.1,3.56,26.6,74.7,53.8,13.5
242.61,240.57,222.19,94.71,-2.43,9.12,54.0,8.6,95.3,3.2,30.0,58.7,24.4,0.0
179.09,165.28,141.13,68.41,1.02,14.34,38.0,21.2,70.2,28.11,38.9,55.1,51.9,294.9
216.51,207.81,186.74,83.59,-0.52,11.54,42.0,13.7,85.1,12.71,21.1,35.4,46.3,138.9
117.84,99.03,74.66,43.17,3.7,16.67,34.0,36.5,46.3,53.48,29.5,45.2,53.9,822.2
162.06,147.86,123.67,61.89,1.26,14.72,38.0,23.5,63.5,34.59,26.9,53.6,8.6,403.3
59.44,42.2,28.27,18.79,5.86,12.21,28.0,52.5,23.1,77.46,20.5,63.1,26.9,1929.6
72.62,54.21,38.9,24.34,5.82,12.78,26.0,46.7,28.6,71.96,30.1,53.0,22.6,1378.3
167.34,151.29,126.44,63.34,1.88,15.26,36.0,24.7,65.5,33.28,27.7,37.9,6.0,401.6
86.21,66.17,48.67,29.72,5.94,13.96,28.0,43.1,33.7,66.69,31.5,49.0,55.2,1222.4
245.85,239.74,221.36,94.73,-1.02,9.61,46.0,10.2,96.5,2.07,37.8,46.1,45.2,0.0
109.04,88.84,66.2,39.19,4.75,16.23,32.0,39.6,42.7,57.43,24.8,50.0,7.5,905.7
244.65,240.23,222.71,94.79,-1.47,8.99,46.0,9.0,96.1,2.31,25.9,61.7,21.6,0.0
166.68,151.37,123.87,63.25,1.19,16.56,38.0,25.9,65.5,33.62,25.9,41.4,10.5,410.6
220.19,209.76,191.66,84.49,0.57,10.26,38.0,12.5,86.3,11.58,24.7,50.7,32.4,104.4
58.26,42.16,29.95,18.66,5.51,10.87,26.0,48.2,22.7,77.52,27.1,47.2,24.2,1824.4
61.4,46.23,32.06,20.37,4.64,11.78,28.0,47.5,23.9,75.79,28.4,63.0,12.3,1637.6
158.24,142.28,119.24,59.94,2.18,14.46,36.0,24.7,62.0,36.51,34.0,40.8,34.6,432.7
75.13,56.91,40.64,25.49,5.52,13.24,28.0,45.5,29.4,70.82,31.0,51.9,25.8,1323.3
76.38,54.44,38.97,24.88,7.51,13.55,24.0,48.6,29.8,71.61,27.5,38.5,26.4,1447.4
64.19,46.09,29.96,20.64,5.86,13.6,28.0,52.9,25.1,75.69,24.2,43.3,48.7,1796.1
131.9,116.83,94.68,49.98,2.16,14.38,36.0,27.8,51.8,46.36,18.5,48.6,5.2,664.8
59.41,41.1,31.39,18.52,7.02,9.73,22.0,47.5,23.1,77.76,36.9,32.3,56.1,1869.1
192.71,178.4,154.72,73.32,1.23,13.96,36.0,19.6,75.7,23.23,28.2,53.5,35.5,239.7
188.06,177.44,151.0,72.6,-0.59,14.91,42.0,19.6,73.7,24.16,24.6,81.2,27.0,238.9
128.13,109.18,84.74,47.27,3.58,16.44,34.0,33.7,50.2,49.39,19.4,48.3,51.5,754.2
244.69,240.83,221.01,94.9,-2.04,10.03,50.0,9.8,96.1,2.95,28.4,56.9,5.3,0.0
135.3,117.99,90.88,50.55,2.39,17.43,36.0,32.5,52.9,46.26,31.0,48.9,47.4,624.1
207.43,198.7,175.15,80.26,-0.89,12.89,46.0,15.3,81.2,16.27,22.1,51.8,14.7,168.0
171.47,156.43,130.68,65.17,1.31,15.5,38.0,23.5,67.1,31.52,33.7,58.6,42.2,348.3
206.42,193.79,170.4,78.81,0.58,13.37,40.0,17.6,80.8,17.74,18.9,34.4,46.9,206.9
204.88,194.89,173.36,79.03,-0.11,12.08,42.0,15.7,80.4,17.26,21.9,67.3,12.6,170.3
190.87,176.75,154.59,72.73,1.39,13.18,36.0,18.8,74.9,23.66,34.6,67.5,45.3,227.7
117.32,99.46,73.01,43.21,2.99,17.69,36.0,37.6,45.9,53.56,23.6,47.4,42.2,840.0
71.69,55.81,39.31,24.72,4.38,13.0,30.0,45.9,28.2,71.5,20.9,45.5,14.2,1529.4
124.5,105.37,83.71,45.82,4.11,15.0,30.0,32.9,49.0,50.67,27.9,45.2,46.1,740.1
213.14,205.0,182.74,82.51,-0.91,12.09,44.0,14.1,83.5,13.91,29.4,67.4,33.5,126.4
111.45,92.11,70.52,40.46,4.44,15.38,32.0,36.1,43.5,56.04,42.3,58.7,37.3,745.0
90.33,70.6,53.16,31.59,5.68,13.71,30.0,41.2,35.3,64.79,30.9,68.9,17.5,1021.2
143.43,124.59,100.44,53.35,3.36,15.86,34.0,30.2,56.1,43.29,25.0,66.6,46.8,552.4
213.12,203.87,181.94,82.2,-0.45,12.08,42.0,14.5,83.5,14.17,37.5,56.4,28.3,122.9
183.52,169.64,149.12,70.12,1.58,12.4,36.0,19.2,72.2,26.12,21.6,52.8,2.6,297.3
85.48,67.68,48.69,30.08,4.64,14.41,32.0,42.4,33.3,66.27,17.9,61.0,10.4,1238.3
195.94,184.62,161.75,75.37,0.2,13.06,40.0,17.3,76.9,21.03,29.0,68.1,50.5,213.4
159.27,140.71,119.28,59.62,3.47,14.0,34.0,25.1,62.4,36.84,23.5,36.2,49.6,493.0
86.44,67.86,47.65,30.22,4.85,15.28,32.0,44.3,33.7,66.22,28.8,71.2,3.0,1097.9
227.83,222.86,197.87,88.56,-2.48,12.86,50.0,13.3,89.4,8.9,20.1,56.2,29.1,71.5
238.09,231.72,213.67,91.95,-0.88,9.55,46.0,10.2,93.3,4.31,28.7,72.2,44.5,25.2
111.47,94.11,71.61,41.05,3.4,15.52,34.0,35.3,43.5,55.41,20.9,53.7,58.2,919.8
150.33,134.87,110.5,57.02,1.84,15.26,38.0,26.7,58.8,39.5,22.3,39.5,7.0,527.5
199.6,188.27,164.12,76.67,-0.0,13.67,40.0,18.0,78.4,19.89,32.3,51.1,18.3,192.3
243.0,239.54,221.87,94.47,-1.83,8.95,52.0,8.6,95.3,2.79,24.9,67.1,7.0,0.0
98.16,79.34,59.01,35.13,4.65,14.97,30.0,39.6,38.4,61.3,37.6,41.0,7.2,945.1
78.2,60.17,42.86,26.88,5.18,13.72,30.0,44.7,30.6,69.44,19.9,49.5,37.1,1420.2
107.46,86.65,64.86,38.37,5.19,15.91,32.0,39.2,42.0,58.23,32.2,48.3,5.6,867.3
246.86,240.79,221.12,95.06,-1.24,10.22,46.0,10.6,96.9,2.32,26.2,55.7,15.4,0.0
103.99,85.28,61.59,37.53,4.02,16.71,32.0,40.4,40.8,59.08,23.6,58.6,30.9,942.8
246.31,241.79,222.52,95.3,-1.72,9.84,50.0,9.4,96.5,2.47,29.2,50.6,38.2,0.0
153.13,136.97,113.01,57.91,2.16,15.09,36.0,26.3,60.0,38.61,27.4,52.0,13.3,474.2
146.98,129.78,106.75,55.24,2.79,14.89,34.0,27.1,57.6,41.25,21.2,43.9,27.8,557.5
107.34,87.07,67.55,38.53,5.24,14.49,30.0,36.5,42.0,57.93,33.1,37.4,30.3,882.5
69.46,50.84,34.42,22.84,5.9,13.66,30.0,50.6,27.1,73.51,30.6,37.5,31.7,1533.2
105.46,83.47,63.39,37.21,6.03,15.21,28.0,40.0,41.2,59.38,37.7,65.2,28.4,823.6
106.47,85.51,63.36,37.9,5.23,16.18,32.0,40.4,41.6,58.73,29.6,71.6,10.6,830.8
103.37,82.88,63.57,36.82,5.47,14.53,30.0,38.0,40.4,59.65,32.6,50.5,2.4,922.1
62.44,40.76,29.29,18.79,8.48,11.59,22.0,53.3,24.3,77.66,30.8,58.6,56.0,1747.1
243.03,235.0,216.85,93.22,-0.32,9.77,42.0,10.6,95.3,3.0,28.1,45.5,39.5,14.4
105.88,87.0,65.93,38.32,4.41,15.17,32.0,37.6,41.6,58.14,21.0,63.5,53.9,964.2
146.78,126.09,103.04,54.14,4.27,15.5,32.0,29.8,57.6,42.53,27.6,50.5,8.3,545.6
131.64,113.88,92.27,49.08,3.41,14.55,34.0,30.2,51.8,47.34,25.0,63.3,29.0,622.4
101.02,81.3,59.93,36.03,4.88,15.66,30.0,40.8,39.6,60.5,24.6,63.6,13.4,961.5
125.45,109.1,85.93,47.01,2.65,15.33,36.0,31.4,49.0,49.44,32.1,77.1,56.9,651.2
244.92,240.21,221.42,94.77,-1.58,9.64,48.0,9.8,96.1,2.5,25.0,29.4,41.7,0.0
73.5,55.49,36.82,24.79,5.15,14.75,30.0,49.4,28.6,71.59,33.6,59.1,33.5,1339.0
98.86,79.91,59.44,35.38,4.68,15.05,32.0,40.4,38.8,61.06,30.1,64.5,14.0,917.7
230.14,222.09,205.26,88.71,-0.09,9.23,40.0,11.0,90.2,7.32,29.0,53.5,43.0,52.7
70.63,53.03,36.57,23.69,5.31,13.4,28.0,47.8,27.8,72.6,40.8,76.6,34.1,1223.6
102.77,84.09,61.33,37.05,4.15,16.21,32.0,40.8,40.4,59.5,26.8,52.8,54.6,982.5
112.65,95.91,72.07,41.7,2.91,16.14,36.0,36.5,44.3,54.82,20.6,37.0,48.6,917.5
141.39,125.08,101.81,53.32,2.44,14.99,36.0,27.8,55.3,43.14,37.1,48.1,18.0,519.0
96.13,78.26,58.48,34.58,4.31,14.52,32.0,39.6,37.6,61.79,28.6,59.3,26.4,981.7
201.23,187.26,164.82,76.56,1.25,13.15,36.0,18.0,78.8,19.89,31.7,59.2,49.8,199.9
191.82,177.28,156.61,73.0,1.78,12.46,34.0,18.0,75.3,23.29,33.1,49.1,51.9,242.7
70.49,55.76,36.48,24.5,3.45,14.52,36.0,48.6,27.5,71.77,35.9,35.4,20.4,1441.1
64.84,49.51,31.48,21.8,4.1,14.12,34.0,52.2,25.5,74.46,28.5,64.2,22.8,1549.5
127.73,108.44,85.18,47.03,3.9,15.84,32.0,33.7,50.2,49.56,25.9,43.9,44.6,724.2
182.26,167.63,144.92,69.39,1.55,13.66,38.0,20.4,71.4,27.04,24.9,49.3,14.6,300.4
105.49,81.38,60.48,36.57,6.94,16.13,28.0,42.7,41.2,60.2,29.3,48.3,23.8,941.4
90.81,69.49,50.88,31.28,6.29,14.73,28.0,43.9,35.7,65.23,22.2,67.7,5.9,1131.2
209.25,196.28,174.39,79.77,0.93,12.63,38.0,16.9,82.0,16.64,30.9,47.9,42.8,163.3
172.67,157.07,134.33,65.53,1.97,13.99,36.0,22.4,67.8,30.91,22.0,43.9,33.6,375.8
168.37,149.79,125.88,63.02,3.03,15.15,34.0,25.1,65.9,33.64,30.3,46.5,10.2,384.6
166.16,149.53,127.11,62.78,2.48,14.09,36.0,23.5,65.1,33.67,21.8,37.2,11.2,439.9
218.43,209.58,186.61,84.19,-0.77,12.48,44.0,14.1,85.5,12.38,27.6,51.9,7.3,112.6
138.04,120.67,93.28,51.61,2.34,17.52,38.0,32.5,54.1,45.24,29.9,57.5,54.1,610.5
87.59,68.1,49.67,30.47,5.5,14.35,28.0,43.1,34.5,65.94,32.0,20.5,14.1,1215.5
188.61,172.96,147.26,71.39,1.46,15.26,38.0,22.4,74.1,25.41,32.6,32.7,47.1,287.6
62.67,45.91,30.79,20.4,5.32,12.71,28.0,51.0,24.7,75.84,25.4,73.7,18.3,1593.0
86.67,68.18,51.54,30.42,5.27,13.09,28.0,40.4,34.1,65.88,18.6,46.9,7.4,1265.8
194.97,181.09,158.98,74.31,1.29,13.05,36.0,18.4,76.5,22.08,28.0,68.1,3.1,214.2
65.49,51.11,34.03,22.42,3.7,13.28,32.0,47.8,25.5,73.77,32.9,45.4,15.8,1531.3
239.88,232.69,214.24,92.34,-0.66,9.83,44.0,11.0,94.1,3.93,27.1,30.9,47.5,29.4
84.62,65.62,46.39,29.33,5.24,14.84,30.0,45.9,33.3,67.09,21.3,53.5,26.1,1273.4
109.28,89.44,67.92,39.42,4.72,15.5,30.0,37.6,42.7,57.11,26.2,43.2,52.0,938.0
59.08,44.59,28.09,19.48,4.04,13.22,32.0,52.5,23.1,76.72,28.9,59.8,7.9,1671.9
76.19,61.5,41.71,27.02,3.2,14.59,36.0,44.7,29.8,69.26,26.2,48.9,10.8,1341.5
176.12,158.98,137.45,66.41,2.75,13.53,34.0,22.4,69.0,30.02,29.9,38.0,10.6,336.8
119.94,102.8,78.68,44.53,2.94,16.16,36.0,34.1,47.1,52.02,32.7,52.2,19.4,715.1
64.55,46.3,34.19,20.84,6.45,11.05,24.0,47.8,25.5,75.42,28.3,56.2,46.4,1643.0
50.46,38.96,23.65,16.52,2.84,12.14,34.0,52.2,19.6,79.58,36.7,65.2,18.3,1896.8
119.65,100.73,76.52,43.88,3.74,16.54,34.0,35.7,47.1,52.76,15.0,67.4,49.7,846.1
221.65,212.61,191.26,85.32,-0.45,11.67,42.0,14.1,87.1,11.05,16.6,55.3,47.8,109.6
67.05,48.57,34.52,21.85,6.22,12.25,26.0,47.8,26.3,74.44,22.5,77.1,29.9,1515.1
54.13,39.62,27.32,17.28,4.79,10.72,28.0,49.8,21.2,78.86,37.7,36.6,29.0,1945.1
83.68,65.5,46.33,29.18,4.86,14.67,30.0,45.1,32.9,67.2,26.7,63.1,52.8,1241.7
219.7,210.52,190.0,84.61,-0.27,11.3,42.0,13.7,86.3,11.65,23.2,49.4,3.9,112.3
165.23,148.92,125.92,62.51,2.27,14.37,36.0,23.5,64.7,33.96,23.3,48.1,21.8,414.4
56.2,39.71,25.91,17.55,5.6,12.09,28.0,53.7,22.0,78.68,34.4,68.4,30.6,1780.8
50.81,37.88,25.97,16.26,4.09,10.23,28.0,49.0,20.0,79.83,35.8,48.6,14.5,1967.6
52.85,38.98,26.37,16.89,4.44,10.83,28.0,51.0,20.8,79.23,42.4,46.1,44.0,1838.1
60.15,44.19,30.1,19.54,5.12,11.97,28.0,50.2,23.5,76.66,22.2,58.7,51.1,1851.0
92.89,74.74,55.7,33.14,4.62,14.25,30.0,39.6,36.5,63.21,29.2,68.3,24.8,995.0
243.03,240.55,220.69,94.7,-2.52,9.89,54.0,9.0,95.3,3.41,35.1,76.3,1.8,0.0
66.23,48.11,32.35,21.56,5.84,13.28,28.0,51.4,25.9,74.75,27.7,85.0,9.8,1446.1
54.72,41.11,26.88,17.81,4.01,11.74,30.0,51.0,21.6,78.32,39.6,67.8,57.4,1795.2
122.86,103.27,80.54,45.0,4.19,15.73,32.0,34.1,48.2,51.57,15.0,84.1,31.0,742.1
60.23,43.61,31.76,19.41,5.78,10.67,26.0,46.7,23.5,76.79,25.7,40.2,31.5,1820.6
143.76,126.95,103.61,54.1,2.61,15.06,34.0,27.8,56.5,42.39,25.5,50.1,3.4,545.9
208.58,195.97,173.28,79.61,0.68,12.98,38.0,17.3,82.0,16.87,29.2,68.9,7.3,154.2
242.69,238.56,220.84,94.18,-1.61,9.06,50.0,9.0,95.3,2.79,28.1,62.0,11.1,8.2
200.97,189.89,167.58,77.28,0.18,12.68,40.0,16.5,78.8,19.08,32.8,54.6,57.6,193.6
245.41,239.72,221.38,94.69,-1.16,9.54,48.0,9.8,96.1,2.18,20.2,49.0,39.3,0.0
85.13,65.3,45.75,29.28,5.59,15.2,30.0,45.9,33.3,67.2,28.3,59.7,42.7,1190.0
101.6,78.43,58.99,35.26,6.78,15.22,26.0,42.4,40.0,61.38,19.5,50.0,52.4,1100.3
77.37,60.25,40.76,26.76,4.46,14.89,32.0,46.7,30.2,69.6,39.7,59.9,34.8,1200.6
103.98,84.38,64.69,37.33,4.98,14.56,30.0,37.6,40.8,59.1,23.8,38.5,31.3,986.4
64.51,45.73,31.76,20.61,6.49,12.37,26.0,50.6,25.5,75.7,25.2,59.8,45.2,1674.2
159.95,145.22,118.87,60.88,1.17,16.0,38.0,25.5,62.7,35.82,40.2,66.2,39.4,377.8
70.53,54.06,36.27,23.98,4.55,13.98,30.0,49.4,27.8,72.31,26.7,38.8,53.3,1610.4
123.82,105.46,83.06,45.76,3.67,15.3,32.0,32.9,48.6,50.73,29.8,64.8,20.9,674.8
200.8,188.91,166.56,76.99,0.48,12.82,38.0,16.9,78.8,19.39,26.8,51.2,4.0,195.8
109.06,93.75,70.7,40.68,2.42,15.53,36.0,34.9,42.7,55.74,31.0,48.2,50.4,833.0
138.14,120.11,96.68,51.53,3.18,15.45,34.0,29.8,54.1,45.02,34.6,49.7,54.0,586.2
107.96,89.08,65.01,39.11,3.96,16.83,34.0,40.0,42.4,57.53,25.7,49.8,22.1,895.2
245.52,241.7,221.78,95.2,-2.06,10.07,50.0,9.8,96.5,2.89,32.2,64.2,4.2,0.0
111.34,92.38,70.55,40.53,4.24,15.45,32.0,36.1,43.5,55.97,22.2,36.6,37.8,920.9
218.7,209.44,187.49,84.19,-0.46,12.03,42.0,14.5,85.9,12.23,34.7,39.6,14.8,110.9
61.06,45.87,31.11,20.19,4.58,12.18,30.0,49.0,23.9,75.99,30.6,36.8,22.4,1710.0
124.25,104.81,80.49,45.57,3.88,16.57,34.0,35.3,48.6,51.11,26.3,48.4,28.7,724.9
171.28,152.69,130.66,64.16,3.29,14.1,34.0,23.5,67.1,32.37,28.3,51.5,17.0,363.0
193.3,179.39,156.32,73.67,1.16,13.58,38.0,19.2,75.7,22.8,23.6,50.3,26.4,248.9
161.83,146.55,122.37,61.49,1.7,14.89,38.0,24.7,63.5,35.03,18.2,51.2,54.0,469.0
67.25,48.93,36.78,22.03,6.39,10.99,24.0,44.7,26.3,74.23,34.4,53.4,4.5,1414.2
214.39,205.64,184.32,82.81,-0.54,11.69,44.0,14.1,83.9,13.5,31.7,65.8,50.7,126.2
244.6,239.87,221.1,94.66,-1.57,9.64,48.0,9.8,96.1,2.55,32.4,59.0,21.5,0.0
246.19,237.71,223.38,94.29,0.45,7.95,40.0,9.4,96.5,2.01,27.0,41.6,42.5,1.9
66.39,48.67,32.68,21.76,5.59,13.32,30.0,49.8,25.9,74.54,19.4,40.6,33.1,1759.3
218.04,204.8,185.41,82.91,1.4,11.31,36.0,15.3,85.5,13.32,20.4,68.6,27.1,117.1
60.24,43.4,29.53,19.3,5.62,12.03,26.0,50.2,23.5,76.93,30.6,50.6,5.0,1754.6
62.02,46.13,32.31,20.42,5.05,11.7,28.0,48.2,24.3,75.76,24.5,57.1,20.7,1630.9
60.31,42.37,29.2,18.98,6.31,11.85,26.0,51.8,23.5,77.29,41.1,33.4,13.3,1742.9
72.31,51.9,38.14,23.6,7.08,12.29,24.0,47.1,28.2,72.77,26.1,48.9,23.5,1479.8
122.84,102.54,80.03,44.79,4.54,15.75,32.0,34.9,48.2,51.81,28.2,52.4,59.6,773.6
82.32,63.69,43.95,28.44,5.05,15.17,32.0,46.3,32.2,67.99,23.2,54.7,5.7,1275.9
100.47,78.41,59.6,35.14,6.35,14.66,28.0,40.0,39.2,61.4,26.1,61.4,9.6,974.1
62.71,45.1,31.5,20.18,5.98,11.94,26.0,49.0,24.7,76.07,21.6,62.9,49.5,1733.1
63.36,45.63,31.75,20.43,5.98,12.12,28.0,49.0,24.7,75.83,30.9,42.1,31.3,1662.5
140.13,125.85,99.79,53.37,1.18,16.2,40.0,28.6,54.9,43.24,25.2,40.7,54.8,617.4
177.44,159.45,137.2,66.64,2.97,14.02,34.0,22.7,69.4,29.89,15.9,47.5,11.7,370.9
81.22,60.39,44.41,27.34,6.7,13.4,26.0,45.5,31.8,69.08,33.7,60.4,34.2,1201.3
187.74,175.78,152.31,72.16,0.37,13.58,40.0,19.2,73.7,24.28,25.6,56.7,59.7,273.5
210.77,203.55,180.2,81.89,-1.41,12.54,46.0,14.5,82.7,14.67,30.5,49.1,42.4,141.5
198.46,188.33,164.78,76.61,-0.36,13.21,42.0,16.5,77.6,19.86,26.2,60.5,1.3,199.3
61.6,47.88,28.99,20.84,3.24,14.43,34.0,53.3,24.3,75.41,18.8,59.2,27.7,1744.8
54.62,41.93,25.35,18.03,3.2,13.06,34.0,54.5,21.6,78.12,23.4,56.4,36.2,1980.0
150.71,135.01,107.7,57.04,1.5,16.87,38.0,28.6,59.2,39.76,29.5,60.9,50.9,489.3
59.57,42.54,28.21,18.92,5.69,12.41,28.0,53.3,23.5,77.33,29.8,50.1,13.2,1806.9
169.99,157.44,130.31,65.3,0.12,15.87,40.0,23.5,66.7,31.46,32.3,64.5,39.4,339.2
58.82,45.98,28.22,19.89,2.99,13.65,34.0,52.5,23.1,76.29,32.9,63.5,19.3,1648.2
90.9,73.55,53.04,32.51,4.08,15.03,34.0,41.6,35.7,63.88,23.6,43.0,19.2,1153.6
120.98,101.88,79.64,44.4,4.07,15.43,32.0,33.7,47.5,52.12,22.9,40.3,51.6,812.5
67.9,53.06,34.8,23.33,3.72,14.02,32.0,48.6,26.7,72.91,21.2,30.4,43.1,1756.1
109.14,89.78,70.09,39.55,4.76,14.36,30.0,35.7,42.7,56.86,27.1,61.1,18.1,845.2
143.51,123.24,99.71,52.98,4.06,15.77,32.0,30.6,56.5,43.69,33.0,42.0,34.5,549.8
225.08,216.4,195.22,86.65,-0.55,11.5,42.0,13.3,88.2,9.74,29.9,67.0,26.3,79.4
246.29,239.98,222.06,94.84,-0.88,9.41,46.0,9.8,96.5,1.85,32.5,67.3,45.5,0.0
193.27,181.78,157.88,74.32,0.11,13.65,42.0,18.0,75.7,22.18,30.7,53.8,14.4,227.2
66.36,49.95,33.99,22.17,4.89,13.0,30.0,48.6,25.9,74.07,24.7,63.7,32.3,1545.8
96.31,75.98,55.32,33.88,5.38,15.54,30.0,42.7,37.6,62.65,28.3,44.4,46.6,1090.0
71.45,52.78,35.61,23.7,5.77,14.06,30.0,49.4,27.8,72.67,32.3,45.5,44.5,1502.9
55.8,38.21,28.89,17.1,6.83,9.45,20.0,48.2,22.0,79.15,28.6,59.6,42.5,1937.1
75.51,56.28,39.9,25.34,6.01,13.52,26.0,47.5,29.8,71.02,28.5,41.9,50.7,1519.5
62.03,44.02,31.0,19.75,6.3,11.69,26.0,49.8,24.3,76.52,34.7,61.7,39.0,1612.2
244.12,238.3,223.4,94.28,-0.56,7.9,42.0,8.6,95.7,2.3,36.0,52.5,39.6,0.0
106.61,86.02,63.43,38.07,5.0,16.36,32.0,41.2,42.0,58.57,25.5,55.2,13.4,909.3
222.85,214.52,193.26,85.95,-0.69,11.52,44.0,13.3,87.5,10.43,26.1,61.8,38.5,93.0
151.73,134.88,109.5,57.13,2.25,16.0,36.0,28.2,59.6,39.53,30.5,43.2,29.4,490.3
99.69,85.5,62.88,37.16,2.11,15.35,38.0,36.9,39.2,59.2,28.0,54.9,22.7,931.8
63.14,42.54,28.96,19.41,7.59,12.65,24.0,54.1,24.7,77.0,31.5,34.2,32.4,1936.2
114.15,95.03,74.6,41.66,4.45,14.59,30.0,34.1,44.7,54.77,30.9,44.8,11.1,792.3
170.19,154.78,129.84,64.6,1.59,15.16,38.0,23.5,66.7,32.02,27.7,56.2,23.2,354.0
79.61,62.65,47.35,27.88,4.88,12.2,30.0,41.2,31.4,68.34,25.2,42.0,35.9,1323.9
58.83,41.82,28.67,18.61,5.86,11.68,26.0,51.0,23.1,77.62,22.6,60.1,1.7,1842.7
220.05,208.94,188.56,84.2,0.46,11.49,38.0,14.1,86.3,12.06,28.4,53.9,57.2,113.7
98.48,77.84,59.25,34.74,5.75,14.3,30.0,39.6,38.4,61.71,26.8,41.1,37.5,1038.8
159.64,141.99,118.24,59.97,2.75,15.09,34.0,26.3,62.7,36.61,34.4,65.1,16.9,401.5
104.86,85.02,62.1,37.56,4.64,16.46,32.0,40.8,41.2,59.06,38.6,45.1,44.8,889.6
237.25,230.74,211.7,91.59,-0.99,10.06,46.0,10.6,92.9,4.77,20.2,50.7,45.1,31.7
200.96,187.83,165.72,76.71,0.98,12.87,38.0,17.3,78.8,19.68,29.4,55.5,53.3,198.9
171.3,155.41,132.63,64.93,2.09,14.07,34.0,22.4,67.1,31.52,25.8,79.8,15.5,335.6
129.33,108.8,85.59,47.31,4.43,16.0,32.0,33.3,50.6,49.35,26.3,52.2,51.4,714.0
76.05,57.62,38.98,25.78,5.29,14.71,30.0,48.6,29.8,70.61,28.3,56.8,13.3,1330.2
162.18,147.3,121.87,61.71,1.35,15.49,38.0,24.7,63.5,34.91,28.3,32.3,43.5,452.8
86.46,67.61,49.61,30.19,5.27,14.0,30.0,42.0,33.7,66.17,36.0,62.7,20.0,1049.1
163.67,144.62,122.14,61.13,3.47,14.55,32.0,25.5,64.3,35.43,28.0,57.6,31.5,409.0
245.88,239.46,221.88,94.67,-0.79,9.26,42.0,9.8,96.5,1.87,30.9,36.1,12.1,0.0
87.31,68.33,52.36,30.56,5.59,12.77,28.0,40.4,34.1,65.75,20.0,82.9,9.5,1108.2
76.29,57.82,41.14,25.92,5.55,13.5,30.0,45.9,29.8,70.41,17.5,58.3,21.9,1423.7
181.67,164.66,141.37,68.48,2.39,14.34,36.0,22.4,71.4,28.1,15.0,51.2,46.1,352.9
242.54,237.35,219.69,93.84,-1.23,9.17,44.0,9.4,95.3,2.77,24.7,54.0,4.2,14.8
71.27,51.86,37.07,23.43,6.46,12.75,26.0,47.8,27.8,72.91,29.4,73.8,20.0,1352.1
218.27,208.97,187.91,84.05,-0.31,11.6,42.0,13.7,85.5,12.26,19.5,35.5,31.2,126.8
217.73,209.7,190.11,84.24,-0.53,10.7,42.0,12.9,85.5,11.93,23.0,65.8,30.8,108.3
190.51,176.67,154.58,72.68,1.3,13.1,36.0,18.8,74.9,23.69,33.3,45.4,4.1,239.6
78.26,58.52,40.98,26.36,6.03,14.24,30.0,47.5,30.6,70.06,31.5,45.6,30.8,1314.3
135.23,118.13,94.43,50.66,2.78,15.51,36.0,30.2,52.9,45.86,23.3,41.3,54.6,688.5
170.05,152.1,131.49,63.91,3.25,13.27,32.0,23.1,66.7,32.49,18.9,62.8,20.2,382.2
189.55,176.0,151.96,72.37,0.89,14.08,38.0,20.0,74.5,24.17,30.8,44.6,10.3,251.2
108.47,88.75,65.9,39.09,4.51,16.28,32.0,38.8,42.4,57.51,32.3,70.3,8.4,800.1
220.19,208.85,190.59,84.23,0.87,10.46,38.0,13.3,86.3,11.87,24.4,51.4,46.2,111.8
248.15,240.21,221.93,95.03,-0.37,9.78,42.0,10.6,97.3,1.52,28.0,85.0,18.3,0.0
81.51,63.23,43.82,28.2,4.94,14.92,30.0,46.3,32.2,68.2,22.6,73.3,36.9,1230.7
54.36,39.51,27.09,17.27,4.95,10.88,28.0,49.8,21.2,78.88,35.4,51.7,42.2,1889.8
130.15,111.82,86.59,48.24,3.17,16.7,34.0,32.9,51.0,48.45,30.6,28.6,10.9,684.2
71.99,54.59,35.78,24.31,4.86,14.76,32.0,50.2,28.2,72.05,29.1,38.6,24.1,1505.8
100.49,82.76,60.84,36.41,3.86,15.61,34.0,38.8,39.2,60.05,36.0,66.4,40.2,871.4
113.93,95.63,74.29,41.8,3.95,14.96,34.0,34.9,44.7,54.64,34.6,46.8,52.3,807.6
127.03,107.88,85.6,46.82,3.99,15.29,32.0,32.2,49.8,49.7,28.6,56.5,38.9,685.7
120.62,100.94,78.98,44.09,4.37,15.39,32.0,34.9,47.5,52.44,31.3,52.6,12.6,723.1
55.27,35.59,23.51,16.11,7.65,11.84,24.0,56.5,21.6,80.26,25.9,74.8,7.1,1929.6
67.65,51.69,35.05,22.89,4.52,13.27,30.0,48.6,26.7,73.34,26.2,55.5,11.1,1582.4
110.71,88.53,66.63,39.29,5.74,16.14,30.0,39.6,43.5,57.4,34.0,57.7,37.1,829.3
150.19,133.69,111.0,56.7,2.52,14.52,36.0,25.9,58.8,39.74,34.1,69.1,26.9,445.1
63.94,46.52,32.45,20.79,5.76,12.14,28.0,50.2,25.1,75.46,23.6,68.1,38.2,1655.5
180.5,167.54,142.29,69.16,0.52,14.76,40.0,21.6,71.0,27.45,26.1,33.5,39.6,322.6
239.26,232.47,214.66,92.25,-0.69,9.47,42.0,10.2,93.7,3.96,26.1,57.9,16.1,22.4
182.66,171.64,144.89,70.48,-0.47,15.21,42.0,20.8,71.8,26.28,28.3,44.2,31.7,296.5
79.09,60.87,42.86,27.2,5.16,14.15,30.0,45.5,31.0,69.15,26.5,49.9,40.8,1320.9
150.15,134.48,109.29,56.87,1.8,15.74,36.0,27.5,58.8,39.73,22.6,34.0,41.8,562.5
73.27,57.13,38.5,25.29,4.18,14.31,32.0,47.8,28.6,71.0,30.9,77.6,1.8,1276.2
233.03,224.95,206.43,89.69,-0.35,10.04,42.0,11.8,91.4,6.45,24.4,62.1,5.4,51.0
59.24,42.27,27.75,18.78,5.65,12.53,28.0,52.5,23.1,77.47,19.8,57.0,40.8,1922.4
92.04,73.0,52.48,32.47,4.88,15.35,32.0,43.5,36.1,64.0,35.2,50.8,42.2,1058.7
56.21,39.09,25.15,17.34,5.93,12.34,28.0,55.3,22.0,78.92,28.9,57.8,4.1,1913.2
71.42,54.39,35.07,24.17,4.63,15.01,32.0,50.6,27.8,72.2,27.2,64.0,28.7,1428.2
243.82,239.04,221.75,94.41,-1.31,8.93,46.0,9.0,95.7,2.41,28.6,50.2,3.7,0.0
59.7,44.32,29.57,19.51,4.73,12.28,28.0,50.2,23.5,76.68,27.2,41.5,27.3,1812.1
64.23,46.0,30.92,20.64,6.06,12.96,28.0,51.4,25.1,75.67,32.6,43.8,57.4,1705.3
64.88,50.07,33.27,22.01,3.99,13.22,32.0,49.4,25.5,74.19,29.0,45.9,21.0,1602.4
211.2,201.69,180.41,81.45,-0.26,11.82,42.0,14.5,82.7,14.84,29.6,52.5,60.0,147.3
129.76,112.07,88.98,48.33,3.19,15.41,34.0,31.4,51.0,48.17,18.2,54.4,27.5,706.1
127.95,107.15,84.68,46.69,4.68,15.68,30.0,33.7,50.2,49.94,30.5,65.3,54.9,673.3
234.29,232.08,211.03,91.69,-2.81,10.51,54.0,9.8,91.8,5.64,33.0,64.0,32.5,30.9
74.29,56.07,39.14,25.11,5.45,13.68,30.0,47.5,29.0,71.22,34.9,30.6,24.4,1413.9
228.91,219.81,197.93,87.87,-0.52,11.86,42.0,13.7,89.8,8.68,22.2,54.3,38.7,75.7
80.01,58.01,43.33,26.48,7.51,12.92,24.0,46.3,31.4,69.98,28.6,85.0,37.6,1174.8
245.51,238.99,222.99,94.55,-0.5,8.51,42.0,9.4,96.5,1.83,33.1,52.8,10.0,0.0
167.27,151.42,129.78,63.44,2.28,13.53,34.0,22.0,65.5,32.92,27.7,43.8,37.6,394.4
136.38,119.69,94.9,51.21,2.43,16.01,36.0,30.2,53.3,45.38,24.2,29.1,4.1,673.1
231.07,224.14,203.6,89.27,-1.08,10.9,44.0,11.8,90.6,7.17,29.0,44.3,13.6,54.0
140.64,122.4,100.11,52.48,3.41,14.8,32.0,29.0,55.3,44.0,25.4,52.2,11.7,568.6
139.49,118.2,95.59,51.12,4.69,15.54,30.0,31.0,54.5,45.55,28.4,48.3,25.9,596.4
84.2,67.49,48.26,29.87,4.1,14.37,32.0,42.7,32.9,66.45,33.3,45.7,45.3,1178.6
202.92,190.13,165.35,77.46,0.44,14.15,40.0,18.8,79.6,19.24,31.1,40.8,23.2,196.6
220.31,213.76,194.65,85.59,-0.98,10.24,46.0,11.4,86.3,10.59,30.5,49.2,24.4,90.5
199.62,186.26,164.05,76.15,1.06,12.97,36.0,18.0,78.4,20.25,29.6,59.8,41.3,202.2
62.67,45.61,31.66,20.33,5.64,12.04,28.0,49.0,24.7,75.91,37.6,56.7,1.2,1526.5
62.98,45.59,29.63,20.32,5.55,13.38,30.0,52.5,24.7,75.97,25.2,53.3,14.9,1708.2
70.82,55.14,37.58,24.37,4.16,13.65,30.0,46.7,27.8,71.87,31.2,56.4,51.3,1438.8
179.98,166.2,142.17,68.75,1.02,14.25,38.0,21.2,70.6,27.76,15.5,57.1,33.1,330.6
84.61,68.31,46.72,30.13,3.57,15.69,34.0,44.7,33.3,66.28,17.8,70.3,10.6,1201.5
91.17,73.02,53.38,32.39,4.58,14.66,32.0,41.6,35.7,63.99,28.7,48.0,41.8,1108.7
85.06,65.37,46.42,29.31,5.61,14.81,30.0,45.9,33.3,67.14,23.7,53.9,48.7,1264.6
79.87,58.76,41.37,26.64,6.71,14.39,28.0,48.6,31.4,69.85,29.4,48.5,7.9,1289.8
85.04,64.62,47.7,29.11,6.24,13.74,28.0,43.5,33.3,67.3,31.3,51.6,36.2,1176.7
238.93,233.9,213.01,92.54,-1.8,10.75,48.0,11.0,93.7,4.51,21.0,70.7,39.1,27.6
159.68,143.09,120.49,60.32,2.49,14.3,34.0,25.1,62.7,36.13,31.0,49.8,53.0,443.4
75.19,56.37,39.06,25.31,5.69,14.02,28.0,47.8,29.4,71.06,18.1,51.6,55.2,1554.0
243.81,239.31,221.39,94.46,-1.51,9.2,46.0,9.4,95.7,2.54,18.0,47.4,15.3,0.0
138.14,119.1,94.8,51.22,3.49,16.11,34.0,31.0,54.1,45.44,27.7,48.7,41.3,614.6
100.83,81.86,61.09,36.19,4.6,15.17,32.0,39.6,39.6,60.27,27.3,30.4,31.3,1017.9
73.15,56.87,39.05,25.21,4.37,13.84,32.0,46.7,28.6,71.06,33.5,68.1,15.1,1275.0
112.74,92.56,71.08,40.74,4.82,15.44,32.0,37.3,44.3,55.8,28.5,61.4,11.6,794.3
51.65,38.5,24.11,16.53,3.84,11.88,32.0,53.7,20.4,79.59,34.8,49.9,33.0,1958.5
64.08,48.28,35.04,21.4,5.02,11.22,26.0,45.5,25.1,74.77,32.5,59.2,26.5,1521.9
73.97,55.12,39.54,24.79,5.97,13.0,26.0,45.9,29.0,71.53,26.0,61.4,23.2,1369.3
102.26,84.56,60.41,37.11,3.51,16.84,36.0,41.2,40.0,59.49,26.4,44.1,36.7,984.4
103.5,86.75,65.79,37.99,3.47,14.76,34.0,36.1,40.4,58.37,35.0,44.4,12.5,884.5
52.07,39.07,25.41,16.79,3.84,11.35,32.0,51.8,20.4,79.32,26.8,59.0,38.1,1985.0
128.54,110.12,85.73,47.59,3.35,16.3,34.0,33.3,50.6,49.04,15.0,50.7,28.7,752.7
179.4,165.1,141.1,68.39,1.24,14.33,38.0,21.2,70.2,28.13,28.7,34.4,4.5,324.9
187.19,169.47,147.72,70.37,2.87,13.56,32.0,20.8,73.3,26.14,40.1,49.8,22.6,255.5
197.16,181.62,158.53,74.62,1.76,13.77,36.0,19.2,77.3,21.94,25.8,56.7,44.5,230.3
230.56,221.26,203.04,88.49,0.13,10.08,38.0,12.2,90.6,7.6,28.1,54.5,54.4,66.8
67.43,52.25,34.35,23.02,3.96,13.89,32.0,49.4,26.3,73.23,28.1,62.8,10.3,1505.5
245.77,241.03,220.28,95.02,-1.87,10.59,48.0,10.6,96.5,3.02,33.0,63.3,46.9,0.0
243.98,238.16,223.0,94.23,-0.6,8.03,42.0,8.6,95.7,2.3,29.4,52.8,17.6,0.0
122.69,103.02,79.37,44.89,4.1,16.28,32.0,35.7,48.2,51.75,20.2,31.9,40.3,837.9
215.39,206.25,184.89,83.06,-0.41,11.76,42.0,14.1,84.3,13.26,21.5,51.7,20.1,130.0
209.91,196.89,177.64,80.05,1.36,11.29,36.0,15.3,82.4,16.14,30.1,61.0,26.2,145.5
63.98,49.35,31.33,21.64,3.76,14.0,32.0,51.4,25.1,74.6,28.8,61.8,12.8,1537.2
58.01,42.04,28.41,18.56,5.26,11.77,28.0,51.8,22.7,77.64,22.9,61.4,42.4,1928.5
103.95,83.7,62.53,37.09,5.08,15.56,30.0,39.6,40.8,59.45,32.7,52.2,17.2,889.0
122.5,102.55,81.87,44.79,4.64,14.66,32.0,32.9,47.8,51.69,31.3,69.2,39.7,676.9
66.82,50.63,34.76,22.45,4.78,12.87,30.0,47.8,26.3,73.78,23.8,51.7,8.0,1565.8
192.73,178.8,155.36,73.44,1.11,13.77,38.0,19.6,75.7,23.07,28.5,69.9,34.9,230.3
144.19,123.97,99.71,53.24,3.93,16.14,32.0,30.6,56.5,43.49,27.9,57.5,32.9,545.6
119.18,98.73,76.26,43.26,4.68,15.86,32.0,36.1,46.7,53.35,27.7,41.4,14.9,794.6
214.76,204.75,182.28,82.56,-0.26,12.44,42.0,15.3,84.3,13.89,16.3,60.3,31.3,139.0
221.4,213.35,190.91,85.48,-0.98,12.08,44.0,13.7,86.7,11.06,29.8,69.4,18.4,91.5
177.05,165.36,137.39,68.18,-0.38,16.05,42.0,22.7,69.4,28.71,31.2,46.9,39.3,320.6
233.74,228.01,210.16,90.6,-1.07,9.4,46.0,10.2,91.8,5.64,30.7,75.8,19.5,34.1
139.52,124.44,96.57,52.86,1.27,17.35,38.0,30.6,54.9,43.95,29.2,39.7,35.3,595.9
222.4,214.24,193.32,85.84,-0.7,11.34,44.0,12.9,87.1,10.49,22.6,41.4,54.8,102.5
53.76,37.57,26.97,16.58,5.96,10.03,24.0,49.8,21.2,79.61,29.6,85.0,18.6,1763.0
58.99,42.4,28.34,18.8,5.51,12.16,28.0,52.5,23.1,77.43,31.7,49.4,28.0,1776.6
60.44,42.82,30.16,19.16,6.2,11.44,26.0,50.2,23.5,77.09,22.7,53.3,42.0,1866.6
79.16,60.92,43.65,27.24,5.27,13.7,30.0,44.3,31.0,69.09,29.7,40.6,46.3,1336.9
244.16,240.22,221.43,94.72,-1.84,9.55,50.0,9.4,95.7,2.72,39.7,46.9,42.9,0.0
110.29,92.03,69.53,40.29,3.84,15.73,34.0,36.5,43.1,56.21,26.0,35.1,1.2,905.9
82.43,64.19,46.92,28.66,5.17,13.58,30.0,42.7,32.2,67.66,27.7,47.5,39.7,1268.1
179.93,164.2,141.19,68.2,1.94,14.02,36.0,21.6,70.6,28.29,30.9,44.6,57.0,328.5
162.42,149.11,123.45,62.25,0.68,15.35,40.0,23.9,63.5,34.34,27.0,63.6,22.9,390.7
81.98,63.88,44.33,28.46,4.82,14.95,32.0,46.3,32.2,67.94,27.4,52.1,38.9,1289.4
243.46,239.18,221.4,94.4,-1.56,9.1,50.0,9.0,95.3,2.61,37.4,56.1,23.0,3.2
212.63,208.34,184.81,83.37,-2.5,12.22,50.0,13.3,83.5,13.37,27.8,60.0,18.0,119.2
80.77,62.34,45.37,27.88,5.36,13.49,28.0,44.3,31.8,68.44,23.5,41.5,11.6,1327.9
88.71,70.09,49.75,31.18,4.78,15.28,30.0,43.9,34.9,65.26,39.2,64.8,58.3,1057.9
53.55,39.26,24.78,17.03,4.4,12.12,28.0,53.7,21.2,79.13,25.7,65.3,34.4,1903.9
231.91,224.44,203.53,89.41,-0.95,11.14,42.0,12.2,91.0,7.08,28.4,58.1,41.2,54.8
69.84,52.63,35.42,23.45,5.04,13.81,30.0,49.8,27.5,72.85,26.6,59.9,22.4,1478.4
138.08,116.6,95.54,50.54,5.02,14.75,30.0,30.6,54.1,46.04,34.3,69.4,41.6,563.2
173.37,155.04,132.11,65.01,3.03,14.5,34.0,23.5,67.8,31.58,32.2,71.1,53.7,340.5
63.2,45.1,27.07,20.15,5.68,14.86,30.0,57.3,24.7,76.25,16.2,52.9,35.5,1987.3
61.74,42.8,28.96,19.3,6.71,12.46,26.0,53.3,24.3,77.03,31.1,64.6,9.7,1613.1
238.92,233.84,214.12,92.55,-1.6,10.19,48.0,10.6,93.7,4.21,28.9,56.2,17.9,23.4
72.65,53.2,39.68,24.06,6.61,11.9,24.0,45.1,28.6,72.26,36.9,46.7,38.4,1385.9
89.99,70.65,49.94,31.5,5.06,15.6,32.0,44.3,35.3,65.0,18.7,75.6,38.4,1150.6
140.03,120.61,96.15,51.84,3.61,16.22,34.0,31.4,54.9,44.85,31.3,77.4,44.8,538.4
69.5,53.88,36.45,23.8,4.19,13.6,32.0,47.8,27.1,72.44,26.8,31.5,40.9,1606.4
83.91,66.03,47.04,29.38,4.72,14.49,30.0,43.9,32.9,66.98,24.5,51.1,31.4,1230.7
191.32,179.05,154.31,73.36,0.29,14.22,40.0,19.2,74.9,23.23,21.7,51.5,55.1,268.6
61.87,47.66,30.6,20.84,3.73,13.39,32.0,49.8,24.3,75.36,22.8,52.0,37.2,1781.8
204.74,192.91,173.3,78.5,0.88,11.37,38.0,15.7,80.4,17.66,40.3,48.9,22.8,160.8
54.49,38.51,27.48,16.98,5.76,10.23,26.0,49.8,21.2,79.2,29.8,60.6,40.5,1917.4
137.87,120.7,96.4,51.66,2.69,15.79,36.0,30.6,54.1,44.91,18.8,41.3,24.3,651.0
246.03,239.13,222.02,94.6,-0.55,9.09,42.0,9.8,96.5,1.75,35.1,36.0,26.0,0.0
222.12,212.21,192.01,85.27,0.04,11.21,40.0,13.3,87.1,10.96,27.4,43.0,50.5,103.2
218.8,209.88,187.61,84.32,-0.63,12.14,42.0,14.1,85.9,12.15,17.6,50.6,35.1,120.8
59.8,42.83,29.2,19.06,5.74,11.94,28.0,51.8,23.5,77.17,36.9,79.8,16.4,1502.4
235.51,231.32,212.02,91.61,-1.85,9.89,48.0,10.2,92.5,5.06,26.8,82.7,53.6,32.9
179.42,164.09,141.96,68.15,1.92,13.51,36.0,20.8,70.2,28.25,25.3,32.5,28.9,339.2
217.98,207.04,186.05,83.49,0.31,11.79,40.0,14.5,85.5,12.82,38.8,54.6,1.3,102.4
126.42,109.75,84.72,47.26,2.51,16.4,36.0,32.5,49.4,49.34,18.5,68.0,28.6,701.3
101.32,81.66,61.19,36.19,4.96,15.11,32.0,39.6,39.6,60.29,19.4,70.4,58.7,1021.7
123.86,104.2,81.08,45.38,4.15,15.94,32.0,34.5,48.6,51.22,28.6,50.8,15.4,714.3
168.73,151.78,128.01,63.63,2.39,14.81,36.0,24.3,66.3,32.94,22.9,47.7,35.9,405.1
207.11,196.1,176.01,79.58,0.49,11.47,38.0,14.9,81.2,16.6,24.0,50.8,37.9,175.1
60.67,43.72,27.53,19.41,5.37,13.53,30.0,54.1,23.9,76.88,29.5,32.1,30.0,1925.0
146.7,128.62,103.69,54.84,2.89,16.08,34.0,29.4,57.6,41.83,32.0,47.9,37.9,529.5
217.11,205.11,184.01,82.89,0.68,12.0,38.0,15.3,85.1,13.45,41.7,50.6,21.7,114.9
190.75,178.22,154.88,73.11,0.61,13.55,38.0,18.8,74.9,23.34,25.0,49.6,11.3,253.6
62.43,45.69,28.91,20.27,5.11,13.77,30.0,53.3,24.3,76.02,25.7,37.5,22.4,1856.9
109.71,90.05,66.79,39.62,4.4,16.46,32.0,39.2,43.1,57.0,28.1,45.2,6.8,882.7
245.52,240.48,222.3,94.91,-1.36,9.38,46.0,9.8,96.5,2.19,26.3,64.0,32.7,0.0
242.01,237.66,216.67,93.81,-2.06,10.68,50.0,10.2,94.9,3.76,24.4,48.4,12.7,11.7
68.21,49.64,31.52,22.26,5.71,14.78,30.0,52.9,26.7,74.15,29.5,64.4,21.4,1499.2
235.11,227.78,209.23,90.63,-0.63,9.94,44.0,11.0,92.2,5.57,31.6,46.0,49.7,40.7
68.15,49.17,35.59,22.2,6.51,12.02,24.0,47.1,26.7,74.11,24.9,52.3,57.9,1656.2
94.59,73.35,55.18,32.92,6.2,14.31,28.0,42.0,37.3,63.56,27.0,56.9,39.8,1078.2
203.84,191.1,168.56,77.86,0.76,12.99,38.0,17.3,80.0,18.58,28.7,61.1,2.3,177.6
67.61,54.09,35.07,23.62,2.93,14.21,34.0,48.6,26.7,72.61,27.7,45.9,18.9,1523.1
70.36,54.32,37.67,24.07,4.48,13.18,30.0,45.9,27.5,72.16,38.5,59.8,8.6,1327.8
85.23,66.81,46.79,29.76,4.82,15.17,32.0,44.7,33.3,66.67,29.5,41.2,55.8,1292.3
83.89,63.46,45.2,28.58,6.11,14.6,28.0,46.3,32.9,67.88,26.3,73.6,5.5,1155.4
105.58,86.12,65.01,38.01,4.69,15.31,30.0,38.8,41.6,58.48,24.1,72.0,50.3,910.3
125.51,106.7,83.38,46.29,3.72,15.86,34.0,34.1,49.4,50.28,25.0,53.8,25.4,705.4
57.75,42.24,28.83,18.6,5.05,11.53,26.0,49.8,22.7,77.57,25.6,64.1,21.7,1809.9
224.8,214.74,195.56,86.21,0.26,10.7,40.0,12.9,88.2,9.94,24.1,44.0,37.1,93.4
225.7,217.88,194.91,87.06,-1.14,12.27,44.0,13.7,88.6,9.66,15.0,50.4,21.9,83.7
118.34,100.4,80.95,43.74,3.99,13.7,30.0,31.4,46.3,52.59,22.4,67.7,40.7,747.6
58.63,41.63,29.22,18.53,5.96,11.2,26.0,51.0,23.1,77.69,31.4,39.4,7.8,1786.9
82.91,63.99,45.62,28.63,5.36,14.37,30.0,44.7,32.5,67.76,31.1,62.1,57.8,1224.4
103.19,81.61,62.87,36.42,6.07,14.43,28.0,38.8,40.4,60.09,26.8,47.1,15.6,956.2
198.59,186.2,165.46,76.08,0.93,12.09,38.0,17.3,78.0,20.16,25.5,50.0,22.3,207.5
200.16,189.05,164.57,76.93,-0.14,13.79,42.0,17.6,78.4,19.67,27.0,53.2,26.6,196.3
74.23,53.26,38.57,24.26,7.19,12.92,24.0,47.5,29.0,72.16,29.2,45.9,37.6,1431.9
115.45,95.47,72.44,41.88,4.46,16.2,32.0,37.3,45.1,54.74,21.5,54.6,59.8,893.6
138.18,119.2,97.84,51.31,3.89,14.47,32.0,29.0,54.1,45.15,23.0,42.0,60.0,671.6
146.62,128.41,104.3,54.78,3.07,15.65,34.0,29.4,57.6,41.83,27.0,55.7,26.7,521.2
117.51,98.94,74.33,43.11,3.56,16.77,34.0,37.3,46.3,53.55,29.8,73.2,53.6,758.2
73.94,56.93,38.17,25.3,4.6,14.56,32.0,48.6,29.0,71.04,26.9,52.6,34.8,1417.7
141.3,121.0,98.58,52.13,4.27,15.21,32.0,29.8,55.3,44.47,32.9,67.2,20.6,525.0
244.46,240.05,221.16,94.69,-1.69,9.65,50.0,9.4,95.7,2.63,29.7,39.0,39.9,0.0
231.6,227.87,205.65,90.29,-2.48,11.3,50.0,11.4,91.0,6.84,28.5,55.8,27.6,50.0
243.8,240.71,221.67,94.82,-2.17,9.56,52.0,9.0,95.7,2.97,21.6,43.2,7.8,0.0
102.04,84.05,63.35,37.0,4.12,14.9,32.0,38.4,40.0,59.4,31.6,66.2,47.2,884.3
61.11,44.31,29.89,19.69,5.5,12.34,28.0,51.0,23.9,76.55,40.4,76.6,48.4,1493.5
49.54,36.4,23.43,15.57,4.1,11.04,28.0,54.1,19.6,80.54,36.2,52.1,2.4,1983.0
135.65,116.71,93.73,50.29,3.68,15.42,32.0,31.0,53.3,46.27,26.4,48.0,40.8,638.2
86.29,68.01,50.66,30.31,5.08,13.49,30.0,40.8,33.7,66.0,23.2,63.2,54.5,1216.6
219.87,209.95,190.41,84.48,0.16,10.91,40.0,13.7,86.3,11.68,27.7,41.3,14.1,110.0
196.47,181.88,161.6,74.7,1.84,12.2,36.0,17.3,76.9,21.58,24.8,71.8,59.7,234.0
240.94,236.36,219.48,93.46,-1.31,8.73,46.0,9.0,94.5,3.13,26.5,58.1,37.0,9.8
218.92,208.82,188.49,84.08,0.1,11.34,40.0,14.1,85.9,12.15,19.1,62.2,36.8,120.1
143.95,126.31,100.16,53.87,2.56,16.73,36.0,30.6,56.5,42.88,31.0,49.5,14.9,532.9
100.12,79.26,57.13,35.29,5.35,16.38,30.0,43.1,39.2,61.35,26.8,55.3,47.6,1004.9
189.68,179.83,157.72,73.51,-0.22,12.55,42.0,16.9,74.5,22.78,31.8,44.6,11.5,237.8
153.62,136.29,109.17,57.68,2.19,16.97,36.0,29.4,60.4,39.18,33.6,29.8,30.4,487.9
54.7,38.17,24.64,16.84,5.72,12.0,26.0,54.5,21.6,79.39,26.3,64.6,24.5,1930.1
72.32,55.57,37.35,24.68,4.58,14.23,32.0,48.6,28.2,71.63,27.9,55.6,4.7,1413.4
70.88,57.28,39.0,25.06,2.99,13.64,34.0,45.1,27.8,71.14,20.1,60.7,8.9,1472.6
163.71,144.49,122.44,61.11,3.61,14.36,32.0,25.5,64.3,35.44,26.4,43.8,5.5,433.9
73.5,55.47,39.02,24.83,5.45,13.37,28.0,47.5,29.0,71.48,27.0,74.0,4.0,1339.0
176.57,160.7,137.29,66.9,1.95,14.31,36.0,22.7,69.4,29.62,25.3,56.0,57.0,351.0
78.58,61.71,43.32,27.39,4.44,14.11,32.0,45.5,31.0,68.91,28.5,45.5,21.5,1316.4
190.88,179.23,156.39,73.42,0.35,13.16,40.0,18.4,74.9,22.96,29.6,45.8,24.7,240.5
208.79,200.12,176.91,80.77,-0.86,12.7,44.0,15.3,82.0,15.73,26.3,43.0,49.9,165.6
194.51,179.45,158.72,73.84,1.96,12.53,34.0,18.4,76.5,22.49,25.1,56.3,47.1,242.3
115.64,97.97,77.15,42.7,3.71,14.5,32.0,33.7,45.5,53.68,28.0,54.4,12.9,759.6
207.66,196.99,176.28,79.86,0.27,11.73,40.0,15.3,81.6,16.37,22.7,36.4,50.3,181.9
152.26,133.49,110.93,56.84,3.46,14.78,32.0,27.1,59.6,39.69,34.9,79.1,36.7,433.6
66.31,49.48,33.63,22.01,5.14,13.03,28.0,48.6,25.9,74.24,29.1,74.0,28.0,1446.8
83.23,62.75,43.29,28.26,6.0,15.37,30.0,48.2,32.5,68.26,19.7,72.7,10.7,1245.6
205.31,194.31,171.8,78.88,0.11,12.71,40.0,16.1,80.4,17.52,33.5,39.7,17.5,173.7
59.57,39.0,27.25,17.82,7.97,11.63,22.0,54.9,23.5,78.58,31.0,45.5,32.2,1860.0
246.53,240.29,221.44,94.92,-1.05,9.85,44.0,10.6,96.9,2.07,20.7,46.2,23.2,0.0
70.35,53.61,37.08,23.84,4.87,13.26,30.0,47.1,27.5,72.42,27.3,69.6,20.5,1392.1
245.79,238.4,221.29,94.39,-0.38,9.16,40.0,10.2,96.5,1.84,22.2,64.0,59.1,0.0
93.14,77.05,56.28,33.85,3.38,14.85,34.0,39.6,36.5,62.49,25.0,56.9,31.8,1042.5
58.73,41.18,26.42,18.35,5.96,12.86,28.0,56.1,23.1,77.94,28.6,58.2,39.8,1917.9
158.0,140.57,116.71,59.41,2.66,15.14,36.0,25.9,62.0,37.16,25.1,20.7,37.5,502.1
88.38,68.86,50.06,30.79,5.44,14.55,30.0,43.1,34.5,65.63,30.4,53.9,58.2,1186.0
105.27,86.69,63.53,38.11,4.0,16.34,34.0,39.2,41.2,58.46,16.5,40.2,52.4,1090.7
168.61,147.18,126.8,62.38,4.71,13.73,28.0,24.7,66.3,34.21,24.6,31.5,33.6,440.2
58.15,43.18,29.41,18.95,4.7,11.62,28.0,49.8,22.7,77.21,32.1,42.7,53.7,1893.7
195.49,181.22,159.85,74.4,1.55,12.72,36.0,18.0,76.5,21.94,31.3,54.8,13.7,215.2
158.96,140.53,117.06,59.49,3.12,15.08,34.0,26.3,62.4,37.11,27.5,39.4,25.0,466.2
77.76,58.49,42.25,26.32,5.98,13.35,26.0,46.3,30.6,70.03,27.4,32.5,28.0,1391.5
60.38,44.67,29.38,19.7,4.81,12.67,30.0,51.8,23.5,76.51,33.9,66.2,57.3,1618.9
210.08,196.79,175.31,79.99,1.11,12.46,38.0,16.9,82.4,16.39,31.5,46.7,25.3,151.0
64.3,51.64,33.49,22.43,2.68,13.62,36.0,48.6,25.1,73.75,28.0,69.4,52.7,1530.4
149.16,130.57,108.11,55.69,3.44,14.76,34.0,27.5,58.4,40.83,21.7,34.4,20.5,556.0
125.24,105.31,83.14,45.87,4.38,15.42,32.0,33.7,49.0,50.69,26.6,81.7,20.2,648.6
198.12,187.89,164.68,76.46,-0.27,13.05,42.0,16.5,77.6,19.97,32.2,56.2,41.6,200.3
221.13,210.56,192.2,84.78,0.58,10.4,40.0,12.9,86.7,11.31,31.0,69.8,15.4,96.1
120.22,100.63,76.97,43.92,4.11,16.34,34.0,35.7,47.1,52.72,29.1,28.7,46.6,831.0
181.3,165.86,142.24,68.78,1.73,14.27,36.0,21.6,71.0,27.75,36.3,66.3,58.8,288.2
242.57,238.85,220.05,94.22,-1.92,9.53,50.0,9.4,95.3,3.05,28.2,42.2,6.2,0.0
218.56,210.54,191.14,84.55,-0.5,10.6,42.0,12.9,85.9,11.6,18.9,60.1,2.1,107.3
168.33,154.11,130.89,64.28,1.38,14.1,38.0,22.0,65.9,32.14,27.7,64.9,48.7,362.0
76.5,58.93,39.74,26.25,4.76,14.84,30.0,48.2,30.2,70.12,23.7,42.3,38.2,1434.3
239.78,234.14,217.89,92.78,-0.84,8.56,44.0,9.0,94.1,3.52,34.8,65.5,35.0,17.1
101.7,81.92,58.68,36.26,4.64,16.74,32.0,42.4,40.0,60.38,31.5,28.4,56.4,1060.6
140.8,121.16,96.85,52.08,3.72,16.15,32.0,31.4,55.3,44.61,29.5,57.5,19.4,565.3
79.36,60.79,42.66,27.2,5.32,14.29,30.0,45.5,31.0,69.17,34.3,81.9,57.1,1195.1
89.27,71.51,51.5,31.7,4.39,14.88,32.0,41.6,34.9,64.69,39.9,46.0,50.7,1064.9
202.12,190.71,166.37,77.56,-0.0,13.73,42.0,17.6,79.2,19.04,31.2,56.1,50.5,196.8
244.82,238.6,222.12,94.38,-0.68,8.71,44.0,9.4,96.1,2.03,27.8,63.4,51.8,0.0
78.59,60.85,42.36,27.12,4.87,14.36,30.0,46.7,31.0,69.23,25.6,52.1,11.2,1301.3
56.17,39.31,28.02,17.46,6.14,10.55,24.0,49.8,22.0,78.76,23.4,47.9,2.3,1998.8
54.85,39.89,26.53,17.44,4.86,11.49,28.0,51.0,21.6,78.72,33.2,44.2,41.9,1953.1
194.34,180.0,158.64,73.96,1.59,12.74,36.0,18.0,76.1,22.38,31.0,57.2,48.6,232.0
58.4,41.88,30.42,18.6,5.84,10.47,26.0,48.2,22.7,77.6,30.6,50.8,21.2,1787.8
58.21,42.14,28.27,18.61,5.28,11.94,28.0,51.8,22.7,77.59,24.1,51.1,50.6,1930.0
189.69,180.67,158.4,73.74,-0.56,12.51,44.0,16.9,74.5,22.56,28.3,40.0,36.3,248.1
74.86,54.99,39.91,24.87,6.54,12.88,26.0,46.7,29.4,71.49,27.1,70.6,52.7,1361.3
61.04,43.1,32.87,19.38,6.68,9.91,22.0,45.9,23.9,76.87,37.4,61.4,34.6,1619.7
124.7,107.46,83.33,46.42,2.92,16.05,34.0,33.7,49.0,50.14,25.2,67.0,27.3,682.6
234.36,228.16,207.74,90.63,-1.32,10.71,46.0,11.0,91.8,5.92,29.9,35.4,26.1,44.1
228.92,219.08,201.91,87.78,0.49,9.64,38.0,11.8,89.8,8.24,24.7,52.1,47.1,74.2
88.56,69.17,50.85,30.92,5.44,14.23,28.0,42.7,34.9,65.48,25.6,55.4,34.6,1142.1
156.36,139.09,115.07,58.82,2.58,15.24,36.0,26.3,61.2,37.76,30.0,54.1,53.3,466.8
149.13,132.81,109.08,56.32,2.3,15.07,36.0,26.7,58.4,40.18,38.1,57.1,34.0,453.0
67.81,51.3,33.0,22.75,4.6,14.43,30.0,51.4,26.7,73.57,24.9,59.2,25.3,1554.3
151.79,133.52,111.94,56.82,3.4,14.18,34.0,26.3,59.6,39.63,29.3,32.1,7.0,509.9
86.56,70.94,49.11,31.18,3.15,15.62,34.0,43.5,34.1,65.21,23.7,45.2,45.6,1246.7
135.12,113.35,92.11,49.28,5.17,14.97,30.0,31.8,52.9,47.33,28.6,50.2,20.2,630.5
217.7,207.99,187.31,83.74,-0.09,11.47,40.0,14.1,85.5,12.52,31.0,66.7,46.0,115.7
173.8,157.72,136.26,65.84,2.35,13.37,34.0,22.0,68.2,30.53,29.1,53.7,21.2,333.9
124.48,106.83,83.37,46.22,3.19,15.75,36.0,32.9,48.6,50.31,20.8,49.0,56.9,788.2
195.9,183.52,160.92,75.06,0.64,13.08,40.0,18.0,76.9,21.33,33.0,65.2,38.1,205.8
57.08,43.75,28.78,18.98,3.68,12.05,32.0,49.0,22.4,77.15,23.9,68.7,52.7,1894.7
90.49,71.03,50.97,31.69,5.19,15.22,30.0,43.1,35.3,64.78,33.8,42.5,48.2,1126.6
91.34,75.15,56.43,33.1,3.76,13.71,32.0,38.4,35.7,63.16,26.0,45.5,16.4,1089.8
244.96,238.44,219.34,94.29,-0.99,10.02,44.0,10.6,96.1,2.49,27.0,48.7,42.4,0.0
111.71,90.3,69.41,39.96,5.49,15.37,30.0,38.4,43.9,56.62,27.2,39.8,1.0,894.2
59.29,45.58,30.42,19.87,3.78,12.17,34.0,49.0,23.1,76.27,30.2,50.4,15.6,1718.1
228.81,220.93,202.17,88.24,-0.46,10.17,42.0,11.8,89.8,7.91,22.6,58.7,50.1,67.1
60.49,43.14,29.44,19.25,5.91,12.04,28.0,51.8,23.5,77.0,27.1,69.4,47.5,1749.7
58.37,41.7,26.52,18.46,5.43,12.93,30.0,53.3,22.7,77.8,29.4,69.4,49.4,1770.2
194.68,182.38,157.82,74.59,0.32,14.08,38.0,18.8,76.5,22.01,27.4,77.1,44.1,217.0
154.31,141.11,112.91,59.13,0.31,16.86,40.0,26.7,60.4,37.7,20.2,38.5,41.5,524.0
54.5,40.28,29.44,17.58,4.82,9.68,26.0,46.3,21.2,78.54,29.9,67.8,43.7,1855.5
105.91,85.14,63.98,37.75,5.29,15.59,30.0,39.6,41.6,58.82,23.8,49.1,3.8,942.9
145.99,131.42,105.59,55.57,1.28,15.99,38.0,27.5,57.3,41.04,29.2,70.1,31.5,488.2
112.07,96.77,73.09,41.91,2.28,15.79,36.0,34.9,43.9,54.54,33.9,55.4,23.5,758.0
104.99,82.62,63.01,36.91,6.28,15.04,28.0,40.0,41.2,59.68,29.1,40.0,43.4,987.6
81.28,61.86,43.38,27.76,5.65,14.62,30.0,47.1,31.8,68.66,29.0,53.6,22.0,1257.4
190.94,177.45,150.19,72.83,0.37,15.71,40.0,21.6,74.9,24.12,35.5,58.5,1.5,232.8
103.26,84.6,62.07,37.27,4.16,16.05,34.0,40.0,40.4,59.26,30.4,57.5,23.5,899.6
83.58,64.74,44.67,28.91,5.08,15.36,30.0,46.3,32.9,67.55,36.2,64.3,54.5,1181.3
88.96,74.49,48.4,32.49,1.98,17.82,38.0,45.9,34.9,64.14,33.4,57.1,42.1,1071.3
79.7,61.68,43.23,27.52,4.98,14.35,30.0,46.3,31.4,68.83,31.5,46.6,51.7,1307.7
104.92,83.94,61.8,37.25,5.28,16.23,30.0,40.8,41.2,59.39,26.3,51.1,33.3,934.4
145.12,126.19,104.55,54.04,3.74,14.46,32.0,27.5,56.9,42.44,29.7,61.4,52.0,553.6
183.1,168.26,145.37,69.64,1.6,13.77,36.0,20.8,71.8,26.81,45.0,33.9,58.5,287.9
101.62,80.51,59.84,35.87,5.62,15.52,30.0,41.2,40.0,60.7,26.5,46.7,34.6,999.0
85.67,69.01,49.87,30.52,4.05,14.25,32.0,42.0,33.7,65.79,31.1,52.6,27.3,1115.9
67.38,44.47,34.3,20.67,9.08,10.83,18.0,49.4,26.3,75.84,23.2,71.1,44.6,1623.5
158.96,143.21,121.68,60.31,2.31,13.61,34.0,23.1,62.4,36.03,23.3,66.7,33.6,428.2
103.45,85.56,63.86,37.6,3.91,15.41,34.0,38.0,40.4,58.85,27.4,80.3,33.9,845.8
83.24,67.33,48.25,29.71,3.75,14.15,32.0,42.4,32.5,66.57,36.5,57.2,29.8,1097.8
199.41,187.02,166.51,76.39,0.96,11.97,38.0,16.1,78.0,19.84,26.3,48.4,26.8,201.1
245.71,238.2,222.79,94.36,-0.06,8.35,40.0,9.4,96.5,1.85,30.0,51.7,54.1,0.0
56.36,41.75,29.51,18.28,4.77,10.62,28.0,46.3,22.0,77.85,33.6,58.9,55.0,1802.7
70.32,52.07,35.8,23.35,5.69,13.45,28.0,48.6,27.5,72.97,28.4,41.2,3.9,1522.1
84.93,69.0,48.35,30.4,3.5,15.04,34.0,43.5,33.3,65.95,28.9,46.5,19.9,1180.9
94.46,73.72,55.83,33.02,6.0,14.04,28.0,40.4,36.9,63.42,31.5,72.0,51.3,992.8
202.18,188.33,167.58,76.98,1.46,12.27,36.0,16.9,79.2,19.32,34.0,59.3,22.2,182.6
115.1,95.86,72.66,41.95,4.11,16.17,32.0,36.5,45.1,54.64,31.5,46.8,56.8,830.3
52.71,37.64,26.41,16.45,5.3,10.22,26.0,51.0,20.8,79.7,29.7,70.7,15.0,1832.8
102.1,81.13,60.56,36.11,5.56,15.41,30.0,40.4,40.0,60.44,27.8,49.0,44.6,1004.3
229.19,221.28,204.01,88.4,-0.21,9.43,40.0,11.0,89.8,7.65,33.4,55.7,28.0,58.5
137.16,120.12,94.58,51.4,2.47,16.47,36.0,30.6,53.7,45.26,32.4,48.5,41.8,598.7
132.32,116.36,93.05,49.86,2.37,15.17,36.0,29.4,51.8,46.59,30.8,58.6,48.3,617.1
61.51,45.53,31.33,20.15,5.07,11.99,30.0,49.8,24.3,76.05,33.4,63.0,38.6,1644.0
215.77,206.02,185.78,83.05,-0.01,11.28,40.0,13.7,84.7,13.16,27.3,59.7,33.9,118.0
127.14,108.09,86.14,46.9,3.99,15.09,32.0,32.2,49.8,49.6,26.2,37.8,52.6,755.9
115.01,95.56,72.4,41.85,4.21,16.19,34.0,37.3,45.1,54.75,39.1,60.5,57.5,756.5
229.29,219.92,199.46,87.97,-0.2,11.2,42.0,12.9,89.8,8.36,25.4,52.9,59.3,79.0
199.85,189.45,169.06,77.11,0.24,11.62,38.0,15.7,78.4,19.07,26.3,42.6,57.3,208.1
239.34,234.67,213.9,92.79,-1.91,10.64,50.0,10.6,93.7,4.34,30.0,50.5,41.7,24.5
59.96,46.88,29.28,20.34,3.11,13.55,34.0,51.8,23.5,75.84,18.3,50.0,58.0,1976.5
68.73,52.0,34.38,23.1,4.77,14.01,30.0,50.6,27.1,73.2,26.7,42.6,8.3,1587.6
122.45,103.07,80.32,44.9,4.1,15.72,32.0,34.5,47.8,51.67,22.4,60.7,26.5,739.4
138.41,120.4,95.92,51.62,3.02,16.02,34.0,30.6,54.1,45.0,27.0,67.8,51.9,588.3
82.79,62.71,46.13,28.25,6.18,13.54,28.0,44.7,32.5,68.14,32.2,60.3,9.6,1154.4
75.76,58.08,40.99,25.92,5.11,13.6,30.0,45.9,29.8,70.38,29.3,66.5,34.8,1286.6
236.38,233.27,212.46,92.18,-2.46,10.49,52.0,10.2,92.5,5.06,30.7,58.6,38.7,30.9
73.78,56.4,41.27,25.19,5.28,12.39,28.0,44.7,29.0,71.05,21.8,57.2,37.3,1414.4
122.81,104.21,80.01,45.25,3.54,16.38,34.0,34.9,48.2,51.37,18.3,37.6,3.9,803.3
184.19,169.67,144.86,70.09,1.18,14.7,38.0,21.2,72.2,26.54,30.7,45.3,25.9,280.3
148.39,131.45,106.88,55.83,2.44,15.65,36.0,27.8,58.0,40.76,30.0,55.9,12.4,494.9
214.4,204.37,184.09,82.48,0.09,11.35,40.0,14.1,83.9,13.73,37.0,63.5,53.0,123.3
244.48,237.7,219.11,94.06,-0.83,9.81,46.0,10.2,95.7,2.49,23.1,55.3,6.5,0.0
150.95,134.68,109.75,57.01,2.09,15.68,36.0,27.1,59.2,39.59,39.4,58.7,13.3,431.9
170.72,156.28,130.63,65.06,1.09,15.37,38.0,23.5,67.1,31.59,20.2,29.7,7.4,409.1
245.11,239.67,222.91,94.69,-0.99,8.75,46.0,9.0,96.1,2.0,30.9,66.5,52.8,0.0
48.17,34.47,20.8,14.72,4.37,11.71,28.0,56.1,18.8,81.42,38.3,72.4,13.6,1993.5
199.97,190.0,166.05,77.2,-0.48,13.37,42.0,16.9,78.4,19.33,18.4,70.7,41.4,201.2
97.01,77.18,56.51,34.33,5.12,15.41,30.0,41.2,38.0,62.17,29.3,43.3,45.2,1060.3
101.96,83.19,60.88,36.69,4.27,15.99,32.0,40.4,40.0,59.84,36.1,62.1,37.0,874.4
144.03,125.68,100.99,53.72,3.07,16.05,34.0,29.8,56.5,42.94,27.5,48.0,18.8,556.5
73.71,54.57,37.69,24.56,5.96,13.88,28.0,48.6,29.0,71.81,30.5,50.6,48.0,1441.0
100.42,80.31,60.91,35.7,5.34,14.6,30.0,38.8,39.2,60.75,27.0,48.4,51.3,1024.5
224.74,220.22,200.54,87.71,-1.8,10.22,48.0,10.6,88.2,8.69,24.6,47.2,6.5,71.3
235.87,230.69,208.49,91.4,-1.96,11.44,50.0,11.8,92.5,5.76,26.1,56.9,59.9,34.8
220.18,211.23,191.47,84.86,-0.23,10.89,42.0,13.3,86.3,11.32,23.4,31.9,53.7,118.8
125.92,106.42,82.95,46.24,4.0,16.05,32.0,34.1,49.4,50.38,28.1,52.4,57.4,733.6
236.95,228.95,207.98,91.04,-0.77,11.19,44.0,12.2,92.9,5.57,33.0,51.0,6.2,38.5
244.79,241.39,222.73,95.09,-2.01,9.41,50.0,9.0,96.1,2.7,30.8,47.2,38.0,0.0
64.32,49.5,33.51,21.77,4.11,12.74,32.0,47.1,25.1,74.41,21.8,42.2,35.4,1756.6
73.24,55.03,37.22,24.63,5.37,14.27,30.0,49.4,28.6,71.73,24.6,46.3,46.9,1563.5
117.61,98.42,74.85,42.98,3.99,16.29,32.0,36.5,46.3,53.63,31.7,64.9,30.6,725.9
211.58,200.57,176.81,81.11,-0.09,13.26,42.0,16.5,83.1,15.5,24.3,51.5,49.0,157.7
93.11,76.87,53.64,33.74,3.13,16.34,36.0,42.0,36.5,62.75,26.7,52.8,31.5,1042.3
207.55,193.13,173.3,78.79,1.8,11.81,34.0,16.9,81.6,17.49,26.7,51.1,9.5,172.1
74.1,57.66,40.33,25.59,4.49,13.54,32.0,45.9,29.0,70.67,15.0,71.7,29.6,1449.5
87.08,67.81,50.02,30.33,5.49,13.94,30.0,42.4,34.1,66.04,25.6,50.7,20.1,1169.1
186.33,174.83,149.53,71.73,-0.08,14.47,42.0,19.2,72.9,24.89,23.1,51.1,39.0,283.9
205.28,193.7,169.67,78.67,0.09,13.56,42.0,17.3,80.4,17.92,26.0,52.9,39.6,180.7
69.02,49.1,37.12,22.32,7.19,11.18,22.0,46.3,27.1,74.02,37.9,72.5,34.0,1332.2
85.99,65.99,47.56,29.62,5.8,14.52,28.0,44.3,33.7,66.82,25.4,74.5,58.6,1201.9
238.11,231.48,213.29,91.88,-0.81,9.65,44.0,10.6,93.3,4.37,34.0,48.3,22.2,29.7
66.27,48.53,33.44,21.72,5.72,12.76,30.0,49.8,25.9,74.56,26.5,37.8,45.2,1736.5
80.84,61.98,44.25,27.76,5.47,14.05,30.0,45.5,31.8,68.61,20.1,45.5,13.5,1352.2
146.81,129.48,103.97,55.08,2.49,16.26,34.0,29.4,57.6,41.61,26.3,79.6,33.9,490.5
176.37,159.87,138.31,66.68,2.49,13.44,34.0,21.6,69.0,29.72,30.2,69.5,9.6,300.6
147.09,129.72,106.57,55.23,2.84,14.98,34.0,27.1,57.6,41.27,29.7,44.2,7.4,508.1
132.98,113.51,91.42,49.1,4.07,15.09,32.0,31.8,52.2,47.43,36.7,65.7,21.6,564.5
117.4,95.89,76.68,42.29,5.65,14.26,28.0,34.1,45.9,54.21,26.9,52.2,29.5,789.5
112.17,92.99,69.17,40.76,4.05,16.6,34.0,38.4,43.9,55.87,25.9,63.5,32.8,826.5
146.55,131.95,106.87,55.8,1.4,15.58,38.0,27.1,57.6,40.74,24.1,55.5,38.6,533.9
81.35,63.83,44.48,28.38,4.56,14.73,32.0,45.5,31.8,67.98,27.6,62.3,14.3,1219.6
73.0,53.97,39.84,24.34,6.29,12.17,26.0,45.1,28.6,71.96,36.0,65.4,13.0,1287.9
59.49,43.68,30.62,19.3,5.2,11.29,28.0,47.5,23.1,76.88,21.9,58.8,58.3,1908.6
59.06,42.64,30.6,18.93,5.69,10.8,26.0,47.5,23.1,77.27,25.3,42.2,21.3,1927.7
106.32,86.36,65.6,38.17,4.95,15.18,30.0,37.6,41.6,58.33,34.1,46.3,39.9,878.1
206.38,192.3,168.49,78.38,1.06,13.79,38.0,18.4,80.8,18.27,31.0,54.2,14.3,176.5
221.95,207.34,188.17,83.94,1.92,11.35,34.0,15.3,87.1,12.37,30.5,81.3,57.0,104.9
60.27,45.46,28.72,19.92,4.14,13.39,30.0,51.8,23.5,76.29,21.8,46.1,17.2,1865.1
150.05,134.82,110.77,56.99,1.79,15.05,36.0,25.9,58.8,39.5,20.4,53.3,46.6,532.6
212.42,203.24,180.22,81.94,-0.65,12.63,44.0,14.9,83.1,14.57,22.1,43.9,53.8,157.8
226.25,218.23,196.94,87.24,-0.81,11.46,44.0,12.9,88.6,9.19,21.3,59.7,17.3,82.8
198.66,184.81,164.94,75.72,1.61,11.86,36.0,17.3,78.0,20.51,27.7,79.8,13.1,191.4
79.76,61.0,42.65,27.31,5.38,14.45,30.0,46.3,31.4,69.08,28.8,48.1,27.9,1303.2
143.13,125.14,102.57,53.52,3.23,14.86,34.0,27.8,56.1,42.97,27.8,46.8,37.7,558.7
172.81,157.58,134.94,65.69,1.84,13.87,36.0,22.0,67.8,30.73,32.5,53.5,30.4,333.7
112.88,90.96,71.64,40.31,5.92,14.53,28.0,36.5,44.3,56.23,28.6,56.6,29.5,814.0
71.48,51.94,36.08,23.46,6.38,13.44,28.0,49.4,27.8,72.91,30.7,46.0,5.1,1481.6
194.88,179.97,156.04,73.94,1.41,14.14,36.0,20.0,76.5,22.67,24.4,56.6,55.7,250.8
243.03,240.8,220.84,94.77,-2.62,9.91,54.0,9.0,95.3,3.47,20.5,56.5,56.6,0.0
204.52,190.69,169.26,77.82,1.34,12.58,36.0,17.6,80.4,18.55,28.3,50.9,29.3,190.4
242.17,235.27,217.05,93.23,-0.72,9.67,44.0,10.2,94.9,3.1,26.9,59.1,34.3,14.3
87.75,70.28,49.51,31.12,4.18,15.33,32.0,43.1,34.5,65.29,34.3,71.2,32.1,1021.8
55.57,42.57,27.97,18.4,3.6,11.8,32.0,49.8,22.0,77.71,32.5,61.5,10.9,1749.2
203.62,191.64,173.11,78.08,1.1,10.86,36.0,15.3,80.0,18.03,16.6,74.1,41.4,185.8
67.34,51.81,35.4,22.89,4.34,13.04,32.0,47.8,26.3,73.32,22.9,39.8,29.0,1641.6
64.05,47.2,32.08,21.0,5.32,12.67,28.0,50.2,25.1,75.24,25.9,55.2,26.9,1626.6
202.04,191.61,171.61,77.91,0.3,11.4,40.0,14.9,79.2,18.25,24.0,67.5,35.0,181.6
96.63,79.68,58.11,35.04,3.61,15.38,34.0,40.4,38.0,61.37,22.3,53.1,1.6,1046.0
68.35,52.43,35.3,23.2,4.42,13.54,30.0,48.6,26.7,73.05,32.7,62.1,49.4,1528.7
53.79,37.61,27.0,16.6,5.96,10.03,24.0,49.8,21.2,79.59,24.3,65.2,25.5,1942.6
54.35,40.53,27.03,17.58,4.24,11.34,32.0,49.8,21.2,78.54,24.3,61.2,24.8,1921.9
82.78,64.3,48.17,28.76,5.44,12.92,28.0,42.4,32.5,67.54,28.8,78.4,25.8,1127.2
112.29,94.43,71.45,41.23,3.55,15.87,34.0,36.5,43.9,55.28,28.4,48.2,14.1,807.7
65.55,48.43,31.91,21.56,5.23,13.55,28.0,51.4,25.9,74.73,18.1,50.6,23.6,1749.4
90.12,73.48,54.27,32.43,3.93,14.13,32.0,40.0,35.3,63.87,32.9,71.7,25.5,986.6
239.29,234.16,215.15,92.69,-1.47,9.84,48.0,10.2,93.7,3.94,29.8,47.9,31.8,21.6
53.07,38.21,28.21,16.72,5.34,9.34,24.0,47.1,20.8,79.43,33.5,59.5,11.5,1864.1
64.31,46.04,34.09,20.73,6.49,10.96,24.0,47.1,25.1,75.53,38.8,65.0,45.7,1497.6
119.59,100.99,76.74,43.95,3.59,16.51,34.0,35.7,47.1,52.68,19.2,59.6,19.9,798.4
153.16,134.79,111.02,57.27,3.11,15.35,34.0,27.5,60.0,39.33,32.2,47.1,32.7,472.0
53.75,37.19,27.5,16.47,6.29,9.53,22.0,49.8,21.2,79.74,33.6,41.9,43.0,1999.8
196.58,185.43,162.16,75.64,0.07,13.23,40.0,17.6,77.3,20.8,22.0,52.6,36.7,225.7
170.86,158.97,133.7,65.86,0.13,14.77,40.0,21.6,67.1,30.69,33.4,47.7,51.8,354.7
55.06,41.68,28.21,18.06,3.98,11.19,32.0,49.0,21.6,78.05,29.9,60.2,21.5,1811.8
102.54,79.39,60.3,35.66,6.79,14.98,26.0,41.6,40.4,60.96,35.9,76.2,18.8,850.7
108.82,88.42,67.16,39.06,5.04,15.47,30.0,38.4,42.7,57.49,26.6,49.8,27.1,883.4
75.77,54.99,42.47,25.04,7.32,11.45,22.0,44.7,29.8,71.33,23.8,52.6,23.4,1388.2
247.81,240.07,219.73,94.92,-0.77,10.76,42.0,11.4,97.3,2.42,30.5,53.4,40.5,0.0
61.68,45.03,32.96,20.06,5.71,10.77,24.0,46.7,24.3,76.14,29.8,69.5,53.2,1638.5
107.5,87.7,65.92,38.69,4.71,15.7,32.0,38.4,42.0,57.85,27.6,34.9,4.3,921.7
191.79,177.41,154.64,72.98,1.39,13.51,36.0,19.2,75.3,23.47,34.0,58.0,35.4,231.2
63.23,47.67,32.88,21.06,4.7,12.2,30.0,47.5,24.7,75.13,34.4,72.0,50.9,1581.7
74.86,55.09,39.57,24.89,6.43,13.13,26.0,46.7,29.4,71.48,23.6,70.3,52.9,1426.0
197.82,184.61,160.28,75.49,0.68,14.05,40.0,19.2,77.6,21.12,33.5,54.8,39.1,208.3
82.08,62.48,42.2,28.02,5.49,15.72,30.0,48.6,32.2,68.49,26.2,56.9,11.3,1253.0
202.48,190.04,167.15,77.44,0.6,13.14,40.0,17.3,79.2,19.02,35.4,55.2,6.3,180.0
61.44,45.91,32.59,20.29,4.94,11.32,28.0,45.9,23.9,75.88,32.8,65.3,9.7,1568.8
203.02,189.89,167.2,77.45,0.89,13.13,38.0,17.6,79.6,19.01,27.4,72.7,47.9,195.3
219.71,213.63,191.49,85.43,-1.63,11.69,48.0,13.3,86.3,11.11,23.6,81.3,38.3,92.2
247.67,238.86,223.63,94.7,0.42,8.41,38.0,9.8,97.3,1.43,30.2,41.1,15.0,0.0
225.64,217.04,196.44,86.88,-0.49,11.2,42.0,13.3,88.6,9.43,18.1,57.5,3.0,82.2
124.02,102.74,80.64,44.97,5.02,15.66,30.0,34.5,48.6,51.66,25.6,56.4,34.6,729.3
108.33,88.89,68.34,39.17,4.7,14.89,32.0,36.9,42.4,57.29,31.9,59.1,11.3,818.4
151.76,135.71,110.9,57.39,2.01,15.56,36.0,27.1,59.6,39.19,28.0,48.7,34.3,490.8
64.06,47.27,32.07,21.02,5.28,12.7,28.0,50.2,25.1,75.22,33.3,61.2,22.3,1504.1
120.59,101.4,76.19,44.15,3.71,17.14,34.0,37.3,47.5,52.58,33.4,66.6,58.9,745.0
56.18,38.8,27.62,17.3,6.44,10.6,24.0,49.8,22.0,78.94,30.6,69.9,38.1,1769.2
156.86,139.61,114.75,59.0,2.45,15.67,36.0,26.7,61.6,37.65,24.1,42.1,39.4,491.7
108.02,89.13,65.78,39.15,4.06,16.42,32.0,38.8,42.4,57.44,27.7,40.7,4.3,909.1
79.68,62.44,44.28,27.76,4.63,14.01,30.0,45.1,31.4,68.55,19.6,66.5,48.3,1370.9
182.42,165.94,142.43,68.91,2.14,14.36,36.0,22.0,71.4,27.66,24.9,37.1,14.1,321.4
160.8,142.22,121.76,60.22,3.61,13.45,30.0,24.3,63.1,36.19,24.6,48.6,45.3,464.5
108.82,87.06,65.43,38.64,5.63,15.96,30.0,40.4,42.7,58.01,21.5,74.1,37.8,888.5
196.71,189.8,163.73,76.82,-1.95,14.05,48.0,16.9,77.3,19.98,22.9,44.1,45.3,224.6
62.81,46.01,32.34,20.49,5.53,11.78,28.0,49.0,24.7,75.73,28.4,47.5,26.7,1686.0
182.53,169.76,145.35,69.98,0.56,14.26,40.0,20.8,71.8,26.55,29.2,63.5,30.6,277.7
185.97,171.63,149.42,70.86,1.49,13.3,38.0,20.0,72.9,25.52,27.1,52.7,53.2,286.5
148.68,134.07,107.82,56.59,1.22,16.17,38.0,27.5,58.4,40.06,32.6,76.4,44.2,456.1
242.49,238.87,218.42,94.19,-2.22,10.33,52.0,9.8,94.9,3.53,22.6,59.0,57.8,7.7
104.64,85.41,61.61,37.64,4.24,16.86,32.0,40.8,41.2,59.01,27.7,50.5,52.1,969.8
214.9,207.04,183.18,83.18,-1.27,12.84,46.0,14.9,84.3,13.5,33.7,47.7,11.0,125.5
65.33,47.1,31.97,21.13,6.01,12.94,28.0,50.6,25.5,75.18,25.5,52.2,22.5,1635.6
72.56,53.67,37.51,24.14,5.97,13.42,28.0,47.8,28.6,72.2,28.1,66.2,41.0,1389.9
245.19,239.32,222.78,94.61,-0.81,8.69,44.0,9.0,96.1,1.94,37.6,38.3,48.7,0.0
209.93,197.02,178.61,80.11,1.45,10.86,34.0,14.9,82.4,16.03,33.6,59.0,10.2,143.3
160.79,143.63,116.61,60.49,2.06,16.73,36.0,27.5,63.1,36.38,37.4,52.2,54.1,425.9
138.99,118.32,95.19,51.1,4.36,15.73,32.0,31.8,54.5,45.57,26.3,61.0,48.8,608.1
57.26,39.06,26.7,17.51,6.69,11.53,24.0,52.5,22.4,78.77,23.9,52.7,18.0,1867.4
68.85,51.2,35.28,22.89,5.47,13.15,28.0,49.4,27.1,73.4,22.3,47.1,44.3,1621.9
78.36,60.94,42.66,27.13,4.74,14.17,30.0,44.7,30.6,69.19,21.9,48.3,5.5,1351.9
182.69,167.77,143.43,69.43,1.41,14.54,38.0,22.0,71.8,27.16,32.4,53.1,50.7,291.5
134.42,115.98,93.28,49.96,3.51,15.21,34.0,30.6,52.5,46.55,27.6,75.8,13.1,562.5
55.45,41.33,25.45,17.95,4.05,12.9,32.0,54.5,21.6,78.23,25.5,50.1,31.5,1936.9
153.29,139.89,114.98,58.75,0.89,15.15,40.0,24.7,60.0,37.76,26.0,58.5,35.2,460.7
83.38,65.22,44.37,29.02,4.64,15.69,32.0,47.1,32.5,67.44,28.3,68.5,40.5,1200.2
68.03,48.84,34.57,22.06,6.53,12.51,26.0,48.6,26.7,74.27,27.4,67.5,53.9,1568.6
243.79,238.38,219.84,94.2,-1.3,9.62,46.0,9.8,95.7,2.62,28.0,40.4,56.5,9.5
171.15,152.79,129.75,64.16,3.04,14.6,34.0,23.9,67.1,32.43,30.4,60.0,17.3,347.0
110.9,90.36,69.17,39.88,5.06,15.4,30.0,37.6,43.5,56.67,22.3,68.3,37.3,865.9
181.27,167.73,143.1,69.29,0.83,14.52,40.0,21.2,71.0,27.28,30.8,72.3,55.7,289.4
150.77,134.23,107.49,56.83,1.94,16.7,36.0,29.0,59.2,39.95,31.6,54.2,10.7,471.1
108.25,91.93,72.89,40.13,3.47,13.43,32.0,32.5,42.4,56.12,23.7,31.0,9.6,936.5
64.56,49.62,34.52,21.86,4.29,12.19,30.0,46.3,25.5,74.31,36.0,56.6,26.3,1444.7
114.17,95.1,71.88,41.62,4.04,16.18,32.0,36.9,44.7,54.97,34.0,48.2,1.9,776.0
145.06,126.67,100.6,54.08,2.88,16.79,36.0,30.2,56.9,42.7,29.5,57.3,47.7,547.9
247.0,241.16,223.62,95.22,-0.98,9.16,44.0,9.4,96.9,1.68,28.5,44.1,30.8,0.0
81.55,61.81,45.8,27.83,6.13,13.16,26.0,43.9,32.2,68.53,33.8,51.8,54.5,1248.3
96.49,80.89,55.94,35.34,2.52,17.09,38.0,41.6,37.6,61.23,28.8,73.1,39.9,949.6
98.86,81.35,59.88,35.8,3.85,15.35,32.0,39.2,38.8,60.63,24.8,44.4,22.1,1022.3
59.07,41.56,27.16,18.53,5.97,12.6,28.0,54.1,23.1,77.75,31.3,49.5,4.4,1802.8
98.25,78.8,59.08,34.99,5.03,14.74,30.0,39.6,38.4,61.45,21.4,57.4,39.7,1042.6
77.04,58.14,41.78,26.11,5.79,13.37,28.0,45.5,30.2,70.23,31.0,78.6,18.8,1188.5
126.09,106.01,80.7,46.1,4.0,17.19,34.0,35.7,49.4,50.69,32.7,63.4,8.0,656.6
70.61,51.08,36.14,23.09,6.53,12.9,26.0,49.4,27.8,73.26,32.0,57.0,25.4,1409.0
201.77,189.82,168.08,77.34,0.6,12.5,38.0,16.9,79.2,18.99,19.1,62.8,36.0,195.0
162.85,144.49,122.42,61.03,3.26,14.24,32.0,25.1,63.9,35.47,30.3,49.7,41.6,421.2
206.51,195.44,174.74,79.33,0.42,11.79,38.0,15.3,81.2,16.9,36.1,73.6,16.8,142.4
103.11,83.44,63.29,36.94,4.96,14.87,30.0,38.8,40.4,59.52,32.7,70.7,26.1,848.1
245.95,238.76,223.26,94.53,-0.18,8.35,42.0,9.4,96.5,1.75,30.0,56.7,17.9,0.0
133.48,113.24,91.49,49.07,4.45,15.03,32.0,31.8,52.2,47.48,29.4,49.8,31.6,631.7
70.16,55.73,40.63,24.54,3.87,11.87,32.0,41.6,27.5,71.6,28.1,48.9,32.9,1437.8
203.67,190.95,168.06,77.79,0.7,13.17,38.0,17.6,80.0,18.68,19.1,43.6,42.2,209.4
100.01,80.96,59.35,35.81,4.55,15.7,32.0,41.2,39.2,60.7,26.8,26.4,15.7,1071.8
206.44,192.67,169.0,78.49,0.97,13.68,38.0,18.0,80.8,18.13,15.6,47.4,34.3,200.5
195.27,182.62,159.99,74.75,0.74,13.14,40.0,18.0,76.5,21.65,27.8,55.2,57.2,234.1
58.22,45.54,27.61,19.67,2.9,13.75,36.0,51.8,22.7,76.52,31.4,46.3,35.3,1753.8
154.52,137.09,112.74,58.06,2.62,15.48,34.0,27.1,60.8,38.55,24.8,66.7,37.9,467.0
127.86,108.99,85.5,47.21,3.68,15.9,34.0,33.7,50.2,49.38,24.6,54.6,33.0,688.2
197.03,185.41,163.78,75.71,0.5,12.46,38.0,16.9,77.3,20.58,37.8,35.3,40.3,206.3
103.39,84.95,64.12,37.42,4.28,15.02,32.0,38.0,40.4,59.01,23.2,58.1,15.1,922.7
60.74,42.83,31.34,19.23,6.5,10.74,24.0,49.0,23.9,77.02,26.1,56.8,2.9,1733.5
58.67,40.47,29.42,18.19,6.8,10.61,22.0,51.0,23.1,78.08,34.9,57.8,53.6,1754.6
83.94,66.53,47.66,29.54,4.5,14.31,32.0,42.7,32.9,66.79,32.9,72.3,37.9,1093.3
85.15,67.12,45.56,29.81,4.43,16.02,32.0,45.9,33.3,66.68,28.5,56.4,45.5,1218.7
66.63,49.84,33.67,22.17,5.06,13.21,30.0,49.4,26.3,74.09,27.1,49.9,25.2,1584.2
85.87,68.07,50.55,30.28,4.83,13.51,30.0,40.8,33.7,66.02,28.0,60.0,36.7,1141.0
152.18,135.05,110.15,57.24,2.44,15.78,36.0,27.5,59.6,39.4,21.6,62.8,36.9,500.6
185.15,171.47,149.86,70.76,1.33,12.91,36.0,18.8,72.5,25.55,24.4,47.9,54.4,299.1
229.38,222.22,202.78,88.63,-0.82,10.4,44.0,11.4,89.8,7.62,21.3,34.0,20.7,68.4
229.69,225.08,204.36,89.41,-1.93,10.7,48.0,11.4,90.2,7.23,25.1,61.1,48.8,56.8
201.28,188.17,165.49,76.82,0.89,13.15,38.0,18.0,78.8,19.63,31.7,60.7,48.3,191.1
211.0,201.0,179.66,81.24,-0.09,11.92,40.0,14.5,82.7,15.06,27.4,46.8,6.1,145.5
242.21,239.54,222.65,94.43,-1.97,8.48,54.0,7.8,94.9,2.97,27.6,58.3,2.0,0.0
143.51,125.42,99.65,53.57,2.81,16.61,34.0,30.6,56.5,43.17,26.0,69.8,38.2,541.8
56.97,44.46,27.82,19.17,3.02,12.94,34.0,51.0,22.4,76.97,28.1,69.7,25.4,1713.6
64.69,44.21,28.61,20.11,7.21,13.83,24.0,55.3,25.5,76.34,17.0,50.8,29.5,1882.8
78.38,58.64,44.53,26.49,6.48,12.12,26.0,42.4,30.6,69.84,28.1,44.2,14.8,1336.3
161.76,145.43,124.38,61.22,2.6,13.39,34.0,23.5,63.5,35.12,30.8,53.3,11.1,399.7
69.11,51.71,37.07,23.12,5.5,12.28,28.0,46.3,27.1,73.12,25.0,29.4,30.1,1639.0
213.75,203.93,183.78,82.31,0.03,11.26,40.0,14.1,83.9,13.88,23.7,62.6,32.4,131.5
226.32,217.26,196.76,87.0,-0.31,11.21,42.0,12.9,88.6,9.3,32.1,53.0,17.3,76.3
245.37,239.94,223.2,94.78,-0.99,8.73,46.0,9.0,96.1,1.94,33.6,56.4,31.1,0.0
107.46,88.45,66.74,38.92,4.35,15.51,32.0,37.3,42.0,57.58,34.9,61.4,57.6,863.7
166.38,150.33,126.11,62.99,1.98,14.95,36.0,23.9,65.1,33.57,33.0,62.6,59.4,382.3
243.85,240.48,221.43,94.76,-2.08,9.6,50.0,9.4,95.7,2.92,17.1,71.5,29.9,0.0
215.46,206.14,183.34,83.0,-0.57,12.5,44.0,14.9,84.3,13.51,21.8,57.3,56.5,137.5
231.97,226.04,208.45,89.92,-0.96,9.31,46.0,10.2,91.0,6.26,22.5,55.3,54.9,50.8
230.29,222.73,203.73,88.85,-0.61,10.23,44.0,11.4,90.2,7.34,38.9,43.1,49.7,57.1
245.3,241.32,222.26,95.1,-1.87,9.68,50.0,9.4,96.1,2.62,36.5,39.3,58.4,0.0
78.03,60.79,40.84,27.01,4.44,15.17,32.0,47.5,30.6,69.38,26.4,63.6,46.5,1320.2
66.17,48.36,36.0,21.71,6.12,11.04,24.0,45.5,25.9,74.53,22.4,38.1,52.8,1770.8
61.82,45.25,32.39,20.13,5.55,11.25,26.0,48.2,24.3,76.07,22.6,39.6,2.6,1836.6
237.13,231.91,215.24,91.96,-1.06,8.73,46.0,9.4,92.9,4.34,32.8,60.1,36.5,24.0
123.66,105.6,80.97,45.74,3.23,16.51,34.0,34.5,48.6,50.89,35.2,60.2,59.6,689.3
102.64,82.67,61.91,36.64,5.04,15.3,30.0,40.0,40.4,59.87,26.6,76.2,54.2,908.8
224.0,217.39,197.43,86.86,-1.1,10.63,44.0,12.2,87.8,9.42,18.8,55.9,25.1,93.7
199.22,190.68,166.28,77.32,-1.08,13.4,46.0,16.5,78.0,19.26,32.2,52.9,55.0,196.1
157.27,141.72,117.1,59.66,1.78,15.26,38.0,25.5,61.6,36.9,25.1,50.7,54.0,478.3
236.69,229.23,210.59,91.14,-0.59,9.99,42.0,11.0,92.9,5.08,30.1,51.1,49.6,39.8
68.32,51.62,35.43,22.96,4.95,13.13,30.0,48.6,26.7,73.29,32.8,85.0,21.5,1307.6
92.23,74.44,53.78,32.94,4.24,15.16,32.0,41.2,36.1,63.47,30.8,46.6,11.7,1047.4
205.93,194.83,173.1,79.09,0.27,12.32,40.0,16.1,80.8,17.23,21.1,47.4,49.5,186.8
70.63,53.59,37.09,23.87,5.02,13.3,30.0,47.8,27.8,72.4,33.6,72.6,38.4,1339.7
74.59,55.24,37.7,24.87,5.96,14.31,28.0,49.4,29.4,71.54,35.3,32.3,10.0,1382.8
59.55,42.49,27.64,18.88,5.65,12.75,26.0,53.3,23.5,77.38,32.4,45.9,51.9,1846.7
61.22,45.45,30.22,20.07,4.82,12.61,30.0,51.0,23.9,76.14,27.4,69.6,5.6,1610.3
147.86,129.96,104.59,55.33,2.74,16.26,34.0,29.0,58.0,41.37,31.5,68.1,10.0,477.8
243.51,240.07,221.19,94.63,-2.03,9.53,50.0,9.4,95.7,2.93,22.3,38.8,1.7,0.0
60.21,44.83,29.33,19.73,4.62,12.74,30.0,51.8,23.5,76.47,22.1,47.5,14.3,1851.7
205.05,191.84,167.78,78.13,0.7,13.81,38.0,18.0,80.4,18.51,25.8,77.5,37.7,179.6
102.64,83.09,63.76,36.8,5.04,14.38,30.0,38.0,40.4,59.62,35.8,51.1,37.3,889.3
243.26,238.32,221.85,94.18,-1.12,8.55,46.0,8.6,95.3,2.48,23.7,54.6,28.6,0.0
124.69,106.94,82.51,46.25,3.1,16.31,34.0,33.7,49.0,50.35,33.8,60.3,6.0,652.4
79.01,59.25,42.73,26.7,6.15,13.58,26.0,45.5,31.0,69.68,32.6,69.8,13.3,1167.4
187.74,174.61,154.54,71.91,1.35,12.0,36.0,17.6,73.7,24.29,35.2,42.5,21.1,250.9
67.17,48.81,34.24,21.93,6.09,12.54,28.0,49.4,26.3,74.36,24.3,53.3,57.6,1736.6
117.89,98.79,75.98,43.14,4.04,15.84,32.0,35.7,46.3,53.42,20.8,62.9,43.4,811.6
83.91,65.59,45.11,29.21,4.75,15.48,32.0,46.3,32.9,67.24,31.9,65.5,59.7,1216.3
212.34,201.05,179.35,81.35,0.33,12.25,40.0,15.7,83.1,15.01,18.8,38.4,48.3,162.7
202.5,190.88,166.88,77.65,0.12,13.59,40.0,17.6,79.6,18.92,20.7,65.5,16.4,194.9
210.18,200.82,178.28,81.1,-0.51,12.44,44.0,15.3,82.4,15.33,22.0,44.5,30.0,158.7
246.28,239.04,222.79,94.62,-0.29,8.72,42.0,9.4,96.5,1.61,26.4,41.0,54.1,0.0
74.32,54.22,38.13,24.54,6.54,13.59,26.0,48.6,29.0,71.86,37.0,58.3,57.7,1402.9
207.02,197.97,175.6,80.04,-0.58,12.35,42.0,14.9,81.2,16.34,27.8,45.7,36.1,164.6
226.1,217.21,199.37,87.03,0.05,9.87,40.0,11.8,88.6,9.02,33.0,48.8,2.7,74.6
85.32,70.01,48.64,30.75,3.09,15.33,34.0,42.4,33.3,65.61,23.6,43.1,5.4,1213.8
74.09,56.61,39.92,25.26,5.11,13.37,30.0,45.9,29.0,71.02,29.5,46.9,51.8,1434.8
127.89,110.62,85.4,47.66,2.73,16.57,36.0,33.7,50.2,48.98,29.0,60.3,15.8,647.3
137.83,121.48,100.37,51.96,2.81,13.89,34.0,27.5,54.1,44.37,31.7,55.4,24.8,546.0
96.72,77.97,56.68,34.53,4.52,15.57,32.0,41.2,38.0,61.95,38.1,82.4,16.0,867.3
96.31,76.92,55.49,34.15,4.82,15.8,32.0,42.7,37.6,62.37,33.1,60.5,47.5,980.8
116.13,96.61,73.71,42.29,4.25,16.02,32.0,36.1,45.5,54.3,18.9,49.9,48.3,888.9
61.86,44.64,30.33,19.9,5.71,12.34,28.0,51.8,24.3,76.35,23.0,65.5,53.1,1773.9
67.82,50.18,35.45,22.46,5.66,12.44,28.0,48.6,26.7,73.8,24.9,51.6,12.8,1617.8
244.28,238.47,223.5,94.34,-0.58,7.93,42.0,8.2,95.7,2.25,31.1,61.5,33.5,0.0
110.05,90.08,68.83,39.7,4.81,15.35,30.0,37.3,43.1,56.82,21.1,60.3,12.8,890.0
229.4,221.41,201.35,88.39,-0.62,10.81,42.0,12.2,89.8,7.9,28.0,81.8,27.9,58.9
83.52,64.37,45.57,28.81,5.4,14.66,28.0,45.1,32.9,67.61,18.9,59.6,15.5,1264.6
65.08,49.53,33.13,21.87,4.42,13.14,32.0,49.4,25.5,74.35,15.0,44.8,16.3,1842.7
115.42,94.37,71.61,41.54,5.0,16.25,30.0,37.3,45.1,55.12,33.6,68.3,44.8,758.6
134.01,115.33,92.33,49.72,3.58,15.43,32.0,31.4,52.5,46.83,30.9,37.2,28.7,637.8
155.04,136.88,114.81,58.1,3.26,14.36,34.0,25.9,60.8,38.38,22.9,43.3,11.3,488.8
212.1,202.92,181.41,81.86,-0.41,11.88,42.0,14.5,83.1,14.46,36.5,42.6,34.2,128.8
192.88,179.49,156.09,73.65,0.91,13.68,38.0,19.2,75.7,22.84,26.3,60.0,44.0,236.5
92.1,74.51,55.75,32.98,4.41,14.0,32.0,39.2,36.1,63.34,28.5,55.0,44.5,1071.2
199.99,187.66,164.29,76.55,0.5,13.4,40.0,18.0,78.4,19.94,30.5,57.1,26.8,195.8
221.73,211.82,192.4,85.15,0.17,10.83,40.0,13.3,87.1,11.01,29.2,39.2,26.6,104.2
245.73,241.62,223.85,95.24,-1.62,9.06,50.0,9.0,96.5,2.25,30.8,52.2,51.4,0.0
99.23,79.19,56.61,35.16,4.92,16.51,32.0,42.4,38.8,61.46,20.9,39.6,7.5,1089.0
96.22,76.16,57.25,33.96,5.49,14.45,30.0,40.8,37.6,62.48,27.5,57.2,20.9,1016.2
173.77,158.3,135.43,65.97,1.9,14.01,36.0,22.4,68.2,30.48,31.5,40.8,28.2,346.8
227.69,218.61,199.12,87.5,-0.15,10.7,42.0,12.5,89.4,8.69,19.0,69.9,48.6,75.7
176.99,162.97,135.77,67.5,0.66,16.0,40.0,23.1,69.4,29.35,33.6,52.5,40.2,318.8
76.87,58.85,40.18,26.27,5.05,14.61,30.0,48.2,30.2,70.1,43.4,57.4,39.8,1191.9
65.9,47.89,36.28,21.54,6.35,10.62,24.0,45.5,25.9,74.71,23.6,69.2,59.1,1639.3
243.65,238.53,220.4,94.23,-1.33,9.38,48.0,9.8,95.7,2.57,22.8,41.4,31.2,5.8
65.34,49.95,33.18,22.03,4.28,13.32,32.0,49.4,25.5,74.19,27.3,46.6,26.1,1618.7
75.83,57.63,40.11,25.78,5.32,13.98,30.0,47.5,29.8,70.56,34.0,69.7,26.7,1225.9
181.66,168.32,142.14,69.46,0.52,15.28,40.0,22.0,71.4,27.27,16.1,63.6,57.4,333.0
207.71,196.74,176.26,79.8,0.41,11.65,40.0,15.3,81.6,16.42,21.6,25.3,42.5,183.8
204.17,193.21,171.42,78.49,0.21,12.36,40.0,16.1,80.0,17.83,25.7,37.8,37.0,187.3
244.44,240.52,223.18,94.86,-1.61,8.84,52.0,8.6,95.7,2.4,27.0,70.6,16.3,0.0
81.47,65.53,48.13,28.97,4.03,13.2,32.0,40.8,31.8,67.25,34.6,70.7,53.6,1128.3
94.81,75.93,55.1,33.69,4.69,15.4,32.0,42.0,37.3,62.78,32.9,54.0,37.7,999.6
111.48,90.24,70.57,39.94,5.59,14.64,28.0,36.1,43.5,56.57,31.4,58.5,30.1,795.9
174.49,154.76,132.81,65.05,3.73,14.18,32.0,23.5,68.2,31.55,28.5,41.8,31.8,364.7
66.94,50.02,33.55,22.26,5.08,13.41,30.0,49.4,26.3,74.01,22.0,48.3,3.2,1648.4
70.46,53.34,36.65,23.76,5.04,13.44,30.0,47.1,27.5,72.52,32.9,51.3,53.6,1494.1
242.33,242.68,218.82,95.14,-4.14,11.48,62.0,9.8,95.3,5.33,30.6,51.1,21.6,0.0
151.39,135.86,110.95,57.4,1.78,15.54,38.0,26.7,59.2,39.17,34.6,45.1,12.9,471.1
166.16,150.4,126.61,63.0,1.93,14.68,36.0,23.5,65.1,33.52,26.1,31.7,58.9,443.1
198.96,185.52,164.51,75.92,1.27,12.38,38.0,17.3,78.0,20.38,20.8,59.9,17.4,207.0
116.61,97.82,74.67,42.7,3.88,16.01,32.0,36.1,45.9,53.87,31.5,59.7,46.0,764.1
87.42,66.5,48.36,29.96,6.26,14.5,30.0,44.7,34.1,66.52,33.3,58.5,39.6,1120.1
124.97,104.83,82.12,45.69,4.4,15.77,32.0,34.5,49.0,50.91,40.9,64.6,36.9,631.1
61.18,43.34,30.62,19.42,6.28,11.49,24.0,49.0,23.9,76.84,39.1,51.7,45.6,1660.0
89.64,70.12,50.73,31.32,5.33,14.86,30.0,43.1,35.3,65.12,18.9,61.6,55.2,1223.9
245.45,242.02,221.99,95.28,-2.21,10.07,52.0,9.4,96.1,3.0,23.3,65.1,12.5,0.0
243.6,238.13,219.25,94.1,-1.32,9.79,46.0,10.2,95.7,2.75,26.7,58.3,44.0,4.2
245.08,240.52,221.74,94.87,-1.62,9.61,50.0,9.4,96.1,2.48,32.7,58.1,53.3,0.0
63.84,47.18,31.25,20.95,5.12,13.15,30.0,51.4,25.1,75.31,30.4,45.4,45.9,1744.0
148.73,131.33,109.4,55.89,3.02,14.29,34.0,26.7,58.4,40.54,28.2,49.6,13.6,507.0
189.15,175.67,152.85,72.27,1.05,13.45,38.0,19.2,74.1,24.15,35.2,46.8,22.5,250.4
137.02,118.77,92.11,50.96,2.84,17.3,36.0,32.9,53.7,45.86,25.3,67.2,37.6,590.8
59.63,44.15,29.43,19.45,4.79,12.28,30.0,51.8,23.5,76.74,25.9,71.3,40.3,1737.5
87.64,70.91,50.58,31.32,3.88,14.92,32.0,42.0,34.5,65.04,22.9,55.7,50.6,1225.2
232.01,228.4,208.45,90.53,-2.15,10.17,50.0,10.2,91.0,6.19,32.5,58.8,13.6,39.2
56.63,39.97,23.74,17.64,5.37,13.69,30.0,58.0,22.4,78.65,25.3,52.7,8.1,1978.0
210.78,196.62,176.4,80.03,1.63,11.94,36.0,16.5,82.7,16.28,24.8,65.6,10.6,151.7
120.28,102.04,79.72,44.38,3.68,15.33,34.0,33.3,47.1,52.1,25.5,38.3,5.4,784.9
111.06,91.56,71.86,40.29,4.78,14.33,30.0,35.3,43.5,56.13,30.8,64.0,10.7,789.8
72.14,54.79,37.99,24.44,5.08,13.49,30.0,47.1,28.2,71.85,15.2,32.5,53.7,1711.4
53.3,35.7,23.75,15.87,6.58,11.31,24.0,54.9,20.8,80.39,32.9,69.5,14.5,1859.6
57.67,41.37,26.95,18.28,5.35,12.38,28.0,53.3,22.7,77.94,20.1,70.5,32.4,1872.9
209.24,199.41,177.11,80.63,-0.29,12.39,42.0,15.3,82.0,15.76,30.8,52.8,58.7,156.7
197.69,185.42,163.23,75.76,0.66,12.83,38.0,17.6,77.6,20.6,32.9,57.6,43.6,207.4
71.75,55.32,37.45,24.54,4.48,13.97,30.0,48.6,28.2,71.74,24.6,63.0,28.0,1425.1
215.87,201.28,180.61,81.73,1.7,12.16,34.0,16.1,84.7,14.66,31.3,33.9,2.8,143.1
245.08,237.86,221.5,94.2,-0.31,8.78,42.0,9.4,96.1,1.99,28.7,35.9,18.3,0.0
246.36,239.96,223.53,94.87,-0.61,8.7,44.0,9.0,96.5,1.61,33.6,62.1,42.6,0.0
154.76,136.71,115.49,58.04,3.34,13.89,34.0,25.9,60.8,38.38,28.0,30.4,57.7,521.2
167.17,149.59,125.52,62.85,2.61,15.09,36.0,24.7,65.5,33.77,25.1,73.9,40.0,383.1
84.75,66.18,47.77,29.53,5.13,14.25,30.0,43.5,33.3,66.84,21.0,49.5,42.1,1286.9
151.43,134.36,110.13,56.98,2.52,15.42,36.0,27.1,59.2,39.6,36.1,51.4,33.0,458.6
56.78,40.98,27.07,18.04,5.18,11.97,28.0,52.5,22.4,78.16,26.5,55.9,34.0,1932.9
68.75,51.42,34.41,22.93,5.17,13.76,30.0,50.6,27.1,73.37,30.1,68.3,22.4,1401.7
143.39,125.23,102.38,53.57,3.26,15.03,34.0,28.6,56.1,42.95,21.5,66.7,50.3,578.5
176.13,160.32,135.37,66.72,1.71,15.11,36.0,23.1,69.0,29.94,40.2,73.3,47.4,295.4
167.61,152.75,125.47,63.74,1.04,16.35,40.0,25.5,65.9,33.09,23.6,68.8,15.4,376.0
63.64,48.11,28.15,21.15,4.02,15.43,34.0,56.1,25.1,75.21,25.5,79.2,32.2,1562.0
238.98,233.08,214.0,92.37,-1.21,9.98,46.0,10.6,93.7,4.13,29.0,50.5,49.2,24.2
125.79,108.7,84.76,46.9,2.86,15.88,36.0,32.5,49.4,49.64,22.4,37.5,37.7,760.3
84.78,64.73,43.27,29.02,5.48,16.42,32.0,49.4,33.3,67.57,27.6,42.5,10.4,1238.5
59.67,42.27,29.88,18.88,6.14,11.24,24.0,50.2,23.5,77.36,24.3,49.2,12.5,1876.7
222.37,216.35,194.83,86.41,-1.56,11.35,46.0,12.2,87.1,10.09,19.7,51.3,22.9,95.2
56.26,42.19,27.52,18.36,4.15,12.07,30.0,49.8,22.0,77.79,33.6,49.8,30.0,1834.1
74.86,55.84,38.77,25.1,5.84,13.93,28.0,47.8,29.4,71.27,25.9,52.7,38.1,1442.9
105.24,84.48,64.41,37.5,5.45,14.97,30.0,39.2,41.2,59.01,29.6,60.9,26.5,887.1
205.01,192.11,170.78,78.26,1.01,12.39,38.0,16.5,80.4,18.07,37.1,61.2,39.6,162.6
95.2,76.32,57.41,33.89,4.94,14.24,30.0,40.0,37.3,62.49,36.5,39.5,49.2,1039.0
245.4,238.97,220.37,94.48,-0.95,9.76,46.0,10.2,96.1,2.23,24.1,37.4,7.1,0.0
80.87,63.37,45.74,28.21,4.8,13.69,30.0,43.1,31.8,68.09,26.5,68.4,40.8,1210.9
80.03,60.33,45.15,27.2,6.27,12.71,26.0,43.9,31.4,69.14,39.6,57.6,45.8,1195.5
144.05,124.18,101.41,53.32,3.99,15.27,32.0,29.8,56.5,43.28,27.9,57.8,26.1,542.5
87.83,68.49,47.88,30.57,5.13,15.62,30.0,45.5,34.5,65.93,28.9,66.8,53.9,1152.7
245.34,240.58,220.67,94.88,-1.74,10.19,50.0,9.8,96.1,2.77,35.4,63.8,1.2,0.0
82.25,63.54,45.47,28.42,5.31,14.17,30.0,45.1,32.2,67.95,30.1,62.8,15.3,1188.7
181.13,167.06,141.35,69.06,0.88,15.16,40.0,22.0,71.0,27.64,26.2,42.5,33.9,319.6
79.31,61.81,42.32,27.49,4.6,14.89,32.0,46.7,31.0,68.88,32.4,37.0,43.8,1347.7
173.42,158.46,132.63,65.92,1.26,15.49,38.0,23.1,67.8,30.78,23.2,44.0,56.2,393.7
99.99,81.13,60.72,35.88,4.62,14.96,30.0,38.8,39.2,60.56,28.0,63.4,54.3,972.4
142.75,126.2,101.45,53.75,2.31,15.81,36.0,29.4,56.1,42.83,23.5,58.4,1.8,550.9
131.27,113.23,88.46,48.79,3.08,16.37,34.0,32.9,51.4,47.85,28.3,68.2,52.1,640.3
81.54,63.69,45.06,28.37,4.82,14.35,30.0,45.1,32.2,67.98,34.3,53.5,24.8,1175.2
121.46,102.66,79.87,44.67,3.85,15.66,34.0,33.7,47.5,51.87,27.8,46.5,10.5,750.9
87.33,68.35,48.5,30.49,5.07,15.11,30.0,43.5,34.1,65.95,28.0,59.6,24.2,1117.8
204.74,190.41,169.25,77.77,1.57,12.51,34.0,17.6,80.4,18.6,24.9,56.6,6.3,184.3
74.92,58.04,40.22,25.8,4.63,13.91,30.0,46.7,29.4,70.49,21.6,46.0,39.0,1515.7
82.6,64.73,45.75,28.81,4.76,14.53,30.0,44.7,32.5,67.55,33.6,38.4,40.5,1261.9
92.24,71.95,53.18,32.2,5.72,14.56,30.0,42.4,36.1,64.25,32.9,85.0,17.9,942.9
108.1,86.72,68.0,38.52,5.86,14.22,28.0,36.9,42.4,57.96,18.5,48.6,10.2,964.7
175.64,159.03,135.03,66.33,2.17,14.75,36.0,23.1,69.0,30.27,28.8,57.9,59.8,353.5
89.44,69.4,51.47,31.1,5.79,14.1,28.0,42.7,34.9,65.31,29.2,37.7,16.8,1168.9
104.67,85.73,63.46,37.77,4.3,15.91,32.0,40.0,41.2,58.76,21.1,43.3,23.0,983.7
89.05,69.47,49.67,31.04,5.32,15.14,30.0,43.9,34.9,65.43,29.5,57.4,1.1,1092.8
91.65,72.95,53.71,32.43,4.89,14.52,30.0,41.2,36.1,63.96,35.0,81.0,59.7,997.5
65.68,46.69,32.29,21.06,6.5,12.65,26.0,51.4,25.9,75.27,25.7,70.8,21.1,1556.2
63.94,46.07,31.01,20.62,5.88,12.87,28.0,51.4,25.1,75.67,31.3,73.2,6.0,1463.9
96.9,79.47,59.99,35.05,4.13,14.23,30.0,38.0,38.0,61.28,22.7,69.8,54.8,1036.4
245.52,240.48,224.18,94.95,-1.06,8.47,44.0,9.0,96.5,1.95,23.1,75.7,51.0,0.0
197.28,186.44,167.09,76.07,0.57,11.19,38.0,15.3,77.3,20.05,30.9,61.5,55.0,206.4
63.92,47.21,31.96,20.98,5.24,12.72,28.0,50.2,25.1,75.26,15.0,57.8,24.2,1784.7
59.5,42.14,29.67,18.82,6.12,11.29,24.0,50.2,23.5,77.42,29.2,49.1,58.9,1898.4
204.05,189.19,168.36,77.38,1.82,12.43,34.0,17.6,80.0,18.98,32.0,60.0,4.5,179.4
129.74,111.31,88.79,48.11,3.6,15.23,32.0,31.4,51.0,48.39,22.8,67.1,25.4,648.6
245.62,240.75,221.98,94.98,-1.52,9.65,48.0,9.8,96.5,2.35,28.4,41.9,45.6,0.0
161.66,143.58,120.3,60.63,2.98,14.86,34.0,25.9,63.5,35.94,29.5,76.0,31.0,388.9
246.75,241.39,222.48,95.23,-1.37,9.77,46.0,10.2,96.9,2.16,24.7,46.6,10.7,0.0
78.01,61.49,43.83,27.27,4.37,13.61,30.0,43.5,30.6,68.99,26.6,26.7,40.3,1417.3
232.28,224.96,204.17,89.58,-0.98,11.06,46.0,12.2,91.0,6.9,25.5,73.4,54.8,57.9
136.93,119.75,96.71,51.32,2.89,15.11,34.0,29.0,53.7,45.16,23.7,48.4,21.7,611.3
244.55,239.77,221.42,94.64,-1.48,9.44,48.0,9.8,96.1,2.44,17.1,39.8,47.9,0.0
245.09,240.32,222.5,94.84,-1.4,9.18,46.0,9.4,96.1,2.23,20.0,48.6,23.7,0.0
169.78,156.04,133.09,64.97,1.22,13.86,38.0,22.0,66.7,31.42,24.5,36.1,12.8,385.7
54.84,38.89,26.85,17.13,5.58,10.88,26.0,51.0,21.6,79.06,37.5,58.0,48.7,1847.8
79.21,59.17,41.56,26.68,6.15,14.31,28.0,46.7,31.0,69.75,36.9,58.0,11.0,1227.7
121.36,103.63,80.27,44.94,3.29,15.8,36.0,33.7,47.5,51.59,26.1,58.2,5.0,714.8
198.42,188.68,163.83,76.68,-0.7,13.81,44.0,17.3,77.6,19.95,15.0,50.8,56.2,243.9
230.66,223.74,199.51,89.04,-1.66,12.71,46.0,13.3,90.6,8.18,29.8,60.9,6.5,57.8
220.19,208.0,188.62,83.97,1.01,11.14,36.0,14.1,86.3,12.23,39.5,74.1,31.8,96.6
81.29,65.13,46.02,28.79,3.91,14.3,32.0,43.1,31.8,67.5,20.9,81.7,5.2,1170.0
88.2,69.35,50.53,30.92,5.12,14.42,30.0,42.0,34.5,65.47,34.3,49.9,44.2,1115.2
243.72,240.53,224.06,94.82,-1.72,8.33,52.0,8.2,95.7,2.6,30.0,63.7,57.9,0.0
107.94,88.05,66.65,38.85,4.8,15.49,30.0,38.0,42.4,57.68,18.8,60.9,56.9,978.2
197.52,183.9,162.07,75.32,1.23,12.84,36.0,18.0,77.6,21.05,24.0,50.3,56.7,234.1
246.52,240.56,220.8,94.97,-1.3,10.26,46.0,10.6,96.9,2.43,34.4,66.9,11.6,0.0
157.75,141.3,116.7,59.58,2.15,15.38,36.0,25.9,62.0,37.01,31.4,66.4,50.0,439.9
79.18,62.57,42.0,27.7,4.01,15.36,34.0,46.7,31.0,68.69,36.1,54.5,22.7,1202.8
221.0,212.63,189.13,85.23,-1.03,12.66,46.0,14.5,86.7,11.48,33.3,25.7,48.0,111.1
94.91,74.77,58.34,33.43,5.9,13.03,28.0,38.8,37.3,62.93,31.6,69.7,14.6,947.8
171.45,155.56,129.31,64.91,1.58,15.9,38.0,24.7,67.1,31.86,32.1,54.7,23.0,346.0
210.67,201.93,179.42,81.45,-0.73,12.33,44.0,15.3,82.7,14.98,31.5,36.2,5.5,147.7
73.05,56.81,37.55,25.15,4.16,14.73,32.0,47.8,28.6,71.18,35.3,56.0,39.0,1348.9
165.36,148.68,123.21,62.4,2.05,15.73,38.0,25.5,64.7,34.3,31.6,44.4,15.4,394.2
85.68,68.21,48.79,30.26,4.42,14.59,30.0,43.1,33.7,66.09,29.7,58.2,13.4,1130.9
101.03,82.99,59.63,36.51,3.8,16.49,34.0,40.8,39.6,60.05,23.2,56.6,56.9,1035.1
216.95,205.88,182.52,83.03,-0.02,13.0,40.0,15.7,85.1,13.58,34.4,74.4,46.6,113.9
62.97,47.97,31.61,21.09,4.2,13.08,30.0,49.0,24.7,75.11,27.5,60.6,33.2,1626.8
218.18,210.01,189.52,84.34,-0.63,11.16,42.0,12.9,85.5,11.91,19.6,69.9,31.5,109.5
87.98,69.89,50.35,31.05,4.64,14.71,32.0,43.1,34.5,65.33,27.5,40.8,36.7,1199.8
74.03,58.56,37.0,25.78,3.44,15.93,36.0,50.2,29.0,70.62,31.3,51.1,22.1,1359.7
57.44,41.89,27.97,18.43,5.02,11.89,28.0,51.0,22.4,77.76,19.2,66.9,28.5,1960.6
87.09,67.16,47.38,30.09,5.56,15.28,30.0,45.9,34.1,66.4,22.9,35.1,8.0,1296.9
85.01,66.26,46.6,29.57,5.04,15.03,30.0,44.7,33.3,66.86,30.4,60.6,44.8,1186.5
67.82,49.24,34.95,22.16,6.21,12.38,26.0,48.6,26.7,74.14,24.7,70.7,20.9,1504.2
95.67,73.15,55.57,33.0,6.88,14.2,26.0,41.6,37.6,63.54,27.9,48.5,11.3,1051.7
236.2,230.73,211.13,91.49,-1.44,10.2,48.0,10.6,92.5,5.05,28.2,48.5,59.7,37.5
222.3,213.03,193.5,85.53,-0.08,10.8,42.0,12.9,87.1,10.64,30.5,58.5,2.5,91.9
244.09,238.45,224.32,94.34,-0.5,7.5,42.0,8.2,95.7,2.45,28.5,59.5,19.7,0.0
96.88,78.96,58.71,34.87,4.25,14.79,32.0,39.2,38.0,61.52,31.8,66.7,54.6,981.9
84.62,65.96,48.46,29.47,5.29,13.72,30.0,43.5,33.3,66.87,27.6,79.9,2.2,1066.8
245.04,240.01,221.56,94.74,-1.41,9.51,46.0,9.4,96.1,2.34,26.7,63.2,30.9,0.0
57.39,40.39,27.27,17.95,5.91,11.73,26.0,52.5,22.4,78.28,35.8,36.6,2.6,1867.2
78.1,59.57,41.72,26.67,5.38,14.16,30.0,46.3,30.6,69.69,26.5,71.7,23.1,1253.3
70.46,52.83,36.59,23.61,5.36,13.28,30.0,47.1,27.5,72.68,31.1,47.9,9.6,1456.5
119.27,101.35,76.56,44.01,3.21,16.7,34.0,35.3,46.7,52.63,28.5,73.8,32.1,708.1
99.35,79.61,58.4,35.33,4.94,15.63,32.0,41.6,38.8,61.19,35.7,46.5,46.6,972.7
210.29,196.73,176.9,80.02,1.47,11.66,36.0,15.7,82.4,16.23,26.5,73.5,27.1,148.6
73.63,56.44,37.53,25.1,4.69,14.7,30.0,48.6,29.0,71.25,31.0,62.4,44.5,1378.3
244.89,237.11,222.47,94.02,0.16,8.01,40.0,9.4,96.1,2.24,23.9,51.6,3.8,3.6
51.22,37.02,24.76,16.02,4.72,10.75,28.0,51.0,20.0,80.11,30.8,78.0,34.3,1905.8
78.07,62.57,41.22,27.55,3.37,15.64,36.0,47.5,30.6,68.83,34.5,43.9,7.3,1269.1
55.53,40.47,29.0,17.76,5.16,10.25,24.0,48.2,22.0,78.39,29.1,39.7,15.5,1913.3
245.56,242.08,221.71,95.3,-2.25,10.25,50.0,9.8,96.5,3.1,33.3,56.5,15.4,0.0
87.97,67.61,48.87,30.35,5.89,14.71,30.0,44.3,34.5,66.12,23.8,60.6,34.2,1176.4
78.34,60.85,43.43,27.11,4.89,13.66,30.0,44.7,30.6,69.19,30.1,58.4,35.3,1264.7
72.42,53.69,36.77,24.12,5.79,13.88,30.0,48.6,28.2,72.24,32.3,63.6,50.3,1421.3
181.96,167.99,142.48,69.41,0.87,15.03,40.0,22.0,71.4,27.27,31.8,78.1,37.7,263.3
130.94,111.94,88.23,48.39,3.66,15.96,34.0,32.9,51.4,48.22,31.5,68.3,21.6,598.8
66.82,47.45,34.48,21.48,6.85,11.78,24.0,49.4,26.3,74.84,27.1,43.3,44.4,1650.8
67.73,50.82,37.37,22.68,5.45,11.47,28.0,45.5,26.7,73.53,28.0,50.7,14.7,1522.0
230.42,225.42,202.88,89.52,-2.08,11.63,48.0,11.8,90.2,7.45,28.9,61.4,57.8,60.6
71.96,52.19,37.3,23.62,6.62,12.86,26.0,48.6,28.2,72.74,30.0,45.1,37.5,1533.9
245.19,239.99,221.61,94.75,-1.34,9.5,46.0,9.4,96.1,2.28,26.1,26.7,55.7,0.0
185.62,171.19,148.3,70.69,1.42,13.67,36.0,20.4,72.9,25.75,33.2,49.0,5.3,263.6
165.03,153.0,128.6,63.64,0.34,14.44,40.0,22.0,64.7,32.81,38.3,68.3,27.9,336.5
159.34,139.91,115.72,59.34,3.42,15.62,34.0,27.1,62.4,37.37,28.8,50.6,15.2,443.1
108.97,90.2,67.88,39.6,4.13,15.77,32.0,37.6,42.7,56.92,34.8,47.3,37.0,836.5
178.31,164.11,139.95,68.01,1.18,14.42,38.0,21.2,69.8,28.52,34.2,65.6,52.2,299.6
141.08,121.6,97.52,52.25,3.68,15.99,34.0,30.6,55.3,44.42,36.1,67.0,45.6,534.3
65.27,50.24,33.21,22.11,4.06,13.4,32.0,49.4,25.5,74.11,36.5,48.9,32.7,1473.9
130.99,111.88,88.64,48.39,3.77,15.71,32.0,32.2,51.4,48.19,24.9,46.5,47.0,699.8
55.07,39.71,26.62,17.41,5.11,11.41,28.0,51.0,21.6,78.76,40.9,53.1,7.6,1751.5
78.22,64.81,47.33,28.37,2.84,12.84,34.0,39.6,30.6,67.78,29.1,48.0,48.8,1303.0
153.07,134.55,112.76,57.24,3.46,14.31,34.0,26.3,60.0,39.23,28.9,63.0,28.7,462.6
218.83,211.68,190.01,84.83,-1.18,11.61,46.0,13.3,85.9,11.59,27.0,65.9,1.6,103.4
228.33,217.75,199.94,87.35,0.65,10.06,38.0,12.2,89.4,8.72,30.2,57.7,11.0,73.1
95.14,75.22,56.19,33.54,5.43,14.53,30.0,41.2,37.3,62.9,29.9,69.4,29.6,973.3
139.17,119.53,97.07,51.48,4.01,15.17,32.0,30.2,54.5,45.08,31.3,62.2,9.4,543.6
65.65,47.85,31.96,21.4,5.67,13.31,28.0,51.4,25.9,74.9,19.9,37.7,31.0,1771.8
210.25,197.9,177.13,80.33,0.87,11.96,38.0,15.7,82.4,15.95,26.3,45.1,15.9,158.9
142.55,125.94,101.49,53.66,2.38,15.66,36.0,29.4,56.1,42.9,32.9,58.9,13.1,518.0
152.84,136.51,112.52,57.74,2.23,15.14,36.0,26.3,60.0,38.79,38.2,75.5,25.3,404.0
244.17,241.42,221.54,95.02,-2.43,9.93,52.0,9.0,95.7,3.23,24.7,44.0,54.1,0.0
102.24,84.27,62.3,37.06,3.93,15.62,34.0,39.2,40.0,59.41,33.6,59.2,30.7,879.4
207.8,196.21,176.07,79.67,0.7,11.57,38.0,15.3,81.6,16.53,24.0,45.7,48.1,174.2
151.09,134.71,111.07,57.06,2.32,15.0,36.0,26.7,59.2,39.44,33.7,31.2,35.9,506.8
100.84,82.04,59.17,36.21,4.24,16.37,32.0,41.6,39.6,60.36,33.5,57.9,44.6,939.1
194.13,180.73,160.81,74.18,1.45,11.88,36.0,16.9,76.1,22.03,26.5,48.3,35.7,238.2
228.33,221.31,199.89,88.25,-1.19,11.37,46.0,12.2,89.4,8.28,20.1,61.6,35.6,72.4
60.03,43.82,29.27,19.39,5.19,12.33,30.0,51.8,23.5,76.83,26.0,51.7,36.7,1820.5
185.87,172.73,148.05,71.11,0.65,14.41,40.0,20.4,72.9,25.47,26.9,69.1,34.0,268.0
140.74,120.83,95.95,51.97,3.76,16.52,34.0,31.8,55.3,44.79,35.4,50.0,46.7,567.1
206.11,194.71,173.07,79.08,0.4,12.32,40.0,16.1,80.8,17.24,26.9,46.8,14.1,167.6
239.32,228.54,208.92,91.14,0.42,10.88,40.0,12.5,93.7,5.21,24.9,53.0,37.7,36.4
216.92,206.83,183.79,83.3,-0.32,12.71,42.0,15.3,85.1,13.26,37.3,70.9,3.3,106.8
122.09,102.39,80.76,44.68,4.41,15.16,30.0,33.7,47.8,51.84,15.0,44.9,59.5,874.1
191.03,180.12,155.89,73.66,-0.16,13.77,42.0,18.4,74.9,22.85,30.4,62.2,59.4,241.6
91.45,71.63,52.6,32.01,5.48,14.64,30.0,41.6,35.7,64.43,24.0,66.8,10.8,1081.2
117.29,99.24,77.39,43.23,3.71,15.11,34.0,34.1,45.9,53.22,32.0,59.1,24.8,716.4
93.82,76.84,57.02,33.88,3.93,14.45,32.0,39.2,36.9,62.45,24.0,50.2,22.5,1050.5
78.19,60.51,42.43,26.97,4.91,14.11,32.0,46.3,30.6,69.36,28.2,61.7,26.0,1246.4
162.16,147.86,122.8,61.88,1.17,15.19,38.0,23.9,63.5,34.68,26.4,63.3,54.6,423.5
227.55,220.8,200.18,88.07,-1.15,10.95,46.0,12.2,89.4,8.33,28.6,62.2,18.7,67.0
163.96,147.54,123.26,61.97,2.13,15.09,36.0,25.1,64.3,34.61,27.2,44.8,30.0,412.3
240.95,234.81,216.63,93.01,-0.98,9.56,46.0,9.8,94.5,3.38,34.9,65.6,3.7,14.1
94.26,74.72,54.94,33.27,5.16,14.93,30.0,41.6,36.9,63.18,23.7,39.1,3.4,1136.5
213.57,201.68,181.55,81.67,0.8,11.54,38.0,14.9,83.9,14.56,16.7,44.6,60.0,162.5
75.23,60.02,43.36,26.5,3.92,12.82,32.0,42.7,29.4,69.69,20.4,55.2,29.1,1391.8
62.93,44.05,31.28,19.88,6.76,11.7,24.0,51.0,24.7,76.42,43.4,60.7,22.8,1505.3
207.15,195.68,172.66,79.4,0.2,13.01,40.0,16.5,81.2,17.08,23.4,59.5,14.7,166.4
60.47,42.76,30.82,19.16,6.34,10.99,24.0,48.2,23.5,77.09,25.3,59.0,9.2,1774.4
103.51,84.83,63.86,37.4,4.37,15.14,32.0,38.4,40.8,59.05,22.6,78.1,5.4,891.7
214.47,206.33,181.78,82.93,-1.27,13.23,46.0,14.9,83.9,13.85,34.0,38.9,32.2,128.4
76.71,58.73,43.01,26.28,5.42,12.78,28.0,44.3,30.2,70.0,19.2,57.6,43.9,1396.4
208.41,195.2,173.81,79.41,1.1,12.42,38.0,16.5,81.6,16.95,21.5,56.6,32.8,179.0
200.94,186.88,167.56,76.5,1.77,11.58,34.0,16.5,78.8,19.71,33.1,53.2,54.8,201.2
247.0,239.62,221.75,94.79,-0.5,9.52,44.0,10.2,96.9,1.65,23.9,57.6,55.7,0.0
220.53,212.71,192.3,85.28,-0.74,11.05,44.0,12.9,86.7,10.98,24.3,55.5,23.4,101.9
69.4,50.83,35.76,22.86,6.05,12.8,28.0,47.8,27.1,73.45,28.1,55.7,24.7,1441.2
63.99,44.8,31.44,20.25,6.81,12.11,26.0,51.4,25.1,76.08,33.0,49.9,46.4,1678.0
93.8,73.62,55.85,32.92,5.76,13.88,28.0,40.4,36.9,63.49,27.6,55.8,39.5,1077.7
241.72,235.82,215.51,93.3,-1.41,10.56,46.0,10.6,94.9,3.66,28.2,34.6,28.6,13.8
242.53,238.47,222.94,94.19,-1.27,7.99,46.0,8.2,95.3,2.73,17.3,74.8,55.8,0.0
59.25,42.3,27.73,18.79,5.63,12.56,28.0,52.5,23.1,77.46,27.4,61.5,38.3,1759.6
148.37,131.44,106.94,55.83,2.45,15.61,36.0,27.8,58.0,40.76,35.7,73.8,30.2,448.6
134.83,118.47,94.53,50.71,2.43,15.52,34.0,29.8,52.9,45.8,30.7,54.4,1.6,592.3
112.58,91.79,72.23,40.53,5.37,14.46,30.0,36.5,44.3,55.95,30.8,31.9,52.9,897.1
91.8,74.85,52.56,32.98,3.62,15.98,34.0,42.4,36.1,63.48,33.4,69.0,40.6,1013.8
112.0,93.38,71.28,40.9,4.03,15.51,32.0,36.5,43.9,55.6,30.5,52.2,54.2,851.5
244.94,239.98,221.39,94.72,-1.45,9.57,48.0,9.8,96.1,2.4,29.9,61.7,48.7,0.0
234.48,223.49,204.23,89.39,0.56,10.78,38.0,12.9,91.8,6.85,29.3,65.9,58.6,51.0
103.83,85.42,62.26,37.57,3.95,16.35,32.0,40.4,40.8,58.99,26.4,56.0,39.2,934.5
211.07,199.8,178.89,80.92,0.45,11.87,40.0,15.3,82.7,15.35,40.9,55.3,13.3,134.1
64.24,46.14,34.01,20.75,6.38,11.05,24.0,47.1,25.1,75.51,26.9,73.6,51.7,1614.7
114.9,97.28,74.52,42.37,3.43,15.62,34.0,34.9,45.1,54.12,38.2,30.1,46.0,823.5
193.17,181.73,157.09,74.28,-0.02,14.02,42.0,18.8,75.7,22.3,29.5,82.3,28.0,209.8
243.01,241.67,221.45,95.0,-2.97,9.92,58.0,9.0,95.3,3.73,25.7,52.1,33.0,0.0
246.24,240.51,222.2,94.97,-1.15,9.53,48.0,9.8,96.5,2.02,39.1,58.6,35.8,0.0
222.92,214.77,193.64,86.03,-0.74,11.43,44.0,12.9,87.5,10.34,34.0,84.8,54.8,83.9
246.42,240.27,221.73,94.91,-1.03,9.69,46.0,9.8,96.5,2.0,16.1,52.6,6.6,0.0
228.89,222.88,201.93,88.74,-1.47,11.0,46.0,11.8,89.8,7.78,33.0,63.2,32.6,60.0
242.02,236.34,217.41,93.49,-1.26,9.85,46.0,10.2,94.9,3.18,19.0,50.5,8.0,16.4
60.75,46.99,31.8,20.52,3.76,12.14,32.0,47.5,23.9,75.62,33.3,36.1,1.4,1728.4
167.21,150.44,124.54,63.06,2.01,15.94,36.0,25.1,65.5,33.7,31.6,52.8,55.6,397.6
138.69,122.88,98.71,52.39,2.12,15.47,36.0,28.6,54.5,44.12,28.6,32.0,48.7,628.1
94.06,73.94,55.75,33.04,5.67,14.11,28.0,40.4,36.9,63.38,29.3,81.3,57.7,1018.4
244.92,238.63,221.72,94.39,-0.73,8.93,44.0,9.4,96.1,2.03,29.5,59.6,22.9,0.0
235.73,230.02,210.77,91.27,-1.3,10.06,46.0,10.6,92.5,5.17,30.4,54.9,14.5,34.0
212.25,202.92,180.92,81.86,-0.43,12.14,42.0,14.5,83.1,14.51,25.7,49.6,23.5,144.7
69.74,53.05,37.24,23.6,4.95,12.83,30.0,47.1,27.5,72.64,36.2,71.4,43.7,1377.8
136.17,118.63,93.87,50.88,2.8,16.15,36.0,31.0,53.3,45.74,23.8,62.9,9.1,591.3
138.25,119.19,95.95,51.28,3.65,15.52,32.0,30.6,54.1,45.3,28.8,82.2,30.7,539.8
62.52,46.18,30.85,20.47,5.08,12.75,28.0,51.0,24.7,75.76,30.2,44.9,1.5,1711.7
233.49,225.38,207.61,89.86,-0.22,9.67,40.0,10.6,91.4,6.22,30.0,64.0,29.4,43.7
234.18,231.85,208.53,91.57,-3.14,11.63,56.0,10.6,91.8,6.31,33.8,46.5,17.5,36.6
58.86,40.03,26.97,18.03,6.88,12.07,24.0,54.1,23.1,78.29,21.0,57.6,4.1,1948.8
60.81,44.01,29.28,19.55,5.47,12.55,28.0,52.5,23.9,76.69,36.8,66.3,24.6,1599.4
63.68,46.92,32.09,20.87,5.32,12.48,28.0,50.2,25.1,75.36,24.8,56.3,58.1,1729.8
245.31,240.65,220.33,94.89,-1.84,10.37,50.0,10.2,96.1,2.93,27.9,66.5,54.9,0.0
78.7,60.91,42.7,27.16,4.93,14.2,30.0,45.5,31.0,69.18,33.9,45.1,24.9,1262.9
200.39,186.57,167.16,76.37,1.66,11.6,36.0,16.5,78.4,19.84,26.4,73.3,33.8,193.1
199.14,186.71,166.1,76.27,0.96,12.03,38.0,16.5,78.0,19.97,22.0,56.4,18.5,207.9
151.64,133.58,108.6,56.75,2.82,15.99,34.0,28.2,59.6,39.94,21.4,66.8,19.1,494.0
102.54,83.5,62.15,36.87,4.52,15.46,30.0,40.0,40.4,59.62,22.0,62.9,4.6,947.2
145.49,127.07,105.12,54.33,3.48,14.54,34.0,27.5,56.9,42.14,18.4,55.7,52.6,599.3
56.73,44.14,29.63,19.08,3.35,11.6,32.0,47.5,22.4,77.02,22.5,47.1,9.4,1876.3
139.05,122.44,99.61,52.32,2.65,14.86,34.0,28.2,54.5,44.12,16.3,53.6,43.4,641.7
175.62,162.61,139.4,67.36,0.87,13.78,38.0,21.2,69.0,29.04,29.5,29.1,39.4,348.8
60.13,43.38,29.12,19.26,5.53,12.27,28.0,51.8,23.5,76.97,24.3,35.3,28.4,1893.1
58.79,42.11,28.72,18.69,5.65,11.75,26.0,51.0,23.1,77.53,31.1,60.6,16.5,1690.4
120.0,100.65,77.49,43.91,4.07,16.02,34.0,35.7,47.1,52.68,24.7,30.4,32.2,831.2
215.24,204.43,184.61,82.57,0.44,11.22,38.0,14.1,84.3,13.61,36.0,42.3,27.5,122.4
61.03,45.64,29.82,20.09,4.55,12.91,30.0,51.0,23.9,76.12,25.6,44.9,59.4,1912.4
55.18,40.08,26.6,17.54,4.92,11.59,28.0,51.0,21.6,78.63,26.3,72.3,11.4,1787.6
125.3,108.12,85.15,46.7,3.04,15.37,34.0,32.2,49.0,49.77,28.2,48.9,28.2,689.5
190.32,174.29,151.22,71.97,1.99,13.93,36.0,20.4,74.5,24.58,15.0,34.2,54.5,321.0
124.57,104.64,82.63,45.6,4.41,15.35,32.0,33.7,49.0,50.95,23.4,62.6,12.5,706.6
168.55,151.3,129.25,63.51,2.77,13.95,34.0,23.5,66.3,32.94,35.6,50.2,36.9,357.8
61.97,45.01,29.51,20.01,5.41,13.03,28.0,51.8,24.3,76.26,30.8,77.3,13.2,1563.9
78.43,58.08,38.88,26.21,6.14,15.39,30.0,50.2,30.6,70.31,22.1,56.2,53.2,1446.3
88.97,67.52,48.96,30.45,6.42,14.81,28.0,45.1,34.9,66.07,26.8,60.8,33.8,1135.1
175.21,159.27,135.35,66.36,1.92,14.61,36.0,22.7,68.6,30.2,36.5,31.4,16.3,341.5
236.73,229.41,210.92,91.2,-0.62,9.89,42.0,11.0,92.9,5.01,22.3,71.5,44.9,35.4
50.35,34.63,24.37,15.14,5.88,9.84,26.0,52.2,19.6,81.04,30.4,76.3,7.9,1998.8
242.29,236.77,219.24,93.66,-1.09,9.15,46.0,9.4,94.9,2.83,23.4,66.0,1.2,5.0
137.76,119.78,97.93,51.43,3.4,14.58,34.0,29.0,54.1,45.01,37.6,41.2,3.6,564.5
123.52,104.28,81.24,45.36,3.98,15.83,32.0,34.5,48.6,51.22,31.2,59.6,21.5,692.7
82.15,64.99,45.75,28.84,4.37,14.55,32.0,43.9,32.2,67.5,27.1,49.8,40.9,1257.9
86.91,67.43,48.14,30.16,5.4,14.9,30.0,44.7,34.1,66.29,30.4,60.9,36.9,1114.0
245.69,240.92,222.77,95.04,-1.45,9.33,46.0,9.4,96.5,2.2,37.3,36.6,6.8,0.0
155.35,137.3,114.71,58.24,3.13,14.61,34.0,25.9,60.8,38.26,31.4,74.9,28.0,410.7
103.93,83.11,62.64,36.93,5.45,15.26,30.0,39.6,40.8,59.61,38.3,52.9,13.3,895.5
106.68,88.13,65.13,38.71,3.97,16.19,32.0,39.2,42.0,57.84,29.8,57.7,1.9,862.0
64.71,47.37,34.03,21.18,5.79,11.62,26.0,47.8,25.5,75.05,20.4,59.4,2.8,1672.9
166.29,148.58,126.36,62.52,2.95,14.15,34.0,23.9,65.1,33.96,27.1,68.9,31.6,374.0
85.42,68.42,48.33,30.29,4.09,14.91,32.0,43.5,33.3,66.07,32.7,66.9,37.1,1095.2
174.53,159.26,132.96,66.24,1.3,15.77,38.0,23.9,68.6,30.53,23.7,37.6,6.9,372.2
113.24,93.9,70.11,41.15,4.1,16.59,34.0,38.0,44.3,55.49,32.1,62.8,21.3,767.6
59.77,43.69,30.02,19.33,5.26,11.75,28.0,50.2,23.5,76.87,28.7,62.6,45.1,1734.1
62.05,46.09,33.7,20.44,5.29,10.8,26.0,45.1,24.3,75.73,28.5,62.3,28.5,1603.4
68.55,50.0,33.99,22.46,5.95,13.43,28.0,50.6,27.1,73.87,20.3,51.6,27.1,1651.3
241.04,239.9,220.67,94.39,-2.88,9.43,58.0,8.2,94.5,3.77,35.3,59.0,34.5,0.0
243.48,238.89,222.74,94.36,-1.19,8.35,48.0,8.2,95.3,2.44,23.4,72.7,48.0,0.0
73.9,56.29,39.59,25.13,5.18,13.42,28.0,45.9,29.0,71.16,26.1,58.7,53.8,1448.3
177.19,161.1,134.3,66.99,1.54,16.11,38.0,24.3,69.4,29.89,36.9,52.6,54.7,326.4
114.86,94.75,74.39,41.65,4.9,14.72,30.0,35.7,45.1,54.83,17.3,45.0,40.2,916.0
237.55,231.48,212.93,91.83,-1.06,9.75,44.0,10.6,93.3,4.51,32.2,55.9,59.2,29.9
137.34,118.48,93.89,50.95,3.39,16.25,34.0,31.4,53.7,45.72,18.6,51.9,19.5,652.2
106.24,87.42,66.34,38.48,4.37,15.14,32.0,37.6,41.6,57.98,31.7,52.6,8.9,864.9
203.75,193.27,170.9,78.46,-0.05,12.59,40.0,16.1,80.0,17.91,31.9,69.8,52.2,171.7
173.36,156.0,132.01,65.25,2.48,14.9,36.0,23.5,67.8,31.37,31.4,72.9,43.4,338.8
71.16,53.38,37.3,23.88,5.44,13.18,28.0,47.8,27.8,72.41,26.7,55.1,48.8,1528.5
97.13,80.13,56.23,35.19,3.32,16.74,36.0,42.4,38.0,61.37,32.3,42.7,51.1,1043.2
57.32,42.58,29.51,18.66,4.7,11.14,28.0,47.5,22.4,77.48,27.8,47.3,44.2,1929.2
223.79,217.5,193.99,86.8,-1.78,12.35,46.0,13.3,87.8,10.05,27.8,56.6,48.9,90.8
123.3,102.7,79.96,44.88,4.64,15.92,32.0,34.9,48.2,51.75,32.7,61.3,31.1,693.1
161.82,146.5,119.93,61.42,1.37,16.17,38.0,25.9,63.5,35.33,36.8,51.5,14.6,391.2
134.51,116.76,91.18,50.14,2.8,16.68,36.0,32.5,52.9,46.56,30.1,41.8,1.3,617.3
233.32,224.76,206.78,89.67,-0.09,9.83,42.0,11.0,91.4,6.41,21.6,64.4,11.7,50.3
169.24,154.77,131.36,64.55,1.45,14.22,38.0,22.4,66.3,31.89,27.4,51.1,40.2,374.1
120.08,101.24,79.79,44.13,4.08,14.96,32.0,33.3,47.1,52.33,22.7,35.9,35.5,821.1
212.07,202.31,178.44,81.64,-0.57,13.14,42.0,16.1,83.1,14.98,23.6,53.9,35.6,147.9
64.77,46.65,32.17,20.93,6.06,12.53,28.0,50.6,25.5,75.36,26.9,39.7,24.4,1677.7
238.81,232.26,212.71,92.12,-1.06,10.29,44.0,11.0,93.7,4.38,19.1,39.5,44.5,30.4
71.29,53.34,38.5,23.91,5.69,12.44,28.0,46.7,27.8,72.36,29.3,43.7,35.4,1472.5
156.9,140.31,115.95,59.22,2.25,15.3,36.0,26.3,61.6,37.36,31.0,23.5,24.1,476.6
67.07,48.36,33.74,21.78,6.27,12.66,26.0,49.4,26.3,74.53,30.8,63.6,50.1,1527.5
177.44,159.13,135.36,66.52,2.87,14.86,34.0,23.9,69.4,30.15,35.4,36.9,32.0,333.0
230.42,221.59,202.37,88.54,-0.19,10.5,42.0,12.2,90.2,7.64,22.3,55.1,18.3,68.1
184.87,170.67,146.51,70.45,1.14,14.31,38.0,20.4,72.5,26.1,26.2,57.9,38.9,283.5
208.19,197.3,175.49,79.97,0.18,12.31,40.0,15.7,81.6,16.37,25.2,57.9,56.3,169.6
60.17,44.11,29.03,19.49,5.04,12.63,30.0,51.8,23.5,76.73,18.6,43.9,43.5,1949.9
81.34,62.2,41.71,27.84,5.25,15.78,30.0,48.2,31.8,68.66,25.8,41.5,29.7,1313.8
75.98,59.24,39.3,26.27,4.25,15.13,32.0,48.6,29.8,70.1,25.5,45.9,42.0,1446.4
247.66,240.79,221.75,95.14,-0.87,10.01,44.0,10.6,97.3,1.91,24.6,67.5,53.5,0.0
219.25,210.04,188.56,84.42,-0.4,11.79,42.0,13.7,85.9,11.95,24.2,70.9,53.6,114.2
124.05,100.68,79.9,44.4,6.15,15.31,28.0,35.3,48.6,52.29,32.9,60.4,49.7,717.0
245.52,238.62,221.96,94.44,-0.48,8.88,42.0,9.8,96.5,1.85,20.6,53.8,7.5,0.0
196.53,184.04,161.84,75.27,0.75,12.88,38.0,17.6,77.3,21.09,35.7,39.3,20.0,212.7
211.75,197.79,176.57,80.41,1.4,12.39,36.0,16.5,83.1,15.98,23.6,48.8,54.8,164.2
111.08,93.02,71.66,40.7,3.89,15.01,32.0,35.3,43.5,55.73,20.5,71.8,55.3,870.1
149.99,131.22,109.0,55.97,3.54,14.64,32.0,27.5,58.8,40.54,29.4,53.7,14.3,490.4
233.96,227.95,203.95,90.46,-1.95,12.44,48.0,12.9,91.8,6.97,32.9,48.7,13.5,50.4
223.57,215.67,194.94,86.34,-0.76,11.19,44.0,12.9,87.8,9.98,32.2,70.7,33.1,79.0
57.11,41.09,25.66,18.09,5.09,12.99,30.0,54.5,22.4,78.15,26.9,65.1,35.3,1861.8
75.02,58.27,37.48,25.82,4.17,15.7,34.0,50.6,29.4,70.59,31.1,70.9,1.3,1291.3
66.75,47.37,31.62,21.39,6.5,13.55,26.0,52.2,26.3,74.99,28.2,68.1,17.4,1502.7
73.95,55.62,38.84,24.93,5.54,13.63,30.0,47.5,29.0,71.4,18.5,69.3,4.5,1439.8
238.01,231.79,213.54,91.96,-0.97,9.62,46.0,10.2,93.3,4.34,30.1,56.7,50.6,27.7
63.63,45.91,31.64,20.54,5.92,12.35,26.0,50.2,25.1,75.73,34.1,59.1,54.6,1587.5
236.21,227.79,208.75,90.7,-0.32,10.31,42.0,11.4,92.5,5.52,29.3,56.0,50.6,45.8
81.53,62.46,45.97,28.02,5.73,13.31,26.0,43.9,32.2,68.32,26.0,42.1,26.6,1284.1
217.97,209.62,189.53,84.23,-0.49,10.99,42.0,12.9,85.5,11.98,22.5,36.6,5.1,118.6
220.38,211.36,189.86,84.87,-0.48,11.76,42.0,13.7,86.3,11.51,31.2,47.1,8.2,104.9
83.9,66.65,47.51,29.57,4.38,14.45,32.0,42.7,32.9,66.77,34.6,75.8,18.5,1063.3
112.44,94.33,70.02,41.19,3.48,16.67,34.0,37.6,43.9,55.42,17.1,43.4,57.7,988.4
129.18,111.19,88.03,48.0,3.32,15.52,34.0,31.8,50.6,48.52,32.7,72.8,47.0,620.3
99.19,77.11,58.88,34.6,6.48,14.36,28.0,40.4,38.8,61.92,30.5,60.1,1.3,951.7
240.84,236.18,214.98,93.31,-1.98,10.84,48.0,11.0,94.5,4.1,32.2,41.3,29.6,21.1
245.66,238.9,222.37,94.53,-0.5,8.8,42.0,9.8,96.5,1.79,21.3,64.6,43.2,0.0
101.99,82.2,62.46,36.45,5.11,14.69,30.0,39.2,40.0,60.0,23.5,63.5,47.6,983.4
55.02,38.97,28.21,17.21,5.81,10.05,24.0,49.0,21.6,78.98,30.2,64.1,35.5,1859.5
71.24,53.45,38.08,23.92,5.54,12.74,28.0,46.7,27.8,72.35,27.2,40.3,4.0,1508.2
190.95,176.01,156.22,72.58,2.07,12.08,34.0,18.4,74.9,23.67,23.0,28.2,47.9,283.1
206.03,195.24,173.19,79.21,0.11,12.44,40.0,16.1,80.8,17.14,28.9,59.7,55.8,174.7
94.19,78.13,57.47,34.31,3.36,14.75,34.0,39.2,36.9,62.02,32.0,61.2,36.6,982.1
70.36,51.93,38.06,23.36,6.1,11.98,26.0,45.9,27.5,72.92,22.8,54.4,46.6,1519.2
116.58,98.31,76.16,42.87,3.78,15.35,32.0,34.9,45.9,53.61,15.0,56.9,8.1,848.6
55.0,39.04,27.42,17.21,5.65,10.59,26.0,51.0,21.6,78.97,21.5,66.0,32.8,1981.0
138.59,119.21,97.2,51.34,3.96,14.89,32.0,30.2,54.5,45.18,26.0,57.7,47.1,604.6
73.57,56.48,39.78,25.16,4.92,13.32,28.0,45.9,29.0,71.11,31.3,45.8,46.4,1403.4
244.56,241.81,219.99,95.12,-2.74,10.86,52.0,10.2,96.1,3.84,30.9,56.8,10.9,0.0
57.49,41.07,25.7,18.14,5.3,13.03,30.0,54.5,22.4,78.11,25.5,42.1,9.8,1972.3
110.15,88.98,68.09,39.39,5.42,15.37,30.0,38.0,43.1,57.18,24.8,55.0,49.2,906.3
80.99,61.25,43.59,27.55,5.93,14.2,28.0,45.5,31.8,68.86,29.0,48.8,32.2,1273.9
226.47,216.09,199.37,86.77,0.76,9.51,38.0,11.8,88.6,9.25,36.1,39.9,39.7,76.8
166.97,153.27,128.18,63.87,0.9,15.03,38.0,23.5,65.5,32.69,26.8,48.7,46.5,392.0
179.99,164.77,145.53,68.45,2.32,11.98,34.0,18.8,70.6,27.77,31.7,61.2,35.7,286.7
242.99,238.94,221.82,94.32,-1.53,8.76,48.0,8.6,95.3,2.65,31.6,46.7,14.1,0.0
106.77,88.33,65.97,38.79,4.01,15.79,32.0,38.4,42.0,57.72,22.1,53.8,6.5,926.9
60.08,43.38,30.95,19.3,5.75,11.08,24.0,48.2,23.5,76.91,27.6,47.0,49.6,1872.5
142.58,124.2,100.4,53.16,3.23,15.61,34.0,30.2,56.1,43.43,24.8,49.0,43.5,583.0
152.16,136.13,110.62,57.54,1.89,15.92,36.0,27.1,59.6,39.1,31.0,41.8,34.7,488.7
230.79,221.29,201.08,88.47,-0.11,11.08,40.0,12.9,90.6,7.84,28.0,56.9,35.1,62.7
128.45,109.68,85.73,47.46,3.57,16.12,34.0,32.9,50.2,49.16,32.2,71.5,59.6,656.8
67.8,49.03,35.59,22.11,6.43,11.89,24.0,47.1,26.7,74.18,29.1,56.2,30.2,1474.9
149.87,130.5,105.95,55.7,3.45,16.02,34.0,29.4,58.8,41.01,27.8,64.1,44.3,504.1
242.85,240.37,222.54,94.68,-2.19,8.91,52.0,8.2,95.3,3.0,33.1,71.6,50.6,0.0
86.89,69.33,49.0,30.74,4.3,15.11,32.0,43.5,34.1,65.66,34.9,72.2,33.4,1027.2
178.04,162.59,137.84,67.54,1.58,14.92,38.0,22.4,69.8,29.09,36.1,34.5,2.8,313.1
139.67,119.26,97.64,51.47,4.45,14.83,30.0,30.2,54.9,45.08,25.1,48.8,8.0,598.5
57.68,41.36,27.93,18.3,5.49,11.75,26.0,51.8,22.7,77.91,15.7,80.1,38.6,1875.5
82.84,64.62,44.78,28.79,4.81,15.12,32.0,45.9,32.5,67.63,26.0,47.0,18.4,1274.1
110.7,92.11,69.94,40.37,4.02,15.59,32.0,36.9,43.5,56.13,27.9,41.5,9.2,867.3
142.5,125.97,101.23,53.66,2.31,15.81,36.0,29.4,56.1,42.92,22.2,69.3,32.3,556.1
114.27,94.03,73.72,41.37,4.98,14.73,30.0,34.9,44.7,55.11,29.2,46.3,42.5,833.0
64.84,48.56,33.24,21.54,4.96,12.63,30.0,49.4,25.5,74.68,28.2,65.1,51.3,1631.1
164.34,146.35,120.25,61.62,2.51,16.3,36.0,26.7,64.3,35.2,27.5,53.0,59.3,432.8
246.18,240.38,221.28,94.91,-1.25,9.92,46.0,10.2,96.5,2.26,21.2,59.9,47.2,0.0
245.11,239.21,221.78,94.55,-0.94,9.13,44.0,9.4,96.1,2.05,31.3,57.0,47.2,0.0
97.55,82.67,60.81,36.07,2.57,15.11,36.0,37.6,38.4,60.28,35.8,71.6,9.6,866.9
76.65,57.03,40.01,25.7,6.09,13.96,28.0,48.2,30.2,70.7,32.1,27.7,52.9,1481.1
209.3,197.67,175.87,80.16,0.45,12.39,40.0,15.7,82.0,16.2,31.4,45.7,32.1,160.4
175.9,158.73,135.16,66.27,2.45,14.6,36.0,23.1,69.0,30.32,28.3,72.9,44.7,332.0
245.45,240.32,223.43,94.89,-1.12,8.76,46.0,9.0,96.1,1.98,27.8,52.5,47.4,0.0
75.38,56.17,39.94,25.29,6.03,13.43,28.0,46.7,29.4,71.06,28.6,37.1,58.7,1515.8
70.06,53.0,34.69,23.57,4.81,14.46,30.0,49.8,27.5,72.76,30.3,37.7,20.4,1530.7
96.1,77.51,59.03,34.37,4.84,13.9,30.0,38.4,37.6,61.98,33.5,66.2,3.9,923.0
197.57,182.81,160.26,75.0,1.55,13.37,36.0,19.2,77.6,21.48,27.3,42.9,53.3,233.3
53.71,39.77,27.84,17.28,4.54,10.36,28.0,48.2,21.2,78.84,30.1,76.0,43.0,1845.7
144.44,127.83,104.62,54.42,2.54,14.94,36.0,27.1,56.5,42.05,16.1,56.0,32.3,573.5
141.63,124.08,100.8,53.05,2.96,15.2,34.0,29.0,55.7,43.46,33.5,59.3,12.9,520.6
245.63,241.55,221.19,95.16,-2.04,10.31,50.0,10.2,96.5,2.98,33.7,53.2,34.4,0.0
216.33,204.34,185.56,82.66,1.04,10.85,36.0,13.7,84.7,13.48,24.3,64.1,35.3,126.4
244.78,240.67,221.74,94.89,-1.8,9.63,50.0,9.4,96.1,2.63,24.6,65.4,1.5,0.0
60.85,47.49,30.53,20.66,3.32,13.17,32.0,49.0,23.9,75.51,24.8,76.8,45.4,1655.9
57.86,38.51,27.28,17.44,7.44,11.05,24.0,53.3,22.7,78.89,39.3,59.8,9.1,1705.0
131.73,112.89,87.94,48.73,3.41,16.6,34.0,33.3,51.8,47.97,26.5,52.4,16.5,648.1
121.7,101.82,78.95,44.44,4.32,15.91,32.0,35.3,47.8,52.16,30.1,63.6,55.4,751.7
98.56,80.15,60.11,35.43,4.48,14.71,30.0,39.2,38.8,60.97,28.2,68.7,6.2,928.0
109.62,90.65,68.19,39.81,4.18,15.87,32.0,38.0,43.1,56.73,32.6,54.1,10.4,804.6
84.59,65.5,45.89,29.28,5.23,15.1,30.0,45.9,33.3,67.17,22.8,70.0,57.9,1254.5
74.1,55.48,39.44,24.91,5.78,13.23,28.0,47.5,29.0,71.41,40.2,71.5,39.0,1213.1
201.46,189.82,166.15,77.27,0.18,13.44,42.0,17.3,78.8,19.25,29.7,50.9,51.6,200.1
125.72,106.59,83.7,46.28,3.92,15.66,32.0,33.3,49.4,50.28,19.4,54.0,26.7,750.6
84.27,67.17,47.51,29.77,4.23,14.71,32.0,42.7,32.9,66.58,37.9,59.7,43.1,1086.7
77.6,59.96,38.12,26.65,4.43,16.43,34.0,51.4,30.6,69.86,29.3,45.5,35.1,1378.9
81.08,62.45,41.65,27.88,4.96,15.86,30.0,48.2,31.8,68.61,21.4,85.0,15.5,1202.1
109.2,86.76,65.71,38.61,6.01,15.75,30.0,39.6,42.7,58.05,23.8,53.7,41.3,939.1
109.4,87.72,67.52,38.94,5.77,15.1,30.0,37.6,42.7,57.63,29.3,62.1,3.2,829.7
128.66,109.73,86.14,47.51,3.68,15.94,34.0,33.3,50.6,49.09,27.1,52.4,28.0,675.2
173.86,159.03,135.71,66.18,1.58,14.15,36.0,22.0,68.2,30.28,16.2,64.3,25.3,365.1
177.42,161.07,139.51,67.12,2.42,13.4,34.0,20.8,69.4,29.28,30.8,58.9,55.9,327.5
58.78,43.68,29.58,19.19,4.7,11.84,28.0,49.0,23.1,76.98,19.1,64.8,38.0,1848.4
55.64,38.93,28.12,17.28,6.14,10.22,24.0,49.8,22.0,78.93,30.4,42.4,18.6,1905.9
216.04,205.71,184.24,82.96,0.01,11.97,42.0,14.9,84.7,13.38,30.2,60.5,30.0,119.7
76.29,58.15,40.68,26.0,5.28,13.91,30.0,45.9,29.8,70.33,35.2,80.0,54.6,1240.9
63.46,46.59,31.2,20.72,5.32,12.87,30.0,51.0,24.7,75.53,26.2,20.0,13.9,1842.1
74.68,57.56,38.32,25.59,4.57,14.85,32.0,49.4,29.4,70.77,29.3,54.5,33.9,1360.8
61.34,45.14,30.65,20.0,5.15,12.24,28.0,49.0,23.9,76.21,23.6,63.7,44.0,1746.1
243.33,238.71,222.79,94.31,-1.14,8.25,48.0,8.2,95.3,2.47,26.8,42.7,18.8,0.0
143.69,129.62,103.01,54.81,0.98,16.39,40.0,28.6,56.5,41.85,36.6,29.4,15.3,535.5
63.31,46.34,30.54,20.61,5.33,13.16,28.0,51.0,24.7,75.66,29.7,46.4,5.4,1710.4
152.55,135.56,111.9,57.44,2.56,15.08,36.0,26.7,60.0,39.09,45.0,71.2,47.5,406.3
131.43,113.78,88.85,48.96,2.89,16.39,36.0,32.2,51.4,47.68,35.6,60.8,40.3,601.3
241.84,235.57,219.25,93.33,-0.64,8.66,44.0,9.4,94.9,2.92,29.9,58.6,57.9,11.3
134.42,111.58,89.98,48.68,5.6,15.39,30.0,32.9,52.5,48.02,28.3,59.9,5.3,624.0
49.99,35.39,25.53,15.36,5.33,9.31,22.0,47.8,19.6,80.79,23.7,85.0,13.0,1972.1
111.26,91.42,70.35,40.24,4.75,15.18,30.0,36.9,43.5,56.26,20.5,39.0,15.8,927.2
57.54,39.82,26.49,17.77,6.28,12.03,26.0,55.3,22.7,78.5,23.3,62.5,2.6,1907.6
170.98,155.8,134.08,65.03,1.97,13.41,36.0,21.6,67.1,31.32,18.7,30.8,40.8,414.1
138.16,119.82,96.49,51.45,3.33,15.45,34.0,30.6,54.1,45.1,32.8,39.9,47.2,602.0
187.28,172.68,149.95,71.26,1.5,13.59,38.0,19.6,73.3,25.18,34.0,69.2,34.2,243.0
227.4,220.91,200.9,88.1,-1.15,10.61,46.0,11.4,89.0,8.23,21.0,69.0,44.7,72.4
243.01,236.04,217.96,93.51,-0.68,9.6,44.0,10.2,95.3,2.82,21.9,53.2,53.6,11.1
56.96,44.4,30.5,19.21,3.42,11.19,30.0,45.5,22.4,76.88,27.4,37.1,7.3,1921.7
114.82,100.6,76.94,43.36,1.76,15.51,38.0,32.9,45.1,53.06,25.2,83.1,36.1,719.1
62.07,44.32,29.97,19.82,5.98,12.48,26.0,51.8,24.3,76.46,30.4,52.3,13.8,1682.6
97.16,78.48,60.15,34.8,4.88,13.79,30.0,38.0,38.0,61.54,19.6,56.1,15.2,1050.9
107.49,87.81,65.56,38.72,4.59,15.95,32.0,38.4,42.0,57.84,26.3,49.7,33.7,924.2
208.28,196.03,171.59,79.56,0.27,13.82,40.0,17.3,81.6,17.13,15.0,51.9,59.0,197.0
135.58,116.29,94.23,50.18,3.96,14.97,32.0,31.0,53.3,46.34,36.2,51.9,13.7,574.7
83.37,65.96,46.79,29.29,4.48,14.52,32.0,43.5,32.5,67.06,31.3,72.3,17.2,1127.3
60.08,43.54,28.44,19.29,5.3,12.77,30.0,53.3,23.5,76.95,28.8,32.7,49.5,1925.7
172.72,154.89,128.94,64.84,2.39,16.02,36.0,25.5,67.8,32.0,30.0,80.9,47.1,345.2
79.62,63.87,46.31,28.22,3.96,13.33,32.0,42.4,31.4,68.01,29.3,60.8,42.7,1192.9
146.28,128.01,105.45,54.66,3.32,14.83,34.0,28.2,57.3,41.84,22.4,20.0,40.6,611.9
244.91,238.74,220.45,94.38,-0.98,9.58,46.0,10.2,96.1,2.27,29.9,49.4,34.9,0.0
61.29,46.8,30.68,20.5,4.02,12.88,32.0,49.0,23.9,75.68,26.8,68.4,7.7,1653.2
143.82,127.77,103.3,54.32,2.13,15.55,36.0,28.6,56.5,42.22,24.2,63.8,56.3,560.5
222.23,215.66,194.83,86.22,-1.25,11.08,46.0,12.2,87.1,10.15,19.7,58.1,13.9,97.3
94.71,75.95,55.94,33.7,4.74,14.89,30.0,41.2,37.3,62.72,33.2,58.2,10.6,957.5
244.64,239.87,221.56,94.67,-1.48,9.41,46.0,9.4,96.1,2.42,35.7,67.9,26.0,0.0
53.87,39.43,27.47,17.19,4.8,10.5,26.0,49.8,21.2,78.94,35.7,54.8,46.4,1879.4
164.63,147.31,123.56,61.97,2.57,14.93,34.0,24.7,64.7,34.6,36.1,41.2,41.6,405.3
63.27,48.97,33.88,21.49,3.99,12.09,32.0,45.9,24.7,74.66,20.5,48.1,21.9,1724.8
229.68,222.96,200.53,88.79,-1.45,11.81,46.0,12.5,90.2,7.98,28.8,36.8,54.9,72.0
236.16,230.46,209.74,91.39,-1.54,10.77,46.0,11.0,92.5,5.34,23.2,54.1,15.0,37.4
101.35,81.76,59.91,36.2,4.74,15.91,32.0,40.8,39.6,60.35,19.5,72.1,13.9,966.5
152.01,134.2,112.59,57.04,3.2,14.12,32.0,25.5,59.6,39.39,27.2,43.6,21.1,498.0
110.12,90.28,67.65,39.74,4.56,16.12,32.0,38.0,43.1,56.85,20.8,36.5,38.5,976.6
135.92,118.95,91.33,50.89,2.16,17.63,38.0,32.9,53.3,45.96,30.8,60.8,13.4,568.7
69.94,53.0,37.3,23.61,5.1,12.81,30.0,47.1,27.5,72.64,27.8,68.1,33.5,1444.9
64.41,47.09,31.34,21.0,5.48,13.17,30.0,51.4,25.1,75.28,30.5,51.2,23.0,1610.5
117.5,97.17,75.86,42.64,4.82,15.23,30.0,35.7,46.3,53.9,33.3,51.9,38.1,756.1
233.31,225.02,203.26,89.66,-0.79,11.66,44.0,12.9,91.4,7.0,24.0,46.8,51.0,57.2
192.48,177.33,154.63,73.02,1.7,13.58,36.0,19.2,75.3,23.46,35.5,58.7,54.3,241.9
222.02,212.2,189.92,85.22,-0.31,12.24,42.0,14.5,87.1,11.29,30.0,50.9,51.1,104.5
119.65,104.08,80.34,44.9,2.3,15.66,36.0,33.3,47.1,51.56,34.0,51.3,36.4,715.3
150.28,135.82,108.61,57.23,1.01,16.62,40.0,27.5,58.8,39.52,26.7,60.5,8.3,489.4
210.05,199.67,176.19,80.74,-0.27,13.05,42.0,16.1,82.4,15.81,31.2,43.8,12.5,150.4
243.82,237.96,223.25,94.17,-0.51,7.81,42.0,8.6,95.7,2.41,31.6,45.0,4.6,2.3
244.19,238.76,221.87,94.37,-1.02,8.81,46.0,9.0,95.7,2.24,32.8,56.8,56.3,0.0
65.65,47.92,32.09,21.43,5.64,13.26,28.0,51.4,25.9,74.87,32.2,71.7,30.7,1448.2
147.57,132.54,104.33,56.0,1.13,17.32,40.0,29.8,58.0,40.86,25.2,39.8,22.0,544.7
246.16,241.84,223.78,95.33,-1.59,9.23,50.0,9.0,96.5,2.21,27.2,79.0,24.1,0.0
95.7,76.64,57.52,34.04,4.99,14.39,30.0,39.6,37.6,62.36,28.0,49.1,17.2,1032.0
155.34,140.08,114.47,58.98,1.53,15.78,38.0,26.3,60.8,37.65,31.3,83.4,51.9,426.3
199.54,185.11,162.77,75.82,1.45,13.19,36.0,18.4,78.4,20.63,19.9,52.1,15.2,224.3
74.45,57.51,39.98,25.58,4.71,13.76,32.0,45.9,29.0,70.71,27.5,52.0,7.9,1392.7
100.26,81.45,59.99,35.99,4.45,15.56,32.0,40.0,39.2,60.5,21.3,66.9,39.2,995.2
71.59,53.57,37.53,23.99,5.56,13.19,28.0,47.1,28.2,72.31,30.6,44.6,43.0,1502.5
72.03,55.96,36.58,24.75,4.09,14.81,32.0,48.6,28.2,71.58,24.1,69.0,24.3,1369.0
57.78,41.15,25.82,18.2,5.42,13.04,28.0,55.3,22.7,78.06,37.9,67.6,57.7,1708.2
193.73,181.65,159.32,74.36,0.58,12.93,40.0,18.0,76.1,21.99,25.8,76.2,49.4,225.7
129.21,112.94,85.89,48.45,2.02,17.38,38.0,33.3,50.6,48.31,19.5,38.8,50.0,764.6
81.12,64.12,44.59,28.44,4.28,14.74,32.0,44.3,31.8,67.91,33.1,54.2,58.1,1258.6
200.21,189.2,167.14,77.03,0.2,12.55,40.0,16.5,78.4,19.3,34.9,69.7,26.7,174.5
143.73,124.55,100.6,53.38,3.53,15.8,34.0,29.8,56.5,43.27,23.4,64.4,20.9,547.7
235.53,227.81,207.5,90.63,-0.77,10.85,42.0,11.8,92.5,5.82,33.7,56.3,49.8,35.4
223.88,213.93,194.63,85.91,0.2,10.75,40.0,12.9,87.8,10.25,33.0,44.7,13.5,89.0
182.25,168.53,145.53,69.64,1.15,13.67,38.0,19.6,71.4,26.78,39.3,71.2,14.3,251.7
69.07,50.49,36.55,22.73,6.21,12.11,24.0,46.3,27.1,73.56,21.1,45.8,50.5,1688.9
87.16,69.38,49.06,30.78,4.41,15.15,32.0,43.5,34.1,65.63,22.3,46.7,42.9,1240.2
168.76,151.1,129.02,63.47,2.93,14.02,34.0,23.5,66.3,33.0,26.9,56.7,26.8,372.5
110.53,92.22,70.22,40.39,3.92,15.44,32.0,36.9,43.5,56.09,31.0,63.3,40.3,801.0
56.06,38.42,30.03,17.23,6.97,8.83,18.0,46.3,22.0,79.04,21.1,51.5,9.3,1986.6
141.2,119.55,99.51,51.74,5.19,14.14,30.0,29.0,55.3,44.8,29.2,56.5,35.6,567.1
87.64,70.44,51.55,31.2,4.3,14.14,30.0,40.8,34.5,65.11,34.9,54.2,2.3,1058.8
230.08,225.05,202.2,89.39,-2.12,11.79,50.0,12.2,90.2,7.64,32.0,54.1,51.4,59.5
67.68,49.55,33.99,22.22,5.82,13.09,28.0,50.2,26.7,74.08,19.9,49.9,41.9,1711.9
216.02,207.09,187.54,83.38,-0.2,10.82,40.0,12.9,84.7,12.77,28.3,27.3,28.3,127.3
207.02,194.87,170.93,79.15,0.31,13.57,40.0,17.3,81.2,17.46,27.6,39.1,57.5,189.0
88.99,69.82,49.84,31.14,5.1,15.16,30.0,43.9,34.9,65.31,29.7,59.6,38.1,1093.8
67.05,52.73,34.95,23.13,3.54,13.64,34.0,47.8,26.3,73.08,35.5,65.6,54.0,1494.3
68.09,49.08,34.79,22.15,6.43,12.48,26.0,48.6,26.7,74.17,32.6,55.5,2.2,1475.3
208.89,199.57,175.48,80.61,-0.76,13.23,44.0,16.1,82.0,16.01,32.6,29.9,59.6,165.9
155.36,136.96,112.48,58.1,3.0,15.69,34.0,27.8,60.8,38.57,18.3,51.8,3.5,507.5
131.02,112.8,90.32,48.68,3.49,15.13,34.0,31.4,51.4,47.81,20.8,50.4,33.9,696.8
57.54,42.45,27.52,18.61,4.63,12.42,28.0,51.8,22.7,77.58,28.4,71.4,29.7,1721.9
131.12,112.36,88.89,48.54,3.59,15.78,32.0,32.2,51.4,48.04,26.2,32.7,21.9,701.2
73.71,56.09,38.6,25.03,5.09,13.92,30.0,47.5,29.0,71.29,31.8,62.4,29.1,1308.5
186.05,175.71,147.62,71.9,-0.95,15.75,44.0,20.4,72.9,25.07,19.4,40.2,25.0,302.2
65.0,46.56,34.0,20.97,6.48,11.37,26.0,47.8,25.5,75.31,30.4,70.5,20.7,1537.2
109.11,88.74,67.85,39.2,5.06,15.25,30.0,37.6,42.7,57.32,35.1,44.8,3.4,847.0
135.47,118.82,95.69,50.9,2.67,15.11,36.0,29.0,52.9,45.56,27.4,32.7,14.2,641.4
74.0,59.4,39.58,26.09,3.21,14.68,34.0,45.9,29.0,70.19,26.9,53.8,34.5,1385.2
237.05,233.08,213.42,92.2,-1.98,10.03,50.0,10.2,92.9,4.65,23.4,49.6,55.5,36.4
61.17,45.88,27.85,20.15,4.21,14.28,32.0,54.1,23.9,76.12,31.2,70.8,8.3,1627.0
97.58,78.51,58.76,34.82,4.86,14.7,30.0,39.6,38.4,61.6,31.2,59.3,45.6,988.4
106.33,85.64,66.45,37.99,5.51,14.41,30.0,37.6,41.6,58.48,30.6,52.9,41.1,895.4
110.37,90.1,67.88,39.72,4.81,15.96,32.0,38.0,43.1,56.87,30.4,68.7,48.4,833.6
244.51,241.91,220.58,95.15,-2.71,10.61,52.0,9.8,96.1,3.69,31.8,62.9,7.5,0.0
226.81,221.13,202.73,88.15,-1.18,9.72,46.0,10.6,89.0,8.06,29.7,52.8,35.4,64.4
73.06,56.61,37.65,25.09,4.32,14.59,32.0,47.8,28.6,71.23,25.1,44.2,18.7,1468.2
57.0,42.06,28.61,18.44,4.76,11.45,28.0,49.0,22.4,77.72,25.5,65.4,34.6,1835.1
243.89,238.72,223.5,94.37,-0.84,7.97,46.0,8.6,95.7,2.35,27.2,49.3,45.5,0.0
59.02,41.33,27.61,18.46,6.15,12.21,26.0,52.5,23.1,77.81,24.0,59.2,46.7,1929.6
144.88,125.84,100.78,53.84,3.3,16.35,34.0,30.2,56.9,42.89,26.5,49.0,18.5,560.2
61.95,44.16,29.58,19.75,5.98,12.64,26.0,51.8,24.3,76.53,33.4,36.0,37.3,1818.2
123.81,102.01,78.98,44.72,5.13,16.3,30.0,36.5,48.6,52.0,35.1,47.5,7.0,698.0
77.28,58.89,40.61,26.34,5.27,14.43,30.0,46.7,30.2,70.03,29.3,63.6,26.0,1296.3
141.87,122.39,96.59,52.52,3.43,16.91,34.0,31.8,55.7,44.29,27.5,75.8,45.3,556.0
191.8,175.85,151.59,72.51,1.77,14.51,36.0,20.8,75.3,24.16,21.2,51.4,51.1,283.8
59.67,42.0,28.78,18.77,6.18,11.84,26.0,51.8,23.5,77.49,21.8,69.2,45.3,1823.9
109.84,90.43,68.86,39.78,4.51,15.43,30.0,37.3,43.1,56.73,28.0,44.1,11.8,864.4
197.16,183.11,159.92,75.04,1.18,13.6,38.0,18.8,77.3,21.47,23.1,62.0,38.4,229.7
233.09,228.23,207.95,90.55,-1.77,10.48,48.0,10.6,91.4,6.09,32.1,60.6,38.2,41.8
190.77,179.22,152.87,73.33,-0.23,14.95,42.0,20.0,74.9,23.45,36.0,66.0,60.0,234.0
59.22,41.71,26.52,18.58,5.86,13.1,28.0,54.1,23.1,77.71,38.6,38.9,36.0,1770.1
214.91,207.02,184.79,83.21,-1.0,12.02,44.0,14.1,84.3,13.23,26.2,52.4,29.4,123.8
69.21,52.96,37.45,23.51,4.78,12.56,30.0,46.3,27.1,72.7,38.8,51.9,10.5,1345.4
152.38,135.59,110.13,57.4,2.22,16.01,38.0,27.5,59.6,39.27,31.3,51.5,7.6,472.3
213.89,203.73,182.59,82.24,0.0,11.8,40.0,14.5,83.9,14.05,18.7,61.4,15.8,138.9
203.07,194.43,170.77,78.7,-0.94,12.99,44.0,15.7,79.6,17.81,24.7,47.3,23.6,189.6
155.43,140.83,116.59,59.24,1.46,14.94,38.0,24.7,60.8,37.25,29.7,73.6,58.9,448.4
206.82,194.34,173.43,79.05,0.91,12.09,38.0,16.5,81.2,17.23,18.4,72.6,4.8,170.9
144.88,128.45,101.73,54.57,1.95,16.81,36.0,29.8,56.9,42.18,22.8,57.1,20.0,544.4
245.6,239.97,221.2,94.76,-1.25,9.74,46.0,10.2,96.5,2.27,23.4,49.8,58.0,0.0
234.53,225.86,208.73,90.09,0.08,9.42,40.0,11.0,92.2,5.94,36.2,46.6,18.3,43.7
244.04,232.56,216.47,92.69,1.22,9.21,36.0,11.4,95.7,3.39,35.6,66.9,9.0,18.5
213.69,203.33,184.36,82.16,0.42,10.75,38.0,14.1,83.9,13.95,29.8,54.2,32.0,133.4
103.38,85.41,61.78,37.51,3.69,16.55,34.0,40.0,40.4,59.06,33.9,61.2,58.4,917.2
72.94,58.53,38.36,25.67,3.1,14.89,36.0,47.8,28.6,70.62,27.0,32.1,18.7,1477.9
125.77,107.45,84.0,46.53,3.48,15.83,32.0,33.3,49.4,50.03,26.1,56.4,7.3,696.4
137.43,119.02,97.1,51.17,3.58,14.7,34.0,29.0,53.7,45.3,31.3,64.1,55.9,586.5
119.9,97.21,75.51,42.9,5.8,15.83,28.0,36.9,47.1,53.8,24.5,58.8,48.2,816.7
157.14,142.58,118.1,59.9,1.4,15.03,38.0,24.7,61.6,36.61,28.0,50.8,23.7,436.3
205.76,195.32,172.06,79.18,-0.21,13.0,40.0,16.5,80.8,17.3,29.7,54.1,47.4,176.4
129.47,112.75,86.24,48.43,2.29,17.15,38.0,33.3,50.6,48.3,26.9,62.4,50.9,675.6
102.54,82.14,59.82,36.44,5.04,16.31,30.0,41.6,40.4,60.18,21.9,59.4,41.9,989.2
245.49,242.14,223.0,95.34,-2.1,9.63,52.0,9.0,96.1,2.76,29.6,39.6,43.1,0.0
192.2,180.62,157.75,73.93,0.3,13.15,40.0,17.6,75.3,22.46,35.9,62.8,4.1,209.3
87.4,68.53,50.28,30.59,5.22,14.12,30.0,42.4,34.1,65.78,32.9,43.3,57.3,1215.9
196.18,179.22,158.31,73.91,2.64,12.88,34.0,19.2,76.9,22.53,27.7,61.4,56.8,239.7
92.44,72.62,53.17,32.42,5.4,14.85,30.0,42.4,36.1,64.04,30.9,69.1,22.4,993.9
224.94,219.64,196.46,87.49,-2.08,12.04,50.0,12.9,88.2,9.4,33.7,63.8,16.4,69.9
164.07,147.84,126.0,62.11,2.42,13.76,34.0,23.1,64.3,34.28,27.4,85.0,10.5,360.1
56.78,42.01,26.93,18.36,4.46,12.48,30.0,52.5,22.4,77.82,26.4,69.1,18.3,1775.8
101.41,82.05,58.82,36.26,4.45,16.66,32.0,41.6,39.6,60.36,34.2,61.5,55.8,945.6
209.41,195.93,174.39,79.69,1.18,12.52,38.0,16.9,82.0,16.7,26.0,78.1,1.2,150.0
113.03,95.26,71.59,41.54,3.4,16.22,34.0,36.5,44.3,55.01,26.8,70.7,27.4,780.9
244.6,242.0,224.0,95.26,-2.17,8.99,52.0,8.6,96.1,2.77,31.7,67.1,22.9,0.0
242.46,239.74,222.15,94.49,-2.07,8.83,54.0,8.2,94.9,2.99,25.6,42.9,42.2,0.0
246.7,240.34,222.85,94.98,-0.8,9.21,42.0,9.8,96.9,1.67,22.2,57.7,38.7,0.0
243.39,240.22,220.23,94.63,-2.3,10.04,52.0,9.4,95.3,3.29,20.0,37.4,32.8,0.0
55.64,39.11,28.35,17.34,6.05,10.14,24.0,49.8,22.0,78.86,24.0,57.3,56.5,1987.6
184.12,168.97,145.2,69.91,1.58,14.26,36.0,21.2,72.2,26.64,31.3,62.1,18.9,272.4
237.71,232.54,211.6,92.08,-1.76,10.8,48.0,11.0,93.3,4.87,24.4,57.3,7.4,28.1
66.59,52.93,34.72,23.13,3.14,13.78,34.0,47.8,26.3,73.07,32.0,45.0,26.5,1531.6
117.28,98.74,76.9,43.08,3.93,15.2,34.0,34.1,45.9,53.39,23.9,45.5,29.5,806.3
245.83,239.91,221.42,94.77,-1.11,9.64,46.0,10.2,96.5,2.12,28.0,59.2,30.4,0.0
124.04,103.97,80.6,45.32,4.3,16.15,32.0,34.5,48.6,51.32,33.9,37.5,52.5,739.5
83.41,65.63,43.91,29.14,4.34,16.13,34.0,47.1,32.5,67.35,38.6,60.6,52.7,1161.9
99.09,81.87,61.08,36.01,3.8,14.89,34.0,38.4,38.8,60.37,21.3,62.4,2.6,984.0
75.97,56.72,39.75,25.52,5.93,13.87,28.0,47.5,29.8,70.86,33.1,50.1,20.0,1295.0
152.56,131.19,108.35,56.19,4.51,15.37,30.0,29.4,60.0,40.52,26.7,49.1,50.8,532.9
174.4,160.82,132.68,66.64,0.36,16.47,40.0,23.5,68.2,30.3,18.3,71.3,45.7,353.7
55.66,41.39,29.09,18.07,4.6,10.61,26.0,48.2,22.0,78.05,23.5,53.6,31.1,1962.2
65.33,47.15,33.0,21.17,6.11,12.31,26.0,49.4,25.5,75.11,31.7,46.9,20.2,1628.9
198.32,184.04,162.97,75.45,1.59,12.54,36.0,17.6,77.6,20.88,42.3,65.0,19.6,186.3
80.59,59.48,43.09,26.97,6.81,13.74,26.0,47.1,31.8,69.48,27.6,59.0,40.5,1270.3
63.12,45.91,29.59,20.44,5.4,13.56,30.0,52.5,24.7,75.86,21.2,50.1,5.1,1796.6
240.22,233.64,215.59,92.64,-0.81,9.55,46.0,10.2,94.1,3.65,27.5,38.8,10.6,24.2
90.73,72.92,52.25,32.29,4.29,15.22,32.0,42.7,35.7,64.13,29.4,52.2,56.2,1130.9
215.18,206.72,185.92,83.18,-0.56,11.39,44.0,13.3,84.3,13.08,17.0,60.3,50.5,130.4
194.87,183.47,158.29,74.9,-0.12,14.27,40.0,18.8,76.5,21.76,34.6,48.6,29.0,214.7
160.78,145.26,122.39,61.05,2.0,14.25,36.0,24.3,63.1,35.37,29.2,84.6,1.7,372.1
66.97,47.4,32.56,21.45,6.71,13.0,24.0,50.6,26.3,74.92,26.2,62.4,25.5,1557.0
77.81,60.01,42.8,26.79,5.09,13.62,30.0,44.7,30.6,69.52,29.3,73.8,49.6,1272.8
238.09,231.18,211.27,91.76,-0.99,10.52,44.0,11.4,93.3,4.74,25.8,67.1,29.6,30.1
170.84,156.21,129.69,65.03,1.04,15.85,38.0,23.9,67.1,31.72,20.0,51.7,12.2,382.9
125.83,106.21,81.73,46.15,3.91,16.65,32.0,34.9,49.4,50.55,27.0,78.9,36.8,657.6
68.04,53.1,36.75,23.4,4.02,12.84,30.0,45.5,26.7,72.79,30.5,25.6,53.9,1693.5
231.97,226.36,208.09,90.0,-1.18,9.6,46.0,10.2,91.0,6.26,33.7,43.9,6.1,46.3
140.48,121.53,99.84,52.22,3.8,14.6,34.0,28.6,54.9,44.26,24.7,56.7,53.5,600.7
156.04,140.28,116.66,59.15,2.03,14.78,36.0,25.1,61.2,37.33,23.0,58.5,59.5,483.0
87.41,67.55,48.65,30.27,5.63,14.72,30.0,43.5,34.1,66.18,30.0,33.7,24.1,1204.4
84.95,65.91,46.64,29.46,5.24,14.87,30.0,44.7,33.3,66.97,23.9,75.7,43.0,1175.5
111.84,90.41,67.29,39.96,5.2,16.66,30.0,40.0,43.9,56.76,18.0,46.7,45.1,969.4
54.35,38.97,24.79,17.05,5.01,12.16,28.0,53.7,21.2,79.14,32.1,43.2,41.0,1969.5
120.5,105.36,80.5,45.35,1.93,16.2,36.0,33.7,47.5,51.18,24.1,67.2,52.8,739.7
167.31,149.03,124.96,62.71,2.89,15.21,34.0,25.1,65.5,33.95,34.2,56.9,47.3,390.7
96.66,76.39,56.07,34.05,5.39,15.31,30.0,42.4,38.0,62.46,38.0,57.7,30.2,930.3
216.4,208.3,187.3,83.71,-0.73,11.42,44.0,13.3,84.7,12.59,28.5,39.8,27.4,116.8
244.49,239.95,221.71,94.68,-1.55,9.35,50.0,9.0,95.7,2.46,32.7,58.4,36.7,0.0
203.01,189.57,168.63,77.4,1.27,12.29,38.0,16.9,79.6,18.9,30.7,55.7,40.7,184.9
185.37,173.5,149.87,71.31,0.32,13.68,42.0,18.8,72.5,25.13,19.3,68.3,47.5,286.4
142.62,124.25,103.11,53.24,3.61,14.15,32.0,27.8,56.1,43.18,27.0,50.5,59.8,587.2
65.92,49.53,32.28,21.95,4.73,13.82,32.0,51.4,25.9,74.33,19.7,56.8,53.9,1770.2
91.9,71.97,54.78,32.2,5.76,13.55,28.0,40.4,36.1,64.18,28.5,51.5,20.1,1054.9
241.36,234.89,215.21,93.03,-1.11,10.33,46.0,11.0,94.5,3.63,33.9,78.5,3.6,21.6
221.76,214.76,191.35,85.88,-1.5,12.41,46.0,14.1,87.1,10.86,20.9,54.9,1.9,101.3
212.77,206.11,183.97,82.79,-1.43,11.84,46.0,13.7,83.5,13.65,32.4,58.8,48.4,123.8
227.53,219.46,200.2,87.73,-0.47,10.45,40.0,12.2,89.4,8.45,23.5,32.5,47.8,77.9
54.92,38.66,26.06,17.06,5.68,11.32,26.0,52.5,21.6,79.14,30.6,51.0,36.2,1969.8
220.2,209.99,188.52,84.48,-0.04,11.9,40.0,14.1,86.3,11.89,26.2,44.3,33.7,114.9
54.15,42.36,27.62,18.15,2.97,11.68,32.0,48.2,21.2,77.94,29.6,59.1,28.6,1885.1
217.19,207.97,187.7,83.7,-0.21,11.21,42.0,13.3,85.1,12.52,28.9,71.4,35.6,109.8
52.81,38.25,24.58,16.61,4.68,11.7,28.0,52.9,20.8,79.55,26.8,53.8,7.2,1989.8
187.78,174.15,149.58,71.68,0.85,14.39,38.0,20.4,73.7,24.91,22.3,58.8,54.2,288.6
198.87,185.79,161.07,75.9,0.57,14.22,40.0,19.2,78.0,20.77,29.4,49.6,31.9,212.9
192.97,182.86,157.58,74.57,-0.62,14.16,42.0,18.0,75.7,22.07,23.7,60.1,4.9,234.5
50.86,35.37,24.25,15.44,5.62,10.34,24.0,52.9,20.0,80.73,41.3,62.2,6.6,1941.1
245.43,241.78,223.31,95.25,-1.89,9.35,52.0,9.0,96.1,2.53,21.5,33.3,30.7,0.0
133.17,115.21,88.14,49.52,2.7,17.58,36.0,33.7,52.2,47.32,28.1,69.2,13.8,593.7
244.94,237.23,224.19,94.1,0.39,7.23,38.0,8.6,96.1,2.6,29.5,63.6,47.1,0.0
230.52,223.45,201.88,89.01,-1.19,11.43,44.0,12.5,90.6,7.59,26.0,47.6,44.7,63.7
245.12,240.14,222.87,94.81,-1.24,8.94,46.0,9.0,96.1,2.11,27.6,70.5,55.5,0.0
120.57,100.07,80.26,43.87,5.05,14.32,30.0,33.7,47.5,52.6,20.4,24.4,20.1,851.0
112.82,90.83,69.95,40.24,5.74,15.44,30.0,38.0,44.3,56.37,29.9,58.7,45.2,820.0
75.26,54.1,38.96,24.64,7.19,13.21,24.0,47.8,29.4,71.8,25.5,46.0,47.0,1494.6
183.32,169.84,145.65,70.08,0.87,14.24,38.0,20.4,71.8,26.45,31.9,43.9,33.0,287.1
81.24,64.1,46.21,28.48,4.57,13.76,30.0,43.1,31.8,67.81,26.3,40.9,32.8,1299.1
247.18,239.54,221.16,94.77,-0.49,9.79,44.0,10.6,96.9,1.77,24.4,46.3,4.3,0.0
243.51,238.26,222.59,94.21,-0.88,8.2,42.0,8.6,95.7,2.4,21.8,50.3,27.5,0.0
244.94,238.25,220.04,94.26,-0.8,9.61,44.0,10.2,96.1,2.26,27.4,52.3,12.1,0.0
244.52,239.82,221.96,94.66,-1.43,9.19,46.0,9.4,96.1,2.36,24.1,42.0,9.5,0.0
71.62,56.31,37.21,24.82,3.75,14.49,32.0,48.6,28.2,71.47,30.2,51.1,18.3,1410.0
175.97,163.08,138.43,67.5,0.6,14.51,40.0,21.6,69.0,29.03,27.9,53.3,53.9,345.2
148.35,128.8,104.56,55.06,3.59,15.92,34.0,29.0,58.0,41.64,33.8,38.9,27.9,515.0
208.68,199.05,176.2,80.47,-0.45,12.65,42.0,15.7,82.0,15.98,35.7,63.2,43.2,145.0
138.68,120.43,93.81,51.61,2.82,17.23,34.0,32.5,54.5,45.21,24.6,44.0,21.3,621.6
223.29,214.63,193.96,86.03,-0.48,11.27,44.0,12.9,87.5,10.27,31.5,46.5,46.4,91.4
206.59,195.85,173.56,79.42,0.05,12.55,40.0,16.1,81.2,16.96,24.9,70.8,45.3,163.2
127.58,108.45,87.06,47.06,4.1,14.78,30.0,32.2,50.2,49.41,32.2,46.0,36.8,672.0
101.76,84.0,62.79,36.95,3.95,15.16,32.0,38.4,40.0,59.47,15.0,73.9,27.1,978.9
162.77,146.41,122.8,61.54,2.22,14.74,34.0,24.7,63.9,34.98,24.5,35.6,22.0,444.6
78.13,60.65,40.68,26.97,4.56,15.23,32.0,47.5,30.6,69.43,32.1,30.0,32.2,1357.7
193.78,178.44,156.49,73.47,1.88,13.2,34.0,19.6,76.1,22.96,20.6,46.8,23.6,259.4
243.69,238.68,222.38,94.32,-1.07,8.48,46.0,9.0,95.7,2.36,31.9,61.5,45.3,0.0
72.2,54.9,38.99,24.5,5.18,12.93,30.0,45.9,28.2,71.76,27.7,50.0,55.5,1497.9
62.96,45.06,31.66,20.2,6.15,11.87,26.0,49.0,24.7,76.06,22.4,57.5,46.7,1763.2
81.08,59.41,41.93,26.99,6.94,14.52,26.0,48.2,31.8,69.53,20.5,67.9,45.7,1344.6
69.83,53.4,36.2,23.69,4.63,13.63,30.0,48.6,27.5,72.58,17.9,70.7,15.5,1495.6
142.83,122.94,100.07,52.84,4.01,15.35,32.0,30.2,56.1,43.77,27.8,53.6,33.0,553.7
61.61,45.15,30.56,20.03,5.27,12.34,28.0,49.8,24.3,76.19,18.4,50.1,41.9,1895.5
128.03,108.48,85.99,47.09,4.12,15.46,32.0,32.9,50.2,49.47,16.3,31.0,47.8,814.2
208.07,197.4,175.5,79.98,0.08,12.32,40.0,15.3,81.6,16.37,26.2,64.3,49.2,162.2
244.32,237.85,222.14,94.16,-0.46,8.37,44.0,9.0,95.7,2.17,37.1,54.7,14.1,0.0
111.01,89.17,70.05,39.57,5.96,14.45,28.0,36.9,43.5,56.95,31.6,24.3,25.7,899.1
175.2,157.84,134.64,65.96,2.59,14.45,34.0,22.7,68.6,30.6,28.1,62.1,45.8,344.5
73.07,55.08,37.91,24.64,5.35,13.83,30.0,47.8,28.6,71.69,34.9,53.4,51.0,1425.1
191.54,174.83,155.23,72.31,2.77,12.23,32.0,19.2,75.3,24.02,15.1,47.4,20.8,285.5
234.29,225.13,207.49,89.86,0.17,9.74,40.0,11.4,91.8,6.19,25.9,45.8,19.4,49.1
246.55,239.19,221.71,94.65,-0.45,9.33,40.0,10.2,96.9,1.68,22.3,45.4,24.3,0.0
246.68,239.34,222.04,94.71,-0.42,9.24,40.0,10.2,96.9,1.6,23.2,67.5,29.9,0.0
66.0,46.92,33.3,21.19,6.64,12.16,26.0,49.8,25.9,75.13,25.4,61.5,16.6,1568.2
108.61,88.72,67.6,39.14,4.82,15.3,30.0,37.6,42.7,57.37,31.6,56.7,41.0,843.1
231.91,226.35,209.32,90.02,-1.0,8.99,44.0,9.8,91.0,6.17,38.8,58.3,32.8,38.8
172.16,155.96,132.5,65.15,2.11,14.46,36.0,22.7,67.5,31.37,25.7,43.5,20.2,366.6
216.16,205.88,185.92,83.05,0.23,11.21,40.0,13.7,84.7,13.14,40.1,69.6,20.7,105.1
198.96,186.72,163.35,76.2,0.46,13.41,40.0,18.0,78.0,20.29,33.8,58.9,12.0,194.7
93.79,74.64,54.07,33.18,4.88,15.33,32.0,42.7,36.9,63.29,28.7,55.6,44.8,1074.1
240.63,232.95,216.33,92.51,-0.19,9.0,40.0,10.2,94.5,3.56,27.7,54.0,30.4,20.5
133.74,116.33,93.02,49.98,2.98,15.38,34.0,30.6,52.5,46.53,27.7,64.8,50.7,622.3
55.8,39.92,26.02,17.56,5.27,12.03,28.0,53.7,22.0,78.64,19.5,75.4,35.8,1975.7
56.04,41.08,26.67,17.97,4.68,12.13,28.0,51.8,22.0,78.2,27.4,66.6,7.7,1815.1
110.12,92.29,70.39,40.37,3.72,15.31,34.0,36.5,43.1,56.08,26.8,53.7,51.7,878.3
245.35,239.81,222.77,94.74,-1.0,8.89,46.0,9.0,96.1,1.96,30.7,62.3,48.8,0.0
247.81,240.07,222.62,94.99,-0.31,9.35,40.0,10.2,97.3,1.34,30.1,70.4,54.4,0.0
82.35,63.35,45.16,28.37,5.44,14.31,30.0,45.1,32.2,68.02,22.9,65.7,43.5,1279.6
80.56,60.61,43.12,27.3,6.07,14.16,28.0,47.1,31.8,69.12,32.5,61.2,23.6,1203.9
121.66,102.27,79.18,44.57,4.07,15.94,32.0,35.3,47.8,52.02,18.3,62.0,34.2,775.7
99.92,80.31,58.75,35.6,4.82,15.79,30.0,41.2,39.2,60.93,29.3,45.6,25.1,986.8
108.99,88.04,68.1,39.0,5.47,14.82,30.0,37.6,42.7,57.51,28.2,52.4,35.3,877.2
246.76,242.19,220.57,95.39,-2.08,10.98,48.0,10.6,96.9,3.31,33.7,68.0,14.1,0.0
241.08,236.84,217.93,93.56,-1.76,9.67,50.0,9.4,94.5,3.39,24.7,37.1,6.6,6.2
245.02,238.38,221.42,94.33,-0.62,9.0,42.0,9.8,96.1,2.01,29.5,42.0,30.1,0.0
211.32,197.03,173.81,80.12,1.21,13.46,38.0,17.6,82.7,16.51,27.6,50.7,47.1,165.0
73.7,52.54,37.0,23.94,7.2,13.53,26.0,50.2,29.0,72.51,26.7,57.3,8.7,1430.0
59.24,44.0,28.45,19.33,4.57,12.78,30.0,52.5,23.1,76.87,36.5,48.7,59.0,1850.5
184.9,168.07,145.68,69.75,2.43,13.79,34.0,21.2,72.5,26.75,18.4,46.6,8.0,308.6
129.01,114.53,89.59,48.95,1.53,15.9,38.0,30.2,50.6,47.56,32.9,55.4,39.1,618.4
67.59,49.61,34.24,22.23,5.76,12.94,28.0,50.2,26.7,74.06,19.6,55.4,60.0,1747.1
64.17,47.0,30.43,20.92,5.3,13.66,30.0,52.9,25.1,75.38,28.2,46.5,38.2,1723.4
236.84,231.2,207.53,91.58,-2.03,12.21,48.0,12.2,92.9,6.02,31.5,60.6,55.3,37.0
102.45,82.23,61.52,36.49,5.17,15.33,30.0,39.2,40.0,60.03,37.0,69.0,31.8,840.6
218.79,209.09,187.09,84.1,-0.31,12.12,42.0,14.5,85.9,12.33,19.9,34.1,21.8,125.4
74.07,55.76,39.07,24.98,5.54,13.56,30.0,47.5,29.0,71.34,26.3,56.1,16.5,1402.0
80.77,60.89,46.0,27.47,6.37,12.54,26.0,43.1,31.8,68.87,31.9,53.0,53.6,1250.4
233.05,230.67,206.74,91.14,-3.22,11.95,56.0,11.0,91.4,6.79,24.5,42.1,50.7,45.2
63.56,45.89,32.53,20.55,6.01,11.76,26.0,48.6,25.1,75.7,27.5,32.3,28.0,1782.8
211.48,201.92,180.61,81.53,-0.24,11.83,42.0,14.1,82.7,14.76,25.6,35.7,19.3,146.2
81.35,64.53,46.93,28.63,4.45,13.51,32.0,42.0,31.8,67.64,36.6,63.5,24.2,1090.6
54.61,39.83,26.58,17.39,4.79,11.39,28.0,51.0,21.6,78.76,28.9,48.5,38.1,1994.8
244.07,237.9,221.82,94.14,-0.63,8.51,44.0,9.0,95.7,2.23,30.8,75.6,20.6,0.0
62.07,45.1,30.38,20.07,5.51,12.53,28.0,51.8,24.3,76.18,26.8,72.5,34.6,1636.7
53.18,40.66,24.83,17.43,3.25,12.59,34.0,52.9,20.8,78.7,30.0,67.9,44.6,1909.8
61.63,45.93,32.35,20.31,5.0,11.52,28.0,48.2,24.3,75.87,37.8,71.1,6.1,1436.7
243.52,241.02,222.56,94.9,-2.29,9.21,52.0,8.6,95.7,3.01,24.3,51.2,2.7,0.0
121.54,103.77,77.64,44.95,2.92,17.36,36.0,36.1,47.8,51.79,26.6,63.5,53.2,751.2
137.97,115.33,95.54,50.19,5.71,14.26,28.0,30.6,54.1,46.4,30.5,50.2,35.9,597.8
187.0,173.5,151.16,71.48,1.14,13.23,36.0,19.2,73.3,24.89,31.3,46.3,12.0,262.4
101.5,81.76,62.46,36.27,5.15,14.44,30.0,38.4,39.6,60.16,29.5,42.3,46.8,988.5
210.06,200.19,179.68,80.95,0.0,11.49,40.0,14.1,82.4,15.26,30.5,61.7,51.2,141.7
60.38,42.45,29.33,19.02,6.31,11.81,26.0,51.8,23.5,77.25,29.4,35.5,18.7,1844.3
208.9,200.76,178.88,80.99,-0.84,11.95,44.0,14.5,82.0,15.36,29.3,52.0,17.7,150.1
244.53,243.44,221.58,95.56,-3.32,10.67,54.0,9.4,96.1,4.19,32.6,68.2,29.1,0.0
235.17,228.0,207.75,90.65,-0.95,10.75,44.0,11.4,92.2,5.81,32.1,59.5,17.3,39.0
57.43,41.45,28.51,18.3,5.38,11.35,26.0,49.0,22.4,77.89,15.0,70.4,36.2,1994.3
76.1,54.96,40.02,25.02,7.17,13.03,24.0,47.5,29.8,71.41,34.1,44.0,29.6,1333.5
115.36,100.06,76.32,43.24,2.23,15.74,36.0,33.7,45.1,53.22,33.1,65.7,48.5,736.9
244.18,239.74,222.42,94.62,-1.43,8.9,50.0,9.0,95.7,2.37,35.3,40.9,51.3,0.0
144.86,126.98,100.23,54.14,2.57,17.08,36.0,31.0,56.9,42.68,32.3,67.9,9.8,499.8
209.67,198.55,175.94,80.42,0.14,12.72,40.0,16.1,82.4,16.02,35.8,25.2,14.6,160.1
74.08,54.3,39.68,24.57,6.58,12.61,24.0,45.9,29.0,71.78,30.5,54.0,12.2,1326.2
137.99,122.15,98.49,52.12,2.21,15.21,36.0,29.0,54.1,44.35,25.3,50.5,49.1,612.2
54.97,40.27,27.41,17.59,4.78,11.1,28.0,51.0,21.6,78.55,29.7,60.8,28.0,1849.8
245.83,241.02,221.63,95.05,-1.64,9.93,48.0,9.8,96.5,2.52,32.9,34.5,1.7,0.0
72.94,54.47,37.32,24.43,5.6,13.94,28.0,49.4,28.6,71.92,24.0,62.2,53.2,1520.1
167.23,152.18,128.62,63.61,1.67,14.42,36.0,22.7,65.5,32.86,38.0,57.9,57.0,362.8
58.94,43.06,27.31,18.98,4.9,13.08,30.0,54.1,23.1,77.25,20.2,49.6,31.7,1926.7
64.65,48.32,35.07,21.48,5.27,11.33,26.0,46.3,25.5,74.71,23.0,54.3,3.1,1638.2
64.41,47.82,33.14,21.26,5.23,12.31,30.0,48.6,25.1,74.96,31.0,53.0,20.8,1580.2
62.12,44.25,29.1,19.79,5.95,13.02,28.0,53.3,24.3,76.51,30.1,50.6,19.9,1642.3
244.99,240.9,221.42,94.95,-1.9,9.89,50.0,9.8,96.1,2.77,26.1,66.3,26.4,0.0
125.99,107.49,82.05,46.53,3.28,16.97,34.0,34.9,49.4,50.18,23.9,56.1,27.3,707.5
209.93,197.19,178.04,80.14,1.27,11.21,36.0,15.3,82.4,16.03,26.1,48.8,50.0,157.0
206.84,197.51,173.15,79.86,-0.8,13.39,44.0,16.5,81.2,16.78,22.1,61.0,10.7,163.3
232.15,228.15,209.74,90.5,-1.77,9.46,50.0,9.4,91.0,5.97,32.3,67.6,47.1,41.4
54.45,39.74,26.71,17.34,4.79,11.24,28.0,49.8,21.2,78.81,37.9,52.7,21.0,1812.0
128.41,107.66,87.2,46.93,4.94,14.52,30.0,32.2,50.2,49.58,28.5,67.3,12.9,625.6
236.82,229.88,210.29,91.31,-0.92,10.38,44.0,11.4,92.9,5.09,22.0,60.0,25.1,36.7
60.4,43.2,27.46,19.21,5.58,13.32,30.0,54.9,23.5,77.08,37.3,63.9,3.7,1606.3
75.68,57.24,38.72,25.62,5.32,14.66,30.0,48.6,29.8,70.77,32.9,70.1,51.6,1346.1
59.92,42.03,29.25,18.83,6.35,11.61,26.0,51.8,23.5,77.44,26.9,33.0,45.5,1942.4
246.28,241.86,221.61,95.29,-1.91,10.3,50.0,9.8,96.5,2.83,31.5,42.7,9.5,0.0
246.89,237.06,222.5,94.17,0.88,8.23,36.0,10.2,96.9,2.02,29.0,57.6,57.2,0.0
80.87,65.55,45.41,28.85,3.36,14.76,34.0,44.3,31.8,67.46,30.7,52.2,50.6,1263.5
217.28,208.49,186.47,83.81,-0.64,12.02,42.0,14.1,85.1,12.61,23.6,30.4,47.6,132.9
131.88,111.98,86.39,48.46,3.78,17.15,34.0,34.9,51.8,48.34,33.9,66.9,44.8,620.0
228.85,221.06,202.36,88.28,-0.48,10.12,42.0,11.8,89.8,7.86,19.4,57.5,37.6,70.5
102.18,80.13,60.86,35.85,6.24,14.87,28.0,40.4,40.0,60.71,38.1,49.3,58.4,960.5
66.72,50.42,36.26,22.41,5.07,11.82,28.0,46.3,26.3,73.79,23.4,55.3,12.0,1597.9
200.36,188.03,166.64,76.73,0.8,12.39,38.0,16.5,78.4,19.57,25.9,31.0,38.9,218.7
122.69,103.63,79.23,45.06,3.72,16.59,34.0,35.7,48.2,51.6,28.7,53.7,4.0,716.3
