chemical_state_id,image_id,split,dose_ppm_min,cal_r,cal_g,cal_b,L_star,a_star,b_star,hue,sat,val,delta_e,uniformity_score,noise_std,temperature_c,humidity_pct,strip_age_days
CHEM-TR-0001,img_train_0001_var02,train,1796.82,55.8,43.0,28.4,18.57,3.47,11.76,32.0,49.0,21.6,77.54,0.982,0.63,25.6,40.3,17.9
CHEM-TR-0001,img_train_0001_var05,train,1796.82,59.0,41.1,26.3,18.36,6.11,12.95,28.0,55.3,22.7,77.94,0.959,1.43,27.7,40.8,7.6
CHEM-TR-0001,img_train_0001_var07,train,1796.82,57.4,40.3,24.7,17.86,5.64,13.32,30.0,58.0,22.4,78.43,0.1,38.43,24.8,54.4,9.6
CHEM-TR-0001,img_train_0001_var09,train,1796.82,54.3,37.4,24.9,16.56,6.03,11.46,26.0,55.7,21.2,79.67,0.918,2.88,34.6,73.0,7.3
CHEM-TR-0001,img_train_0001_var10,train,1796.82,53.9,37.5,24.2,16.52,5.72,11.86,26.0,54.9,20.8,79.7,0.1,44.85,27.5,64.1,23.0
CHEM-TR-0002,img_train_0002_var01,train,446.85,155.4,139.4,117.1,58.86,2.29,14.13,34.0,24.7,60.8,37.54,0.285,25.01,28.1,77.1,19.3
CHEM-TR-0002,img_train_0002_var02,train,446.85,159.7,142.1,117.6,59.98,2.63,15.48,36.0,26.3,62.4,36.66,0.201,27.95,23.7,32.6,34.6
CHEM-TR-0002,img_train_0002_var03,train,446.85,161.0,145.3,155.5,61.9,7.7,-3.25,320.0,9.4,62.7,36.94,0.985,0.52,19.2,77.1,23.6
CHEM-TR-0002,img_train_0002_var04,train,446.85,171.8,150.4,126.1,63.5,4.12,15.72,32.0,26.3,67.1,33.38,0.988,0.43,31.5,71.5,25.3
CHEM-TR-0002,img_train_0002_var05,train,446.85,158.6,140.6,116.2,59.45,2.84,15.48,34.0,26.7,62.0,37.19,0.949,1.8,20.0,40.3,37.3
CHEM-TR-0002,img_train_0002_var06,train,446.85,158.7,141.4,117.5,59.71,2.6,15.12,36.0,25.9,62.0,36.86,0.985,0.53,26.8,54.9,6.2
CHEM-TR-0002,img_train_0002_var07,train,446.85,153.2,138.2,116.0,58.3,1.97,13.95,36.0,24.7,60.0,38.05,0.971,1.01,22.5,71.9,8.6
CHEM-TR-0002,img_train_0002_var08,train,446.85,188.0,182.7,213.6,75.63,7.86,-14.83,250.0,14.5,83.5,32.2,0.748,8.83,31.7,42.2,9.5
CHEM-TR-0002,img_train_0002_var09,train,446.85,155.9,139.0,117.5,58.82,2.82,13.82,34.0,24.7,60.8,37.56,0.4,21.01,31.5,64.4,20.5
CHEM-TR-0002,img_train_0002_var10,train,446.85,150.3,134.5,111.0,56.93,2.1,14.86,36.0,26.7,58.8,39.54,0.982,0.64,20.5,69.7,28.9
CHEM-TR-0003,img_train_0003_var01,train,0.0,245.1,239.9,222.7,94.74,-1.12,8.93,44.0,9.4,96.1,2.05,0.506,17.29,19.0,48.3,27.5
CHEM-TR-0003,img_train_0003_var02,train,0.0,238.5,240.7,222.5,94.43,-3.84,8.52,66.0,7.5,94.1,4.64,0.987,0.47,19.7,43.4,21.5
CHEM-TR-0003,img_train_0003_var05,train,0.0,244.9,240.0,223.0,94.76,-1.24,8.82,50.0,9.0,95.7,2.14,0.959,1.43,26.9,47.2,22.0
CHEM-TR-0003,img_train_0003_var06,train,0.0,245.0,240.0,221.5,94.72,-1.41,9.51,46.0,9.4,95.7,2.36,0.47,18.54,32.9,73.2,20.9
CHEM-TR-0003,img_train_0003_var07,train,0.0,246.2,240.3,222.7,94.93,-0.98,9.22,46.0,9.8,96.5,1.84,0.965,1.21,26.1,41.0,34.6
CHEM-TR-0003,img_train_0003_var09,train,0.0,244.8,240.2,222.5,94.79,-1.47,9.11,50.0,9.0,95.7,2.31,0.572,14.97,31.8,79.0,7.8
CHEM-TR-0003,img_train_0003_var10,train,0.0,224.9,223.3,209.5,88.72,-1.86,6.97,56.0,6.7,87.8,7.92,0.975,0.87,33.8,40.4,7.4
CHEM-TR-0004,img_train_0004_var02,train,1804.36,54.4,38.3,26.2,16.88,5.67,10.94,26.0,51.8,21.2,79.31,0.1,51.56,26.7,31.0,35.8
CHEM-TR-0004,img_train_0004_var05,train,1804.36,54.1,37.8,23.7,16.62,5.54,12.32,28.0,57.3,21.2,79.61,0.1,36.11,25.7,41.3,25.2
CHEM-TR-0004,img_train_0004_var06,train,1804.36,54.5,38.5,25.7,16.94,5.5,11.38,26.0,53.7,21.2,79.25,0.1,52.45,21.6,73.7,34.7
CHEM-TR-0004,img_train_0004_var07,train,1804.36,53.3,37.0,22.7,16.24,5.56,12.53,28.0,58.4,20.8,80.0,0.1,45.73,29.2,55.6,19.4
CHEM-TR-0004,img_train_0004_var08,train,1804.36,62.0,48.0,36.0,21.08,4.31,10.11,28.0,42.0,24.3,75.03,0.1,54.59,19.5,39.8,9.0
CHEM-TR-0004,img_train_0004_var09,train,1804.36,54.5,38.7,24.1,16.97,5.2,12.55,28.0,55.7,21.2,79.25,0.1,49.25,24.7,66.5,33.7
CHEM-TR-0004,img_train_0004_var10,train,1804.36,46.1,29.7,16.6,12.84,6.08,11.79,26.0,65.1,18.0,83.39,0.1,48.58,31.2,55.0,33.6
CHEM-TR-0005,img_train_0005_var01,train,811.46,110.1,92.2,71.7,40.37,3.95,14.49,32.0,35.3,43.1,56.01,0.1,37.49,21.5,35.9,19.2
CHEM-TR-0005,img_train_0005_var02,train,811.46,108.9,92.0,71.9,40.2,3.57,14.15,34.0,34.1,42.4,56.12,0.1,34.81,30.8,73.1,19.7
CHEM-TR-0005,img_train_0005_var03,train,811.46,101.6,84.3,18.6,36.43,-0.27,38.34,48.0,82.4,39.6,66.41,0.1,44.53,22.7,67.5,11.9
CHEM-TR-0005,img_train_0005_var04,train,811.46,114.5,93.0,72.2,41.07,5.46,15.26,30.0,36.9,44.7,55.51,0.1,47.82,24.6,54.2,33.8
CHEM-TR-0005,img_train_0005_var05,train,811.46,114.3,94.4,73.2,41.47,4.69,15.21,30.0,36.1,44.7,55.04,0.959,1.44,34.7,69.2,25.2
CHEM-TR-0005,img_train_0005_var06,train,811.46,115.0,96.0,73.5,41.99,4.09,15.72,32.0,36.1,44.7,54.54,0.984,0.54,32.1,57.5,31.4
CHEM-TR-0005,img_train_0005_var07,train,811.46,113.6,95.0,72.8,41.55,3.97,15.51,32.0,36.5,44.3,54.95,0.228,27.02,29.2,34.0,29.7
CHEM-TR-0005,img_train_0005_var08,train,811.46,117.0,105.0,91.0,45.14,2.26,9.6,32.0,22.4,45.9,50.89,0.1,36.72,30.9,76.6,18.8
CHEM-TR-0005,img_train_0005_var09,train,811.46,109.0,92.7,71.2,40.39,3.09,14.79,34.0,34.1,42.4,55.97,0.1,33.27,21.8,71.2,8.6
CHEM-TR-0005,img_train_0005_var10,train,811.46,114.7,95.1,73.3,41.71,4.44,15.48,32.0,36.1,44.7,54.82,0.1,37.5,24.3,65.8,22.5
CHEM-TR-0006,img_train_0006_var01,train,978.87,96.0,78.3,58.8,34.57,4.3,14.34,32.0,39.6,37.6,61.78,0.1,43.62,33.6,79.4,20.6
CHEM-TR-0006,img_train_0006_var02,train,978.87,100.0,81.5,59.7,35.96,4.3,15.69,32.0,41.2,39.2,60.53,0.979,0.74,24.2,44.0,32.0
CHEM-TR-0006,img_train_0006_var03,train,978.87,101.2,92.6,129.2,41.42,11.71,-19.22,254.0,28.6,50.6,62.46,0.984,0.56,26.1,71.4,30.8
CHEM-TR-0006,img_train_0006_var04,train,978.87,100.3,79.6,58.8,35.44,5.42,15.57,30.0,42.0,39.2,61.11,0.986,0.47,30.3,39.3,38.6
CHEM-TR-0006,img_train_0006_var05,train,978.87,99.6,79.9,59.7,35.48,5.05,15.05,30.0,40.4,38.8,60.99,0.959,1.44,24.5,46.1,9.7
CHEM-TR-0006,img_train_0006_var06,train,978.87,95.0,77.8,58.0,34.3,4.01,14.44,32.0,39.2,36.9,62.04,0.1,44.2,28.4,31.0,17.6
CHEM-TR-0006,img_train_0006_var07,train,978.87,100.2,81.5,58.4,35.95,4.19,16.47,32.0,42.0,39.2,60.63,0.154,29.62,24.9,41.2,4.7
CHEM-TR-0006,img_train_0006_var08,train,978.87,101.0,89.0,75.0,38.59,2.4,9.9,32.0,25.9,39.6,57.45,0.1,40.76,19.8,71.7,12.1
CHEM-TR-0006,img_train_0006_var09,train,978.87,95.5,77.9,57.9,34.4,4.18,14.62,32.0,40.0,37.3,61.97,0.1,39.16,34.2,50.3,33.8
CHEM-TR-0006,img_train_0006_var10,train,978.87,91.1,72.7,52.1,32.27,4.59,15.27,30.0,42.7,35.7,64.17,0.1,41.86,22.0,41.2,21.5
CHEM-TR-0007,img_train_0007_var01,train,373.46,170.3,154.4,129.3,64.49,1.75,15.29,36.0,24.3,66.7,32.16,0.983,0.58,32.4,65.0,24.6
CHEM-TR-0007,img_train_0007_var02,train,373.46,173.5,153.1,130.1,64.47,3.82,14.89,32.0,24.7,67.8,32.25,0.982,0.64,30.8,45.5,21.8
CHEM-TR-0007,img_train_0007_var03,train,373.46,183.9,183.0,242.3,76.36,12.8,-29.29,240.0,24.3,94.9,44.76,0.929,2.49,34.8,31.7,36.4
CHEM-TR-0007,img_train_0007_var04,train,373.46,179.3,158.3,137.3,66.5,4.35,13.77,30.0,23.5,70.2,30.13,0.984,0.57,22.2,55.3,22.9
CHEM-TR-0007,img_train_0007_var05,train,373.46,164.0,150.1,127.2,62.74,1.33,13.96,38.0,22.7,64.3,33.64,0.957,1.5,26.4,33.2,25.8
CHEM-TR-0007,img_train_0007_var06,train,373.46,169.8,153.9,130.1,64.34,1.94,14.62,36.0,23.1,66.3,32.19,0.324,23.64,25.1,58.3,19.6
CHEM-TR-0007,img_train_0007_var07,train,373.46,165.1,150.4,128.6,62.95,1.79,13.46,36.0,22.4,64.7,33.37,0.962,1.35,24.1,41.1,38.1
CHEM-TR-0007,img_train_0007_var08,train,373.46,173.0,162.0,156.0,67.37,2.92,4.55,22.0,9.8,67.8,29.07,0.932,2.39,19.4,49.2,10.3
CHEM-TR-0007,img_train_0007_var09,train,373.46,166.0,151.5,129.3,63.35,1.65,13.67,36.0,22.4,65.1,33.0,0.446,19.39,22.2,36.0,30.0
CHEM-TR-0007,img_train_0007_var10,train,373.46,170.6,155.5,131.7,64.86,1.62,14.5,36.0,23.1,66.7,31.64,0.982,0.62,24.8,56.5,29.5
CHEM-TR-0008,img_train_0008_var01,train,260.45,186.3,174.3,151.9,71.63,0.6,13.02,40.0,18.8,72.9,24.7,0.519,16.82,31.8,76.1,4.9
CHEM-TR-0008,img_train_0008_var02,train,260.45,185.7,173.1,151.3,71.26,0.9,12.82,38.0,18.4,72.5,25.04,0.973,0.94,28.0,45.9,19.9
CHEM-TR-0008,img_train_0008_var03,train,260.45,189.1,177.6,176.4,73.33,3.85,2.08,4.0,7.1,74.1,23.94,0.981,0.65,26.5,38.2,21.8
CHEM-TR-0008,img_train_0008_var04,train,260.45,206.1,191.2,165.7,78.0,1.15,14.73,38.0,20.0,80.8,18.9,0.995,0.19,33.4,64.3,23.0
CHEM-TR-0008,img_train_0008_var05,train,260.45,187.9,174.6,151.6,71.84,0.99,13.54,38.0,19.2,73.3,24.59,0.952,1.67,20.0,61.1,5.2
CHEM-TR-0008,img_train_0008_var06,train,260.45,185.9,173.5,151.3,71.39,0.73,13.04,38.0,18.4,72.5,24.94,0.519,16.82,25.5,40.7,35.8
CHEM-TR-0008,img_train_0008_var07,train,260.45,189.0,175.8,152.0,72.28,0.79,13.93,38.0,19.6,74.1,24.23,0.943,1.98,30.6,44.7,38.2
CHEM-TR-0008,img_train_0008_var08,train,260.45,193.0,186.0,184.0,76.02,2.1,1.89,14.0,4.7,75.7,21.27,0.982,0.63,31.8,70.2,18.7
CHEM-TR-0008,img_train_0008_var09,train,260.45,189.2,175.0,151.6,72.07,1.21,13.84,38.0,20.0,74.1,24.42,0.951,1.71,32.3,31.0,8.5
CHEM-TR-0008,img_train_0008_var10,train,260.45,185.9,173.9,152.6,71.52,0.74,12.49,38.0,17.6,72.5,24.73,0.976,0.86,27.2,67.4,6.4
CHEM-TR-0009,img_train_0009_var01,train,1453.9,65.8,50.1,34.5,22.18,4.58,12.63,30.0,47.8,25.5,74.02,0.1,54.16,30.0,31.6,16.9
CHEM-TR-0009,img_train_0009_var02,train,1453.9,66.3,50.1,33.8,22.19,4.75,13.16,30.0,49.8,25.9,74.05,0.1,50.02,28.0,77.8,17.3
CHEM-TR-0009,img_train_0009_var05,train,1453.9,70.1,53.6,35.3,23.78,4.53,14.35,30.0,49.8,27.5,72.53,0.958,1.48,19.6,57.9,27.2
CHEM-TR-0009,img_train_0009_var07,train,1453.9,65.7,49.4,32.6,21.89,4.76,13.54,30.0,50.6,25.5,74.37,0.1,32.63,33.3,32.7,16.6
CHEM-TR-0009,img_train_0009_var08,train,1453.9,103.1,75.2,86.5,35.26,13.77,-2.01,336.0,27.1,40.4,63.14,0.1,50.25,24.9,56.2,6.7
CHEM-TR-0009,img_train_0009_var09,train,1453.9,69.8,53.1,35.6,23.58,4.74,13.85,32.0,49.4,27.1,72.71,0.943,2.01,32.5,71.3,24.0
CHEM-TR-0009,img_train_0009_var10,train,1453.9,70.4,53.2,35.4,23.68,4.92,14.16,30.0,49.8,27.5,72.64,0.1,50.11,27.5,37.8,34.6
CHEM-TR-0010,img_train_0010_var01,train,312.05,176.4,162.9,141.3,67.55,1.28,13.0,36.0,20.0,69.0,28.74,0.471,18.51,20.9,50.4,13.8
CHEM-TR-0010,img_train_0010_var02,train,312.05,175.8,162.0,140.2,67.25,1.4,13.16,38.0,20.0,68.6,29.06,0.98,0.69,24.3,38.3,16.2
CHEM-TR-0010,img_train_0010_var03,train,312.05,187.0,178.9,202.5,74.23,7.34,-10.86,260.0,11.8,79.2,30.25,0.98,0.71,27.2,77.5,10.9
CHEM-TR-0010,img_train_0010_var04,train,312.05,189.7,169.8,148.7,70.69,3.82,13.51,30.0,21.6,74.1,25.92,0.985,0.52,22.8,49.6,34.7
CHEM-TR-0010,img_train_0010_var05,train,312.05,176.0,161.4,140.9,67.12,1.89,12.64,34.0,20.4,69.0,29.14,0.963,1.31,24.8,70.5,24.5
CHEM-TR-0010,img_train_0010_var06,train,312.05,179.9,165.2,142.0,68.47,1.51,13.95,38.0,21.2,70.2,27.99,0.48,18.21,21.1,58.4,19.4
CHEM-TR-0010,img_train_0010_var07,train,312.05,180.6,165.2,142.5,68.56,1.86,13.81,36.0,21.2,70.6,27.89,0.968,1.12,23.2,37.0,6.6
CHEM-TR-0010,img_train_0010_var08,train,312.05,191.0,184.0,177.0,75.16,1.23,4.43,30.0,7.5,74.9,21.35,0.929,2.49,26.9,39.4,34.8
CHEM-TR-0010,img_train_0010_var09,train,312.05,179.4,164.8,141.9,68.32,1.54,13.8,36.0,21.2,70.2,28.11,0.508,17.22,28.0,33.3,20.9
CHEM-TR-0010,img_train_0010_var10,train,312.05,166.7,154.3,134.3,64.26,1.17,12.12,38.0,19.2,65.1,31.9,0.976,0.86,29.4,31.5,34.6
CHEM-TR-0011,img_train_0011_var01,train,1385.09,71.2,53.4,37.5,23.9,5.47,13.11,28.0,47.8,27.8,72.39,0.1,50.89,31.9,57.5,31.8
CHEM-TR-0011,img_train_0011_var02,train,1385.09,73.0,57.6,39.2,25.4,3.84,13.99,32.0,45.9,28.2,70.85,0.1,50.19,23.1,42.5,20.0
CHEM-TR-0011,img_train_0011_var03,train,1385.09,75.1,56.8,6.7,25.03,2.67,31.52,44.0,92.2,29.4,74.49,0.982,0.63,32.4,48.4,33.3
CHEM-TR-0011,img_train_0011_var05,train,1385.09,70.1,53.7,36.1,23.8,4.57,13.86,30.0,48.6,27.5,72.48,0.1,33.87,19.8,65.9,11.5
CHEM-TR-0011,img_train_0011_var06,train,1385.09,69.8,53.9,36.0,23.85,4.27,13.95,30.0,47.8,27.1,72.42,0.1,49.66,30.1,59.5,7.7
CHEM-TR-0011,img_train_0011_var07,train,1385.09,70.0,52.9,34.8,23.55,4.85,14.36,30.0,51.4,27.5,72.78,0.1,33.48,31.3,44.2,29.6
CHEM-TR-0011,img_train_0011_var09,train,1385.09,75.0,56.5,39.3,25.33,5.49,13.91,30.0,47.5,29.0,71.02,0.94,2.11,33.7,67.7,17.8
CHEM-TR-0011,img_train_0011_var10,train,1385.09,68.7,52.7,33.6,23.31,4.19,14.82,32.0,51.4,26.7,73.02,0.1,44.16,25.4,71.6,35.2
CHEM-TR-0012,img_train_0012_var01,train,0.0,244.7,239.2,222.5,94.53,-0.94,8.71,46.0,9.0,95.7,2.08,0.516,16.92,21.0,47.5,29.8
CHEM-TR-0012,img_train_0012_var02,train,0.0,242.9,239.2,222.8,94.4,-1.56,8.37,52.0,8.2,94.9,2.68,0.984,0.56,30.9,70.5,20.1
CHEM-TR-0012,img_train_0012_var05,train,0.0,243.3,238.9,222.4,94.34,-1.29,8.48,46.0,8.6,95.3,2.5,0.959,1.43,34.1,63.8,29.1
CHEM-TR-0012,img_train_0012_var06,train,0.0,244.7,240.0,222.3,94.73,-1.43,9.12,50.0,9.0,95.7,2.31,0.577,14.81,34.6,75.6,23.1
CHEM-TR-0012,img_train_0012_var07,train,0.0,246.1,240.7,223.7,95.03,-1.04,8.86,44.0,9.4,96.5,1.83,0.968,1.13,24.4,60.4,28.3
CHEM-TR-0012,img_train_0012_var09,train,0.0,244.7,240.1,222.6,94.75,-1.4,9.01,50.0,9.0,95.7,2.27,0.577,14.8,20.2,37.3,38.2
CHEM-TR-0012,img_train_0012_var10,train,0.0,245.7,242.5,226.9,95.53,-1.57,7.89,50.0,7.8,96.1,2.4,0.977,0.81,32.3,43.4,11.2
CHEM-TR-0013,img_train_0013_var01,train,789.6,117.0,97.8,75.6,42.76,4.21,15.51,32.0,36.1,45.9,53.76,0.1,41.7,32.8,51.5,37.1
CHEM-TR-0013,img_train_0013_var02,train,789.6,116.3,97.4,75.5,42.57,4.13,15.32,32.0,35.3,45.5,53.92,0.1,37.04,26.3,45.2,36.7
CHEM-TR-0013,img_train_0013_var03,train,789.6,111.9,93.9,72.6,41.05,3.9,14.94,32.0,35.3,43.5,55.37,0.1,45.56,23.2,44.4,34.0
CHEM-TR-0013,img_train_0013_var04,train,789.6,121.6,99.7,77.1,43.82,5.27,16.18,30.0,36.5,47.5,52.89,0.1,46.5,19.3,58.6,28.5
CHEM-TR-0013,img_train_0013_var05,train,789.6,115.1,96.8,74.5,42.26,3.81,15.47,32.0,35.7,45.1,54.23,0.959,1.43,33.3,52.8,31.6
CHEM-TR-0013,img_train_0013_var06,train,789.6,111.4,94.5,73.4,41.18,3.39,14.63,34.0,34.1,43.5,55.18,0.1,40.16,34.3,52.5,12.7
CHEM-TR-0013,img_train_0013_var07,train,789.6,111.2,94.0,72.4,41.0,3.5,14.94,32.0,35.3,43.5,55.4,0.1,32.5,27.0,54.5,27.8
CHEM-TR-0013,img_train_0013_var08,train,789.6,124.0,109.0,97.0,47.09,3.8,8.86,26.0,22.0,48.6,49.02,0.1,45.59,30.4,34.7,34.5
CHEM-TR-0013,img_train_0013_var09,train,789.6,111.6,94.2,73.9,41.14,3.7,14.26,34.0,34.1,43.5,55.2,0.1,32.63,26.6,57.6,13.0
CHEM-TR-0013,img_train_0013_var10,train,789.6,104.0,86.1,65.2,37.85,4.01,14.95,32.0,37.6,40.8,58.56,0.1,40.15,34.6,55.3,13.1
CHEM-TR-0014,img_train_0014_var01,train,140.02,210.6,200.8,181.2,81.19,0.11,11.01,40.0,13.7,82.4,14.95,0.595,14.17,30.7,68.2,27.7
CHEM-TR-0014,img_train_0014_var02,train,140.02,217.9,202.1,182.0,82.15,2.19,12.06,34.0,16.5,85.1,14.28,0.978,0.76,19.2,49.9,5.7
CHEM-TR-0014,img_train_0014_var03,train,140.02,211.6,201.6,190.7,81.71,1.56,6.69,32.0,9.8,82.7,14.51,0.981,0.65,20.3,36.2,26.6
CHEM-TR-0014,img_train_0014_var04,train,140.02,224.2,220.8,200.1,87.8,-2.34,10.56,50.0,10.6,87.8,8.82,0.995,0.17,24.3,67.7,34.7
CHEM-TR-0014,img_train_0014_var05,train,140.02,213.7,201.1,181.3,81.52,1.13,11.49,38.0,14.9,83.5,14.71,0.958,1.48,29.2,68.9,7.9
CHEM-TR-0014,img_train_0014_var06,train,140.02,210.5,200.6,181.3,81.14,0.2,10.91,40.0,13.7,82.4,14.99,0.615,13.46,26.7,46.5,35.5
CHEM-TR-0014,img_train_0014_var07,train,140.02,210.2,200.3,181.7,81.04,0.31,10.51,40.0,13.7,82.4,15.04,0.966,1.19,23.0,34.4,35.1
CHEM-TR-0014,img_train_0014_var09,train,140.02,210.7,200.8,181.4,81.22,0.18,10.93,40.0,13.7,82.4,14.91,0.665,11.74,33.5,38.1,38.4
CHEM-TR-0014,img_train_0014_var10,train,140.02,203.7,194.0,175.6,78.77,0.28,10.47,40.0,13.7,79.6,17.29,0.98,0.7,27.3,36.0,13.7
CHEM-TR-0015,img_train_0015_var01,train,1132.1,84.0,67.1,48.3,29.73,4.21,14.18,32.0,42.4,32.5,66.58,0.1,45.84,30.9,57.9,16.9
CHEM-TR-0015,img_train_0015_var02,train,1132.1,86.9,71.2,51.0,31.33,3.42,14.64,34.0,40.8,33.7,64.98,0.1,45.76,21.7,35.6,13.7
CHEM-TR-0015,img_train_0015_var03,train,1132.1,90.0,81.7,121.0,37.01,12.63,-21.06,254.0,32.5,47.1,67.31,0.984,0.55,27.8,34.6,9.7
CHEM-TR-0015,img_train_0015_var05,train,1132.1,88.3,69.6,48.8,30.98,4.74,15.58,32.0,45.5,34.5,65.49,0.963,1.28,19.1,55.9,23.0
CHEM-TR-0015,img_train_0015_var06,train,1132.1,84.5,66.8,48.3,29.71,4.67,14.13,30.0,42.7,32.9,66.62,0.1,51.61,26.9,43.4,26.5
CHEM-TR-0015,img_train_0015_var07,train,1132.1,83.3,66.2,46.8,29.34,4.34,14.58,32.0,44.7,32.5,67.0,0.1,37.71,24.6,54.4,6.0
CHEM-TR-0015,img_train_0015_var08,train,1132.1,93.0,80.0,64.0,34.87,2.62,11.44,34.0,31.4,36.5,61.22,0.1,53.29,30.6,57.4,20.0
CHEM-TR-0015,img_train_0015_var09,train,1132.1,83.9,66.4,47.6,29.51,4.52,14.3,32.0,43.5,32.5,66.82,0.1,40.09,26.9,48.3,28.8
CHEM-TR-0015,img_train_0015_var10,train,1132.1,76.2,59.1,39.8,26.26,4.52,14.78,32.0,48.6,29.8,70.09,0.1,41.15,25.3,72.3,28.4
CHEM-TR-0016,img_train_0016_var01,train,918.76,106.3,86.5,64.8,38.2,4.77,15.68,32.0,39.6,41.6,58.34,0.1,50.53,28.6,38.4,35.6
CHEM-TR-0016,img_train_0016_var02,train,918.76,104.1,86.5,64.9,37.97,3.75,15.27,34.0,38.4,40.8,58.46,0.98,0.71,32.3,49.9,5.5
CHEM-TR-0016,img_train_0016_var03,train,918.76,105.0,85.7,38.3,37.4,1.76,30.07,42.0,63.5,40.8,62.29,0.982,0.63,30.2,49.3,28.0
CHEM-TR-0016,img_train_0016_var04,train,918.76,109.8,87.0,63.8,38.71,5.86,17.04,32.0,42.4,42.7,58.1,0.1,51.07,28.9,39.3,35.7
CHEM-TR-0016,img_train_0016_var05,train,918.76,101.2,82.5,62.1,36.44,4.47,14.89,30.0,38.4,39.6,59.98,0.201,27.98,31.0,35.9,5.7
CHEM-TR-0016,img_train_0016_var06,train,918.76,101.2,82.7,62.7,36.52,4.46,14.62,30.0,38.4,39.6,59.88,0.1,45.47,24.1,42.3,10.3
CHEM-TR-0016,img_train_0016_var07,train,918.76,100.0,81.6,60.6,36.02,4.33,15.22,32.0,40.0,39.2,60.42,0.1,33.22,25.8,33.2,28.7
CHEM-TR-0016,img_train_0016_var08,train,918.76,107.0,94.0,79.0,40.73,2.62,10.53,32.0,26.3,42.0,55.33,0.1,39.73,34.8,34.7,20.1
CHEM-TR-0016,img_train_0016_var09,train,918.76,99.6,82.8,61.8,36.34,3.61,14.91,34.0,38.4,38.8,60.03,0.1,38.01,22.7,77.8,19.5
CHEM-TR-0016,img_train_0016_var10,train,918.76,92.7,75.2,55.1,33.24,4.15,14.77,32.0,40.4,36.1,63.13,0.1,37.77,32.5,55.1,13.3
CHEM-TR-0017,img_train_0017_var02,train,1599.59,60.6,44.3,31.2,19.64,5.41,11.39,26.0,48.2,23.5,76.56,0.1,49.19,25.8,61.9,10.9
CHEM-TR-0017,img_train_0017_var05,train,1599.59,65.5,46.9,32.9,21.11,6.36,12.32,26.0,50.6,25.5,75.19,0.963,1.31,32.7,36.9,27.4
CHEM-TR-0017,img_train_0017_var07,train,1599.59,64.7,47.6,31.2,21.21,5.25,13.52,30.0,51.4,25.1,75.08,0.967,1.14,34.2,46.5,23.4
CHEM-TR-0017,img_train_0017_var08,train,1599.59,68.0,54.0,41.0,23.76,4.01,10.53,28.0,39.6,26.7,72.34,0.1,50.87,24.2,35.9,38.7
CHEM-TR-0017,img_train_0017_var09,train,1599.59,64.5,47.2,31.6,21.03,5.49,13.03,30.0,51.4,25.1,75.24,0.918,2.89,29.1,36.7,9.8
CHEM-TR-0017,img_train_0017_var10,train,1599.59,52.7,36.5,22.1,15.99,5.54,12.6,28.0,57.6,20.4,80.25,0.1,52.22,21.3,79.5,18.6
CHEM-TR-0018,img_train_0018_var01,train,918.09,105.6,86.9,64.3,38.23,4.1,16.07,32.0,39.2,41.2,58.31,0.984,0.57,19.4,73.6,13.0
CHEM-TR-0018,img_train_0018_var02,train,918.09,100.9,83.4,63.0,36.68,3.96,14.63,32.0,36.9,39.2,59.69,0.1,43.93,22.7,43.0,6.6
CHEM-TR-0018,img_train_0018_var03,train,918.09,100.7,82.7,61.2,36.41,4.08,15.39,32.0,38.8,39.2,60.04,0.1,48.64,19.2,65.6,29.3
CHEM-TR-0018,img_train_0018_var04,train,918.09,104.1,82.5,61.5,36.73,5.75,15.71,30.0,41.2,40.8,59.88,0.1,53.72,21.9,53.3,25.8
CHEM-TR-0018,img_train_0018_var05,train,918.09,104.7,85.5,63.6,37.7,4.45,15.75,32.0,39.6,40.8,58.82,0.96,1.41,33.9,34.2,27.2
CHEM-TR-0018,img_train_0018_var06,train,918.09,100.9,83.0,62.7,36.57,4.13,14.72,34.0,38.0,39.2,59.81,0.1,37.83,24.4,54.0,26.6
CHEM-TR-0018,img_train_0018_var07,train,918.09,104.4,84.9,63.5,37.51,4.64,15.55,30.0,39.6,40.8,59.0,0.152,29.67,22.8,66.7,14.4
CHEM-TR-0018,img_train_0018_var08,train,918.09,107.0,92.0,78.0,40.13,3.66,10.31,28.0,27.1,42.0,55.97,0.1,38.67,21.1,72.7,8.0
CHEM-TR-0018,img_train_0018_var09,train,918.09,105.2,86.5,63.8,38.06,4.11,16.07,32.0,40.0,41.2,58.48,0.953,1.63,25.3,31.7,27.0
CHEM-TR-0018,img_train_0018_var10,train,918.09,95.1,77.4,56.6,34.19,4.12,15.13,32.0,41.2,37.3,62.22,0.1,36.33,34.9,46.8,7.5
CHEM-TR-0019,img_train_0019_var01,train,971.42,96.4,77.6,59.5,34.44,5.02,13.72,30.0,38.4,37.6,61.91,0.1,49.31,34.5,78.1,27.6
CHEM-TR-0019,img_train_0019_var02,train,971.42,95.9,77.6,58.3,34.35,4.63,14.29,30.0,38.8,37.3,62.01,0.1,40.08,28.6,32.5,35.6
CHEM-TR-0019,img_train_0019_var03,train,971.42,100.5,81.9,57.5,36.09,3.94,17.25,34.0,43.1,39.2,60.57,0.1,48.72,32.9,38.1,10.3
CHEM-TR-0019,img_train_0019_var04,train,971.42,102.9,80.3,58.9,35.94,6.16,16.23,30.0,43.1,40.0,60.76,0.1,53.39,22.3,48.5,27.9
CHEM-TR-0019,img_train_0019_var05,train,971.42,95.2,77.8,56.8,34.3,3.94,15.17,32.0,41.2,37.3,62.1,0.187,28.47,21.8,55.7,31.1
CHEM-TR-0019,img_train_0019_var06,train,971.42,95.9,78.4,57.7,34.58,4.0,15.01,34.0,40.0,37.3,61.81,0.1,46.73,33.0,49.0,21.1
CHEM-TR-0019,img_train_0019_var07,train,971.42,100.5,80.8,58.7,35.81,4.78,16.12,32.0,42.0,39.2,60.76,0.97,1.05,21.9,35.9,6.7
CHEM-TR-0019,img_train_0019_var08,train,971.42,104.0,91.0,76.0,39.49,2.65,10.59,32.0,27.1,40.8,56.57,0.1,44.69,27.2,41.0,16.8
CHEM-TR-0019,img_train_0019_var09,train,971.42,95.5,77.9,57.9,34.4,4.14,14.65,32.0,40.0,37.3,61.97,0.1,37.86,33.1,41.9,7.2
CHEM-TR-0019,img_train_0019_var10,train,971.42,85.3,68.1,49.7,30.2,4.44,13.96,32.0,42.4,33.3,66.1,0.1,39.6,27.9,72.8,14.6
CHEM-TR-0020,img_train_0020_var02,train,1966.23,50.8,38.7,24.5,16.5,3.31,11.59,32.0,52.2,19.6,79.59,0.981,0.67,30.8,78.7,22.8
CHEM-TR-0020,img_train_0020_var05,train,1966.23,53.6,38.1,24.2,16.65,5.15,12.0,28.0,54.9,20.8,79.54,0.958,1.48,30.3,54.9,5.2
CHEM-TR-0020,img_train_0020_var07,train,1966.23,48.0,33.5,21.1,14.39,5.05,11.06,26.0,56.1,18.8,81.76,0.1,39.64,28.0,31.9,28.5
CHEM-TR-0020,img_train_0020_var09,train,1966.23,49.9,34.5,21.8,14.98,5.38,11.4,28.0,57.3,19.2,81.2,0.1,49.89,21.1,47.2,23.1
CHEM-TR-0020,img_train_0020_var10,train,1966.23,52.5,37.6,22.0,16.31,4.68,13.02,30.0,57.6,20.4,79.9,0.1,51.69,19.9,38.7,23.4
CHEM-TR-0021,img_train_0021_var01,train,579.18,136.3,120.0,97.4,51.35,2.59,14.76,36.0,28.6,53.3,45.07,0.1,32.85,27.4,43.1,30.5
CHEM-TR-0021,img_train_0021_var02,train,579.18,135.7,119.1,97.2,51.02,2.82,14.41,34.0,28.2,52.9,45.36,0.18,28.7,27.9,63.6,34.4
CHEM-TR-0021,img_train_0021_var03,train,579.18,141.2,128.2,145.8,55.33,8.31,-7.61,286.0,11.8,56.9,44.62,0.1,34.86,24.9,39.1,33.2
CHEM-TR-0021,img_train_0021_var04,train,579.18,145.0,124.0,100.6,53.35,4.36,15.8,32.0,30.6,56.5,43.36,0.1,36.38,30.9,44.6,36.5
CHEM-TR-0021,img_train_0021_var05,train,579.18,140.1,122.5,97.8,52.41,2.77,16.0,34.0,30.6,54.9,44.21,0.962,1.32,34.3,45.8,21.6
CHEM-TR-0021,img_train_0021_var06,train,579.18,136.2,119.7,97.3,51.23,2.73,14.66,34.0,28.6,53.3,45.18,0.147,29.87,25.6,31.7,31.6
CHEM-TR-0021,img_train_0021_var07,train,579.18,140.2,122.1,98.9,52.33,3.22,15.3,34.0,30.2,54.9,44.21,0.214,27.5,29.9,63.4,5.0
CHEM-TR-0021,img_train_0021_var08,train,579.18,143.0,132.0,120.0,55.78,2.02,7.98,32.0,16.1,56.1,40.26,0.178,28.75,22.1,62.2,15.7
CHEM-TR-0021,img_train_0021_var09,train,579.18,140.1,122.7,98.2,52.47,2.74,15.9,34.0,30.2,54.9,44.13,0.951,1.73,32.2,78.2,17.7
CHEM-TR-0021,img_train_0021_var10,train,579.18,128.7,113.5,91.8,48.67,2.33,14.18,36.0,29.0,50.2,47.65,0.306,24.29,27.0,56.2,6.8
CHEM-TR-0022,img_train_0022_var01,train,1146.17,83.1,66.0,48.4,29.31,4.56,13.51,30.0,42.4,32.5,66.97,0.1,45.68,19.7,33.7,6.5
CHEM-TR-0022,img_train_0022_var02,train,1146.17,82.9,65.5,48.0,29.13,4.68,13.5,30.0,41.6,32.2,67.15,0.1,44.22,34.9,52.8,17.5
CHEM-TR-0022,img_train_0022_var03,train,1146.17,91.2,76.3,98.3,34.67,10.8,-10.48,280.0,22.4,38.4,65.17,0.1,54.81,21.6,44.4,25.6
CHEM-TR-0022,img_train_0022_var05,train,1146.17,88.1,68.6,48.5,30.64,5.25,15.35,30.0,45.5,34.5,65.84,0.958,1.46,34.8,63.0,7.1
CHEM-TR-0022,img_train_0022_var06,train,1146.17,88.5,69.5,50.8,31.01,5.21,14.38,30.0,43.1,34.5,65.38,0.984,0.57,34.8,60.0,22.7
CHEM-TR-0022,img_train_0022_var07,train,1146.17,87.9,68.8,49.0,30.7,5.15,15.1,30.0,44.7,34.1,65.75,0.1,32.9,34.1,37.3,18.6
CHEM-TR-0022,img_train_0022_var09,train,1146.17,88.1,69.1,49.8,30.82,5.13,14.76,30.0,44.3,34.5,65.6,0.951,1.71,34.6,53.5,13.9
CHEM-TR-0022,img_train_0022_var10,train,1146.17,75.7,58.1,40.3,25.91,5.0,13.99,30.0,46.7,29.4,70.41,0.1,42.83,21.1,73.4,12.8
CHEM-TR-0023,img_train_0023_var02,train,1564.95,61.8,45.4,30.7,20.12,5.24,12.36,30.0,51.0,23.9,76.1,0.1,49.62,21.7,58.8,18.9
CHEM-TR-0023,img_train_0023_var03,train,1564.95,69.0,54.8,72.4,25.11,10.05,-8.41,290.0,25.1,28.2,73.62,0.984,0.56,31.8,44.2,19.8
CHEM-TR-0023,img_train_0023_var05,train,1564.95,65.7,48.0,32.0,21.45,5.63,13.37,28.0,52.2,25.5,74.85,0.962,1.32,24.4,71.4,6.6
CHEM-TR-0023,img_train_0023_var07,train,1564.95,61.8,45.1,27.9,19.99,5.05,14.09,32.0,55.7,23.9,76.32,0.1,34.9,21.4,57.7,22.0
CHEM-TR-0023,img_train_0023_var09,train,1564.95,62.2,45.3,29.9,20.14,5.41,12.92,30.0,53.3,24.3,76.12,0.1,47.41,25.3,45.7,4.1
CHEM-TR-0023,img_train_0023_var10,train,1564.95,61.6,44.0,27.2,19.6,5.65,14.02,28.0,55.7,23.9,76.74,0.1,44.93,19.4,49.5,10.6
CHEM-TR-0024,img_train_0024_var01,train,1202.4,81.6,62.4,45.3,27.99,5.74,13.71,28.0,44.3,31.8,68.37,0.1,46.31,32.9,76.2,29.4
CHEM-TR-0024,img_train_0024_var02,train,1202.4,83.2,66.0,47.0,29.29,4.4,14.39,32.0,44.7,32.5,67.04,0.981,0.66,32.4,64.8,12.4
CHEM-TR-0024,img_train_0024_var03,train,1202.4,98.2,83.6,115.3,38.07,12.86,-15.84,268.0,27.8,45.1,64.23,0.1,52.88,32.9,72.7,14.0
CHEM-TR-0024,img_train_0024_var04,train,1202.4,85.1,63.3,43.4,28.63,6.58,15.81,28.0,49.4,33.3,67.99,0.988,0.42,31.6,47.2,30.2
CHEM-TR-0024,img_train_0024_var05,train,1202.4,83.3,65.3,45.6,29.04,4.72,14.93,32.0,45.9,32.5,67.35,0.958,1.47,31.7,47.4,32.2
CHEM-TR-0024,img_train_0024_var06,train,1202.4,85.5,66.6,48.1,29.76,5.26,14.37,30.0,43.5,33.3,66.63,0.1,51.04,30.5,70.6,19.8
CHEM-TR-0024,img_train_0024_var07,train,1202.4,81.1,62.0,44.0,27.81,5.55,14.25,30.0,45.5,31.8,68.58,0.1,32.24,23.8,64.3,31.0
CHEM-TR-0024,img_train_0024_var08,train,1202.4,91.0,75.0,60.0,33.1,4.21,11.47,30.0,34.1,35.7,63.06,0.1,54.87,19.9,32.1,22.2
CHEM-TR-0024,img_train_0024_var09,train,1202.4,84.1,65.5,46.5,29.23,5.1,14.66,30.0,45.1,32.9,67.17,0.946,1.9,29.1,38.6,5.5
CHEM-TR-0024,img_train_0024_var10,train,1202.4,80.5,62.4,44.3,27.84,5.09,14.12,30.0,45.1,31.4,68.51,0.1,41.07,19.0,57.8,19.6
CHEM-TR-0025,img_train_0025_var01,train,454.18,158.1,140.4,117.3,59.39,2.86,14.8,34.0,25.9,62.0,37.14,0.986,0.49,32.8,37.7,30.2
CHEM-TR-0025,img_train_0025_var02,train,454.18,159.3,140.2,116.6,59.43,3.4,15.23,34.0,27.1,62.4,37.21,0.978,0.78,30.3,46.0,22.8
CHEM-TR-0025,img_train_0025_var03,train,454.18,157.4,140.4,101.0,59.0,0.39,23.37,42.0,35.7,61.6,39.69,0.984,0.54,33.0,53.0,38.7
CHEM-TR-0025,img_train_0025_var04,train,454.18,160.7,142.5,120.1,60.25,3.19,14.44,34.0,25.1,62.7,36.26,0.984,0.55,19.6,72.5,24.4
CHEM-TR-0025,img_train_0025_var05,train,454.18,157.5,140.4,116.7,59.33,2.52,15.05,36.0,26.3,61.6,37.22,0.478,18.26,34.7,31.1,4.4
CHEM-TR-0025,img_train_0025_var06,train,454.18,154.2,137.7,115.4,58.25,2.55,14.22,34.0,25.5,60.4,38.16,0.246,26.4,20.7,73.2,6.8
CHEM-TR-0025,img_train_0025_var07,train,454.18,157.4,140.6,116.8,59.35,2.42,15.02,36.0,26.3,61.6,37.19,0.969,1.1,29.3,67.9,31.2
CHEM-TR-0025,img_train_0025_var08,train,454.18,164.0,159.0,148.0,65.61,-0.18,6.38,42.0,9.8,64.3,30.51,0.985,0.54,34.9,70.2,17.1
CHEM-TR-0025,img_train_0025_var09,train,454.18,154.1,138.4,116.0,58.44,2.17,14.18,36.0,25.5,60.4,37.95,0.364,22.28,34.1,56.6,11.8
CHEM-TR-0025,img_train_0025_var10,train,454.18,158.1,141.0,117.4,59.55,2.57,14.98,36.0,25.9,62.0,37.0,0.977,0.8,22.2,47.1,17.0
CHEM-TR-0026,img_train_0026_var01,train,905.92,107.2,87.5,65.8,38.61,4.63,15.68,32.0,39.2,42.0,57.92,0.1,46.41,20.3,61.3,22.8
CHEM-TR-0026,img_train_0026_var02,train,905.92,105.6,87.8,65.8,38.51,3.79,15.52,34.0,38.0,41.2,57.95,0.979,0.72,23.3,53.5,25.5
CHEM-TR-0026,img_train_0026_var03,train,905.92,115.8,108.4,149.6,47.88,12.08,-21.35,250.0,27.5,58.4,58.06,0.1,46.54,28.9,42.7,32.0
CHEM-TR-0026,img_train_0026_var04,train,905.92,104.1,83.6,62.5,37.08,5.19,15.57,30.0,40.4,40.8,59.47,0.1,52.1,20.3,65.8,17.1
CHEM-TR-0026,img_train_0026_var05,train,905.92,106.7,86.8,64.3,38.31,4.71,16.16,32.0,39.6,41.6,58.28,0.959,1.44,28.2,33.7,11.3
CHEM-TR-0026,img_train_0026_var06,train,905.92,106.8,88.0,65.7,38.69,4.2,15.83,32.0,38.8,41.6,57.83,0.1,46.53,22.7,66.9,35.3
CHEM-TR-0026,img_train_0026_var07,train,905.92,102.2,83.7,62.3,36.91,4.22,15.4,32.0,39.2,40.0,59.55,0.304,24.35,30.2,53.1,27.1
CHEM-TR-0026,img_train_0026_var08,train,905.92,114.0,101.0,85.0,43.57,2.39,10.96,34.0,25.5,44.7,52.5,0.1,48.63,29.1,69.9,19.8
CHEM-TR-0026,img_train_0026_var09,train,905.92,105.9,87.7,65.1,38.51,3.84,15.96,34.0,38.0,41.2,58.01,0.946,1.89,23.2,41.8,27.4
CHEM-TR-0026,img_train_0026_var10,train,905.92,94.5,76.9,56.8,33.98,4.15,14.7,32.0,40.4,36.9,62.39,0.1,37.24,23.2,78.4,19.7
CHEM-TR-0027,img_train_0027_var01,train,1614.38,60.3,44.6,29.8,19.69,4.85,12.4,30.0,51.8,23.5,76.51,0.1,53.18,29.2,42.5,28.0
CHEM-TR-0027,img_train_0027_var02,train,1614.38,60.0,43.8,27.9,19.34,5.03,13.22,30.0,54.1,23.1,76.91,0.1,47.48,23.6,70.0,4.7
CHEM-TR-0027,img_train_0027_var05,train,1614.38,64.7,46.8,30.9,20.94,5.77,13.35,28.0,52.9,25.1,75.37,0.96,1.39,31.6,45.9,11.1
CHEM-TR-0027,img_train_0027_var06,train,1614.38,60.7,44.8,30.5,19.79,5.05,12.08,28.0,50.2,23.5,76.41,0.1,52.07,33.5,58.2,21.0
CHEM-TR-0027,img_train_0027_var07,train,1614.38,63.7,47.8,30.5,21.1,4.55,13.85,30.0,52.5,24.7,75.17,0.1,36.92,23.9,66.5,13.0
CHEM-TR-0027,img_train_0027_var09,train,1614.38,64.7,47.5,31.4,21.18,5.35,13.38,30.0,51.4,25.1,75.1,0.946,1.9,32.1,45.4,36.6
CHEM-TR-0027,img_train_0027_var10,train,1614.38,53.9,37.9,22.8,16.63,5.24,12.98,30.0,58.4,20.8,79.61,0.1,49.48,25.8,79.2,23.5
CHEM-TR-0028,img_train_0028_var01,train,530.24,142.7,126.0,103.7,53.74,2.74,14.51,34.0,27.5,55.7,42.68,0.1,32.53,26.8,75.2,35.9
CHEM-TR-0028,img_train_0028_var02,train,530.24,142.2,125.9,104.1,53.67,2.63,14.18,34.0,26.7,55.7,42.7,0.247,26.34,32.3,65.8,34.2
CHEM-TR-0028,img_train_0028_var03,train,530.24,158.2,145.6,184.8,62.7,12.55,-18.65,260.0,21.2,72.2,44.93,0.1,32.01,34.1,56.8,38.5
CHEM-TR-0028,img_train_0028_var04,train,530.24,159.2,135.4,112.0,58.05,5.32,15.97,30.0,30.2,62.4,38.88,0.987,0.44,25.4,70.5,16.7
CHEM-TR-0028,img_train_0028_var05,train,530.24,146.2,128.0,104.5,54.63,3.15,15.34,32.0,28.6,57.3,41.94,0.961,1.37,21.8,33.4,35.2
CHEM-TR-0028,img_train_0028_var06,train,530.24,146.6,129.1,105.4,54.98,2.82,15.29,36.0,28.2,57.3,41.56,0.1,33.12,19.7,62.9,35.9
CHEM-TR-0028,img_train_0028_var07,train,530.24,144.8,127.2,105.9,54.32,3.24,14.07,34.0,27.1,56.5,42.08,0.47,18.55,21.0,76.3,36.9
CHEM-TR-0028,img_train_0028_var08,train,530.24,198.5,105.4,53.4,54.57,33.03,44.62,22.0,73.3,77.6,63.59,0.249,26.27,26.2,35.0,33.0
CHEM-TR-0028,img_train_0028_var09,train,530.24,142.4,125.9,103.5,53.67,2.65,14.53,34.0,27.5,55.7,42.74,0.274,25.42,25.1,37.4,30.5
CHEM-TR-0028,img_train_0028_var10,train,530.24,137.2,119.9,97.2,51.39,3.0,14.92,34.0,29.0,53.7,45.07,0.156,29.53,23.5,40.8,7.6
CHEM-TR-0029,img_train_0029_var02,train,1851.13,55.3,40.5,27.3,17.72,4.77,11.35,28.0,51.0,21.6,78.43,0.978,0.78,27.0,59.4,29.2
CHEM-TR-0029,img_train_0029_var05,train,1851.13,56.8,39.8,25.9,17.66,5.83,12.29,28.0,55.3,22.0,78.59,0.958,1.47,31.6,53.0,28.8
CHEM-TR-0029,img_train_0029_var06,train,1851.13,57.9,41.4,27.3,18.34,5.5,12.23,28.0,52.5,22.4,77.89,0.984,0.54,29.9,70.8,32.1
CHEM-TR-0029,img_train_0029_var07,train,1851.13,50.7,35.0,20.5,15.22,5.33,12.62,28.0,60.0,19.6,81.01,0.1,37.97,19.9,35.9,12.8
CHEM-TR-0029,img_train_0029_var09,train,1851.13,50.6,37.2,23.1,15.97,4.03,11.84,32.0,54.1,19.6,80.16,0.1,49.65,21.5,38.0,5.7
CHEM-TR-0029,img_train_0029_var10,train,1851.13,44.2,30.8,17.7,12.93,4.45,11.22,28.0,61.2,17.3,83.19,0.1,50.09,34.6,65.0,7.4
CHEM-TR-0030,img_train_0030_var01,train,341.37,174.8,160.1,135.5,66.53,1.34,14.75,38.0,22.4,68.2,30.04,0.99,0.35,20.6,73.2,33.5
CHEM-TR-0030,img_train_0030_var02,train,341.37,177.3,159.8,135.5,66.68,2.48,15.01,34.0,23.9,69.4,30.0,0.976,0.84,20.7,32.3,6.1
CHEM-TR-0030,img_train_0030_var03,train,341.37,187.8,185.6,234.7,77.05,10.81,-24.13,242.0,20.8,91.8,39.53,0.981,0.67,31.9,52.9,20.0
CHEM-TR-0030,img_train_0030_var04,train,341.37,188.1,170.0,145.2,70.52,2.55,15.18,34.0,22.7,73.7,26.3,0.986,0.47,31.9,62.7,35.0
CHEM-TR-0030,img_train_0030_var05,train,341.37,174.4,159.6,134.8,66.36,1.37,14.89,38.0,23.1,68.2,30.23,0.958,1.46,24.0,32.5,32.2
CHEM-TR-0030,img_train_0030_var06,train,341.37,172.0,157.3,135.4,65.55,1.72,13.43,36.0,21.2,67.1,30.79,0.423,20.21,29.7,34.7,28.3
CHEM-TR-0030,img_train_0030_var07,train,341.37,174.5,159.3,136.3,66.32,1.77,14.05,36.0,22.0,68.2,30.13,0.967,1.17,34.1,44.9,28.8
CHEM-TR-0030,img_train_0030_var08,train,341.37,180.0,175.0,166.0,71.63,0.16,5.24,38.0,7.8,70.6,24.66,0.951,1.71,31.8,46.3,6.4
CHEM-TR-0030,img_train_0030_var09,train,341.37,170.7,156.7,134.9,65.26,1.51,13.23,36.0,21.2,66.7,31.05,0.933,2.33,30.4,65.0,12.4
CHEM-TR-0030,img_train_0030_var10,train,341.37,165.2,151.9,129.7,63.37,1.21,13.46,36.0,22.0,64.7,32.94,0.658,11.98,28.4,74.0,38.2
CHEM-TR-0031,img_train_0031_var01,train,50.38,230.7,224.5,206.3,89.38,-0.96,9.64,46.0,10.6,90.2,6.81,0.59,14.35,32.7,70.8,17.8
CHEM-TR-0031,img_train_0031_var02,train,50.38,238.5,225.0,205.7,90.13,1.46,11.08,36.0,13.7,93.3,6.3,0.988,0.42,21.2,73.3,18.3
CHEM-TR-0031,img_train_0031_var05,train,50.38,232.4,223.5,205.9,89.27,0.07,9.73,40.0,11.8,91.0,6.78,0.963,1.29,30.4,40.5,32.0
CHEM-TR-0031,img_train_0031_var06,train,50.38,231.1,224.7,206.5,89.48,-0.92,9.67,44.0,11.0,90.6,6.71,0.58,14.71,24.7,54.3,7.3
CHEM-TR-0031,img_train_0031_var07,train,50.38,230.1,224.6,206.8,89.38,-1.14,9.35,46.0,10.6,90.2,6.83,0.964,1.25,33.3,71.4,36.1
CHEM-TR-0031,img_train_0031_var09,train,50.38,231.3,224.0,206.2,89.3,-0.51,9.57,40.0,11.0,90.6,6.8,0.662,11.83,19.8,50.8,9.1
CHEM-TR-0031,img_train_0031_var10,train,50.38,234.1,228.2,210.6,90.68,-0.98,9.28,46.0,10.2,91.8,5.53,0.238,26.67,26.9,41.9,5.0
CHEM-TR-0032,img_train_0032_var02,train,1694.8,59.5,44.5,30.5,19.57,4.6,11.75,28.0,49.0,23.1,76.59,0.978,0.75,19.4,63.1,35.4
CHEM-TR-0032,img_train_0032_var05,train,1694.8,62.0,44.6,29.3,19.9,5.65,13.02,28.0,53.3,24.3,76.38,0.96,1.38,30.2,58.3,20.4
CHEM-TR-0032,img_train_0032_var06,train,1694.8,56.8,42.3,27.5,18.46,4.37,12.24,32.0,51.8,22.0,77.7,0.1,53.16,34.8,58.7,25.0
CHEM-TR-0032,img_train_0032_var07,train,1694.8,56.1,40.1,25.5,17.65,5.26,12.49,30.0,55.3,22.0,78.57,0.1,44.65,19.2,69.7,18.1
CHEM-TR-0032,img_train_0032_var09,train,1694.8,61.5,44.0,28.6,19.64,5.71,13.12,30.0,54.1,23.9,76.65,0.92,2.78,27.3,59.6,35.9
CHEM-TR-0032,img_train_0032_var10,train,1694.8,52.5,36.0,21.6,15.81,5.69,12.7,30.0,59.6,20.4,80.44,0.1,53.42,29.6,49.4,15.4
CHEM-TR-0033,img_train_0033_var01,train,191.37,201.8,189.6,168.1,77.3,0.71,12.46,38.0,16.5,78.8,19.02,0.56,15.4,22.6,43.6,16.0
CHEM-TR-0033,img_train_0033_var02,train,191.37,198.9,187.7,167.0,76.53,0.5,11.87,38.0,15.7,77.6,19.68,0.978,0.77,21.5,37.1,31.5
CHEM-TR-0033,img_train_0033_var03,train,191.37,201.9,190.3,182.3,77.82,2.69,5.49,26.0,9.4,78.8,18.64,0.985,0.51,28.0,44.7,18.9
CHEM-TR-0033,img_train_0033_var04,train,191.37,216.9,204.1,182.0,82.56,0.84,12.59,38.0,15.7,84.7,13.92,0.638,12.68,24.7,58.2,29.8
CHEM-TR-0033,img_train_0033_var05,train,191.37,199.3,187.1,166.9,76.41,0.92,11.8,38.0,16.5,78.0,19.79,0.951,1.7,31.1,58.6,25.0
CHEM-TR-0033,img_train_0033_var06,train,191.37,199.7,187.9,168.0,76.68,0.79,11.58,38.0,16.1,78.0,19.49,0.626,13.09,26.6,75.8,4.3
CHEM-TR-0033,img_train_0033_var07,train,191.37,202.0,189.7,169.1,77.36,0.89,11.96,38.0,16.1,78.8,18.88,0.97,1.04,23.4,64.4,38.6
CHEM-TR-0033,img_train_0033_var08,train,191.37,204.0,204.0,202.0,81.99,-0.36,0.99,60.0,1.2,80.0,16.16,0.983,0.61,27.6,71.1,28.5
CHEM-TR-0033,img_train_0033_var09,train,191.37,202.2,189.8,167.5,77.37,0.67,12.83,38.0,17.3,79.2,19.02,0.701,10.47,21.0,39.5,12.7
CHEM-TR-0033,img_train_0033_var10,train,191.37,194.1,181.5,162.8,74.44,1.33,11.17,36.0,16.5,76.1,21.68,0.613,13.54,21.4,34.3,19.9
CHEM-TR-0034,img_train_0034_var02,train,1535.43,67.2,51.1,33.6,22.62,4.54,13.83,32.0,50.6,26.3,73.65,0.98,0.69,26.5,67.3,9.9
CHEM-TR-0034,img_train_0034_var05,train,1535.43,67.3,49.9,33.8,22.27,5.42,13.25,28.0,50.6,26.3,74.02,0.1,36.76,26.0,36.2,18.5
CHEM-TR-0034,img_train_0034_var06,train,1535.43,63.9,46.6,31.9,20.78,5.64,12.52,28.0,51.0,24.7,75.48,0.1,50.42,31.2,45.1,26.3
CHEM-TR-0034,img_train_0034_var07,train,1535.43,67.1,49.1,32.5,21.97,5.68,13.72,30.0,52.2,26.3,74.36,0.967,1.15,19.6,37.6,8.2
CHEM-TR-0034,img_train_0034_var09,train,1535.43,67.6,49.6,33.7,22.21,5.71,13.3,28.0,50.6,26.3,74.1,0.924,2.64,27.8,65.7,30.8
CHEM-TR-0034,img_train_0034_var10,train,1535.43,63.4,45.3,30.1,20.3,6.01,13.05,28.0,52.5,24.7,76.01,0.1,46.0,30.9,78.5,9.5
CHEM-TR-0035,img_train_0035_var02,train,1603.11,59.5,43.8,28.5,19.31,4.85,12.73,30.0,52.5,23.1,76.9,0.1,50.19,25.2,54.9,29.5
CHEM-TR-0035,img_train_0035_var05,train,1603.11,64.8,47.6,31.4,21.2,5.33,13.39,30.0,51.4,25.1,75.08,0.958,1.46,20.8,45.8,18.9
CHEM-TR-0035,img_train_0035_var07,train,1603.11,64.5,47.1,30.5,21.01,5.38,13.76,30.0,52.9,25.1,75.3,0.968,1.11,21.4,67.9,20.5
CHEM-TR-0035,img_train_0035_var08,train,1603.11,69.0,54.0,40.0,23.86,4.35,11.34,28.0,42.0,27.1,72.28,0.1,52.43,32.0,61.1,14.7
CHEM-TR-0035,img_train_0035_var09,train,1603.11,58.9,43.8,28.9,19.22,4.62,12.3,30.0,51.8,22.7,76.96,0.1,49.14,24.4,72.2,15.8
CHEM-TR-0035,img_train_0035_var10,train,1603.11,64.2,47.0,29.7,20.91,5.23,14.16,30.0,54.5,25.1,75.42,0.1,52.14,22.9,68.6,24.7
CHEM-TR-0036,img_train_0036_var01,train,1165.53,88.0,69.2,49.1,30.83,4.92,15.19,32.0,43.5,34.1,65.61,0.986,0.5,28.6,63.5,10.7
CHEM-TR-0036,img_train_0036_var02,train,1165.53,81.8,64.7,46.4,28.74,4.46,13.98,30.0,43.1,31.8,67.56,0.1,45.45,30.4,68.0,30.8
CHEM-TR-0036,img_train_0036_var03,train,1165.53,103.1,102.2,169.4,46.06,17.33,-35.94,240.0,39.6,66.3,69.26,0.1,50.0,28.8,72.1,13.5
CHEM-TR-0036,img_train_0036_var05,train,1165.53,82.0,63.8,46.5,28.47,5.19,13.59,30.0,43.1,31.8,67.85,0.105,31.33,29.2,66.9,9.5
CHEM-TR-0036,img_train_0036_var06,train,1165.53,87.8,68.4,49.8,30.59,5.42,14.46,30.0,43.5,34.1,65.82,0.985,0.51,21.6,43.0,21.6
CHEM-TR-0036,img_train_0036_var07,train,1165.53,86.4,67.1,47.6,30.0,5.27,15.0,30.0,45.5,33.7,66.44,0.1,34.42,24.2,69.3,8.8
CHEM-TR-0036,img_train_0036_var09,train,1165.53,86.9,67.5,48.4,30.2,5.35,14.77,30.0,44.3,33.7,66.23,0.923,2.7,21.8,30.3,12.6
CHEM-TR-0036,img_train_0036_var10,train,1165.53,76.6,58.9,39.9,26.24,4.85,14.71,30.0,48.6,29.8,70.13,0.1,45.35,31.0,69.9,4.5
CHEM-TR-0037,img_train_0037_var01,train,833.05,108.0,90.0,70.0,39.49,4.11,14.29,32.0,34.5,42.0,56.87,0.1,39.79,25.4,75.6,6.5
CHEM-TR-0037,img_train_0037_var02,train,833.05,112.3,93.7,71.9,41.03,4.06,15.31,32.0,36.5,43.9,55.45,0.1,39.72,24.6,60.2,37.5
CHEM-TR-0037,img_train_0037_var03,train,833.05,111.9,93.6,46.0,40.52,1.0,29.69,44.0,58.4,43.5,59.21,0.1,47.54,27.0,47.7,10.9
CHEM-TR-0037,img_train_0037_var04,train,833.05,116.5,94.8,72.7,41.81,5.35,15.95,30.0,38.0,45.5,54.85,0.1,48.61,20.8,36.1,24.8
CHEM-TR-0037,img_train_0037_var05,train,833.05,106.5,90.0,68.7,39.29,3.24,14.8,34.0,35.7,41.6,57.07,0.197,28.1,25.7,33.5,36.5
CHEM-TR-0037,img_train_0037_var06,train,833.05,108.0,90.1,69.4,39.5,3.97,14.69,34.0,35.7,42.0,56.89,0.1,36.81,32.5,56.5,19.4
CHEM-TR-0037,img_train_0037_var07,train,833.05,108.5,90.7,69.9,39.74,3.87,14.7,32.0,36.1,42.4,56.65,0.243,26.51,24.4,78.0,7.8
CHEM-TR-0037,img_train_0037_var08,train,833.05,118.0,101.0,89.0,44.06,4.72,9.3,24.0,24.7,46.3,52.11,0.1,47.4,27.4,64.7,12.7
CHEM-TR-0037,img_train_0037_var09,train,833.05,112.3,92.8,70.8,40.76,4.42,15.64,32.0,37.6,43.9,55.78,0.949,1.79,33.2,38.9,23.2
CHEM-TR-0037,img_train_0037_var10,train,833.05,101.8,84.5,63.7,37.11,3.79,14.79,34.0,37.6,39.6,59.27,0.1,41.96,23.3,69.4,34.0
CHEM-TR-0038,img_train_0038_var01,train,665.53,125.2,108.8,85.8,46.89,2.7,15.26,34.0,32.2,49.0,49.56,0.1,35.1,22.8,47.4,6.6
CHEM-TR-0038,img_train_0038_var02,train,665.53,130.5,110.7,87.9,48.0,4.11,15.64,32.0,32.9,51.0,48.59,0.98,0.7,19.6,47.6,24.8
CHEM-TR-0038,img_train_0038_var03,train,665.53,129.6,111.6,88.5,48.17,3.31,15.48,34.0,31.8,50.6,48.35,0.1,40.56,26.8,37.3,32.1
CHEM-TR-0038,img_train_0038_var04,train,665.53,132.9,111.4,88.9,48.47,4.92,15.68,32.0,33.3,51.8,48.2,0.1,40.89,28.5,46.1,20.6
CHEM-TR-0038,img_train_0038_var05,train,665.53,129.0,111.1,87.5,47.96,3.18,15.76,36.0,32.2,50.2,48.59,0.964,1.27,21.6,49.8,30.6
CHEM-TR-0038,img_train_0038_var06,train,665.53,125.2,108.4,85.8,46.78,2.92,15.08,34.0,32.2,49.0,49.65,0.1,34.57,23.7,32.2,23.7
CHEM-TR-0038,img_train_0038_var07,train,665.53,126.6,109.2,87.0,47.17,3.25,14.92,34.0,31.0,49.4,49.26,0.384,21.57,32.6,38.0,19.2
CHEM-TR-0038,img_train_0038_var08,train,665.53,133.0,123.0,106.0,52.06,0.83,10.69,38.0,20.4,52.2,43.97,0.1,32.7,23.6,51.8,29.9
CHEM-TR-0038,img_train_0038_var09,train,665.53,129.7,110.8,87.4,47.93,3.67,15.78,32.0,32.5,50.6,48.65,0.92,2.79,26.5,40.1,34.9
CHEM-TR-0038,img_train_0038_var10,train,665.53,129.5,112.0,87.5,48.23,2.91,16.17,34.0,32.5,50.6,48.37,0.116,30.94,26.7,62.1,32.2
CHEM-TR-0039,img_train_0039_var01,train,6.17,242.9,237.8,219.9,93.98,-1.27,9.24,46.0,9.4,94.9,2.7,0.517,16.91,26.2,79.1,29.9
CHEM-TR-0039,img_train_0039_var02,train,6.17,241.5,237.3,221.4,93.79,-1.31,8.2,48.0,8.2,94.5,2.97,0.977,0.79,21.9,41.7,16.2
CHEM-TR-0039,img_train_0039_var03,train,6.17,243.6,239.0,233.3,94.65,0.55,3.28,30.0,3.9,95.3,5.88,0.985,0.52,28.8,53.2,34.7
CHEM-TR-0039,img_train_0039_var05,train,6.17,242.0,236.4,220.9,93.57,-0.73,8.16,46.0,8.6,94.5,2.85,0.959,1.43,29.0,36.4,27.3
CHEM-TR-0039,img_train_0039_var06,train,6.17,242.9,238.0,219.7,94.03,-1.44,9.45,50.0,9.4,94.9,2.8,0.566,15.2,23.8,38.2,33.8
CHEM-TR-0039,img_train_0039_var07,train,6.17,243.7,238.5,220.0,94.22,-1.35,9.57,48.0,9.8,95.3,2.63,0.969,1.08,24.1,45.4,16.2
CHEM-TR-0039,img_train_0039_var08,train,6.17,240.9,233.1,216.9,92.59,-0.1,8.79,42.0,10.2,94.1,3.47,0.994,0.22,23.4,44.9,14.4
CHEM-TR-0039,img_train_0039_var09,train,6.17,241.8,237.8,220.8,93.93,-1.54,8.73,48.0,8.6,94.5,2.92,0.939,2.12,30.8,34.8,33.3
CHEM-TR-0039,img_train_0039_var10,train,6.17,227.2,224.3,209.4,89.14,-1.57,7.61,50.0,7.8,89.0,7.3,0.154,29.62,34.8,51.5,23.6
CHEM-TR-0040,img_train_0040_var02,train,1465.99,69.0,53.4,37.2,23.61,4.39,12.85,30.0,46.3,27.1,72.6,0.1,52.74,33.2,34.2,7.4
CHEM-TR-0040,img_train_0040_var03,train,1465.99,77.8,62.2,84.8,28.71,11.6,-11.03,280.0,26.3,32.9,71.08,0.983,0.6,22.2,42.7,38.6
CHEM-TR-0040,img_train_0040_var04,train,1465.99,67.1,48.3,30.9,21.69,5.99,14.41,30.0,55.3,26.3,74.71,0.988,0.43,30.0,78.9,27.3
CHEM-TR-0040,img_train_0040_var05,train,1465.99,67.1,48.0,33.6,21.68,6.51,12.61,26.0,50.6,26.3,74.65,0.1,34.99,27.0,31.8,14.3
CHEM-TR-0040,img_train_0040_var06,train,1465.99,67.2,49.3,34.6,22.08,5.84,12.5,28.0,49.4,26.3,74.2,0.1,54.23,28.0,50.7,29.8
CHEM-TR-0040,img_train_0040_var07,train,1465.99,65.3,48.2,32.3,21.47,5.31,13.17,30.0,50.6,25.5,74.8,0.1,43.64,25.4,42.9,31.1
CHEM-TR-0040,img_train_0040_var08,train,1465.99,75.0,59.0,45.0,26.2,4.71,11.35,28.0,40.0,29.4,69.97,0.1,50.29,20.5,69.3,29.4
CHEM-TR-0040,img_train_0040_var09,train,1465.99,66.9,49.9,33.9,22.23,5.16,13.14,30.0,49.8,25.9,74.03,0.1,47.21,20.6,46.9,4.4
CHEM-TR-0040,img_train_0040_var10,train,1465.99,69.6,52.3,34.0,23.29,4.92,14.55,32.0,52.2,27.1,73.06,0.1,47.72,30.7,32.7,5.9
CHEM-TR-0041,img_train_0041_var01,train,342.82,171.0,157.3,134.9,65.44,1.3,13.51,38.0,21.2,66.7,30.9,0.435,19.77,29.8,57.5,15.2
CHEM-TR-0041,img_train_0041_var02,train,342.82,177.3,160.3,135.5,66.83,2.19,15.24,36.0,23.9,69.4,29.88,0.98,0.71,24.2,31.6,28.2
CHEM-TR-0041,img_train_0041_var03,train,342.82,166.4,153.1,106.8,63.35,-2.17,26.14,48.0,36.1,65.1,36.97,0.947,1.86,20.3,75.6,18.2
CHEM-TR-0041,img_train_0041_var04,train,342.82,181.6,165.5,143.1,68.73,2.17,13.74,34.0,21.2,71.0,27.73,0.985,0.52,26.7,62.8,9.2
CHEM-TR-0041,img_train_0041_var05,train,342.82,170.3,155.4,133.3,64.85,1.81,13.57,36.0,22.0,66.7,31.51,0.966,1.19,30.3,52.3,21.3
CHEM-TR-0041,img_train_0041_var06,train,342.82,171.6,157.4,135.5,65.54,1.55,13.32,36.0,21.2,67.1,30.78,0.463,18.8,24.2,57.0,5.1
CHEM-TR-0041,img_train_0041_var07,train,342.82,174.4,159.3,136.3,66.32,1.74,14.04,36.0,22.0,68.2,30.13,0.969,1.09,27.8,31.1,12.3
CHEM-TR-0041,img_train_0041_var08,train,342.82,169.0,167.0,159.0,68.44,-0.75,4.39,48.0,5.9,66.3,27.97,0.921,2.78,28.8,52.2,13.5
CHEM-TR-0041,img_train_0041_var09,train,342.82,174.3,159.4,135.1,66.32,1.46,14.67,36.0,22.4,68.2,30.23,0.951,1.71,21.7,65.0,28.0
CHEM-TR-0041,img_train_0041_var10,train,342.82,165.1,152.2,129.9,63.47,1.03,13.46,38.0,22.0,64.7,32.84,0.979,0.74,32.5,67.3,34.0
CHEM-TR-0042,img_train_0042_var02,train,1779.0,59.3,42.8,28.9,18.99,5.46,12.04,28.0,52.5,23.1,77.23,0.977,0.81,27.3,48.1,24.2
CHEM-TR-0042,img_train_0042_var05,train,1779.0,53.4,38.5,26.2,16.82,5.02,10.87,26.0,51.0,20.8,79.33,0.1,35.95,27.4,30.7,5.1
CHEM-TR-0042,img_train_0042_var07,train,1779.0,58.5,42.5,27.7,18.76,5.11,12.55,30.0,53.3,22.7,77.46,0.1,37.56,31.5,56.0,32.1
CHEM-TR-0042,img_train_0042_var08,train,1779.0,62.0,48.0,37.0,21.1,4.47,9.46,26.0,40.4,24.3,75.01,0.1,53.81,25.8,43.9,28.5
CHEM-TR-0042,img_train_0042_var09,train,1779.0,53.9,39.0,25.4,17.03,4.83,11.7,30.0,52.9,20.8,79.13,0.953,1.64,19.3,75.8,29.2
CHEM-TR-0043,img_train_0043_var01,train,0.0,244.8,239.8,222.3,94.69,-1.3,9.08,46.0,9.0,95.7,2.23,0.465,18.74,21.4,42.2,23.1
CHEM-TR-0043,img_train_0043_var02,train,0.0,243.8,239.3,222.8,94.5,-1.28,8.49,48.0,8.6,95.3,2.38,0.981,0.66,24.3,64.3,9.5
CHEM-TR-0043,img_train_0043_var03,train,0.0,246.0,239.5,232.9,94.96,1.04,3.95,30.0,5.9,96.5,5.18,0.779,7.75,24.9,62.7,29.3
CHEM-TR-0043,img_train_0043_var05,train,0.0,245.7,241.5,221.2,95.14,-1.96,10.3,50.0,9.8,96.1,2.91,0.963,1.3,29.0,48.9,25.2
CHEM-TR-0043,img_train_0043_var06,train,0.0,245.6,239.8,221.9,94.73,-1.02,9.31,46.0,9.8,96.1,2.0,0.524,16.66,28.3,53.4,30.1
CHEM-TR-0043,img_train_0043_var07,train,0.0,244.8,240.5,223.9,94.89,-1.36,8.52,48.0,8.6,95.7,2.22,0.965,1.22,33.9,45.0,21.4
CHEM-TR-0043,img_train_0043_var09,train,0.0,244.6,240.2,222.7,94.77,-1.47,8.97,50.0,9.0,95.7,2.32,0.582,14.62,23.0,50.4,38.4
CHEM-TR-0043,img_train_0043_var10,train,0.0,246.0,241.8,227.0,95.38,-1.11,7.62,46.0,7.5,96.1,2.21,0.976,0.83,20.1,38.1,33.5
CHEM-TR-0044,img_train_0044_var02,train,1571.23,62.7,45.3,30.9,20.22,5.8,12.41,28.0,51.8,24.3,76.04,0.1,49.73,31.9,58.2,22.7
CHEM-TR-0044,img_train_0044_var03,train,1571.23,68.0,56.9,84.1,26.12,11.2,-14.62,264.0,33.3,32.9,74.54,0.985,0.53,31.0,47.7,33.9
CHEM-TR-0044,img_train_0044_var05,train,1571.23,66.2,47.8,31.4,21.43,5.91,13.72,28.0,52.9,25.9,74.91,0.959,1.42,32.7,30.9,36.6
CHEM-TR-0044,img_train_0044_var06,train,1571.23,67.8,50.2,33.2,22.4,5.38,13.87,30.0,50.6,26.3,73.92,0.986,0.49,27.7,43.9,30.7
CHEM-TR-0044,img_train_0044_var07,train,1571.23,65.3,47.1,30.9,21.1,5.87,13.62,30.0,53.7,25.5,75.23,0.1,36.89,24.9,73.3,21.7
CHEM-TR-0044,img_train_0044_var08,train,1571.23,69.0,54.0,41.0,23.88,4.5,10.71,28.0,40.4,27.1,72.25,0.1,51.69,25.5,51.9,30.8
CHEM-TR-0044,img_train_0044_var09,train,1571.23,66.6,49.6,33.0,22.06,5.15,13.52,30.0,51.4,25.9,74.22,0.951,1.71,23.0,34.8,11.0
CHEM-TR-0044,img_train_0044_var10,train,1571.23,57.3,40.1,24.2,17.79,5.67,13.6,30.0,58.0,22.4,78.52,0.1,51.96,25.4,70.9,28.3
CHEM-TR-0045,img_train_0045_var01,train,57.2,230.7,223.0,203.6,88.94,-0.59,10.45,42.0,11.8,90.2,7.29,0.572,14.96,31.4,51.7,8.9
CHEM-TR-0045,img_train_0045_var02,train,57.2,228.8,221.2,203.4,88.35,-0.45,9.67,44.0,11.0,89.4,7.74,0.975,0.88,29.3,78.2,14.2
CHEM-TR-0045,img_train_0045_var05,train,57.2,231.3,222.8,202.6,88.92,-0.47,10.94,42.0,12.5,90.6,7.4,0.96,1.41,26.6,59.2,18.7
CHEM-TR-0045,img_train_0045_var06,train,57.2,229.3,222.1,204.3,88.63,-0.56,9.62,44.0,11.0,89.8,7.47,0.611,13.6,19.1,34.1,14.6
CHEM-TR-0045,img_train_0045_var07,train,57.2,232.1,223.6,204.6,89.24,-0.27,10.34,40.0,12.2,91.0,6.93,0.895,3.68,27.9,59.4,10.8
CHEM-TR-0045,img_train_0045_var09,train,57.2,231.7,223.7,205.1,89.24,-0.4,10.1,42.0,11.4,90.6,6.91,0.938,2.15,33.0,63.3,37.0
CHEM-TR-0045,img_train_0045_var10,train,57.2,220.9,215.7,199.7,86.25,-0.97,8.54,46.0,9.4,86.3,9.87,0.281,25.17,19.3,44.1,17.8
CHEM-TR-0046,img_train_0046_var01,train,223.33,193.1,181.4,161.2,74.29,0.76,11.82,38.0,16.5,75.7,21.89,0.587,14.44,32.8,31.1,21.8
CHEM-TR-0046,img_train_0046_var02,train,223.33,197.0,182.9,161.0,75.0,1.38,12.96,36.0,18.4,76.9,21.39,0.983,0.58,34.0,55.7,30.5
CHEM-TR-0046,img_train_0046_var03,train,223.33,196.2,182.7,159.7,74.84,1.0,13.44,38.0,18.8,76.9,21.63,0.985,0.54,28.5,33.0,35.8
CHEM-TR-0046,img_train_0046_var04,train,223.33,202.5,190.3,168.7,77.54,0.73,12.43,38.0,16.9,79.2,18.78,0.982,0.64,22.3,41.6,31.8
CHEM-TR-0046,img_train_0046_var05,train,223.33,196.3,182.8,160.3,74.9,1.08,13.19,36.0,18.4,76.9,21.52,0.962,1.32,24.7,36.5,36.3
CHEM-TR-0046,img_train_0046_var06,train,223.33,192.9,181.4,160.4,74.25,0.56,12.19,40.0,16.9,75.3,21.98,0.612,13.58,20.5,55.5,36.9
CHEM-TR-0046,img_train_0046_var07,train,223.33,192.7,180.7,161.7,74.07,1.09,11.23,36.0,16.1,75.3,22.05,0.966,1.19,25.0,45.5,35.0
CHEM-TR-0046,img_train_0046_var08,train,223.33,193.0,196.0,191.0,78.8,-1.95,2.14,96.0,2.7,76.9,18.68,0.98,0.7,34.5,43.6,17.7
CHEM-TR-0046,img_train_0046_var09,train,223.33,195.9,182.9,160.2,74.88,0.86,13.23,38.0,18.0,76.5,21.54,0.588,14.43,31.5,65.5,10.6
CHEM-TR-0046,img_train_0046_var10,train,223.33,193.4,182.1,162.2,74.52,0.67,11.57,38.0,16.1,75.7,21.63,0.978,0.75,23.0,37.0,32.0
CHEM-TR-0047,img_train_0047_var01,train,688.07,123.4,105.8,83.7,45.84,3.32,15.04,34.0,32.5,48.2,50.6,0.1,40.94,32.9,43.5,37.7
CHEM-TR-0047,img_train_0047_var02,train,688.07,123.1,105.7,83.8,45.79,3.31,14.86,34.0,32.5,48.2,50.63,0.1,32.34,19.4,59.7,23.4
CHEM-TR-0047,img_train_0047_var03,train,688.07,116.3,98.8,24.3,42.28,-1.39,42.13,48.0,79.2,45.5,63.14,0.1,40.64,28.7,63.4,8.9
CHEM-TR-0047,img_train_0047_var04,train,688.07,133.0,112.1,89.0,48.66,4.58,15.91,32.0,33.7,52.2,48.02,0.1,41.18,23.5,77.4,17.8
CHEM-TR-0047,img_train_0047_var05,train,688.07,122.8,105.3,84.5,45.63,3.53,14.25,34.0,31.0,47.8,50.73,0.285,25.01,27.2,43.6,12.1
CHEM-TR-0047,img_train_0047_var06,train,688.07,127.7,109.0,85.8,47.2,3.68,15.7,32.0,32.9,49.8,49.36,0.988,0.42,31.7,51.7,23.3
CHEM-TR-0047,img_train_0047_var07,train,688.07,124.3,106.2,83.7,46.05,3.53,15.31,34.0,32.9,48.6,50.44,0.376,21.84,25.0,63.8,36.6
CHEM-TR-0047,img_train_0047_var08,train,688.07,133.0,117.0,105.0,50.37,4.13,8.89,26.0,21.2,52.2,45.77,0.1,40.37,30.0,66.3,24.1
CHEM-TR-0047,img_train_0047_var09,train,688.07,122.7,105.7,84.2,45.73,3.24,14.58,34.0,31.0,47.8,50.65,0.164,29.27,30.6,48.7,35.3
CHEM-TR-0047,img_train_0047_var10,train,688.07,127.7,108.6,85.9,47.09,3.86,15.53,32.0,32.9,49.8,49.46,0.1,31.7,25.6,57.7,32.6
CHEM-TR-0048,img_train_0048_var01,train,666.4,130.0,111.9,87.8,48.29,3.21,16.04,34.0,32.9,51.0,48.3,0.1,34.73,20.5,41.0,37.2
CHEM-TR-0048,img_train_0048_var02,train,666.4,124.3,108.6,86.0,46.76,2.46,14.93,34.0,30.6,48.6,49.63,0.1,31.54,29.8,35.1,30.1
CHEM-TR-0048,img_train_0048_var03,train,666.4,135.5,116.1,123.1,50.84,8.81,-1.06,338.0,14.1,52.9,47.01,0.985,0.54,27.3,74.5,8.5
CHEM-TR-0048,img_train_0048_var04,train,666.4,130.0,109.9,87.6,47.73,4.34,15.41,30.0,32.9,51.0,48.84,0.1,42.65,23.7,69.5,13.8
CHEM-TR-0048,img_train_0048_var05,train,666.4,128.6,111.1,85.4,47.87,2.75,16.85,36.0,33.7,50.2,48.82,0.963,1.29,19.3,47.4,8.5
CHEM-TR-0048,img_train_0048_var06,train,666.4,124.9,108.0,85.6,46.64,2.96,15.03,36.0,31.4,48.6,49.79,0.1,32.82,31.6,36.2,8.6
CHEM-TR-0048,img_train_0048_var07,train,666.4,125.9,108.6,86.7,46.92,3.21,14.79,34.0,31.4,49.0,49.49,0.37,22.05,31.3,45.8,36.0
CHEM-TR-0048,img_train_0048_var08,train,666.4,138.1,161.2,218.1,66.54,5.74,-31.46,222.0,36.9,85.5,50.32,0.1,36.36,22.2,32.4,38.7
CHEM-TR-0048,img_train_0048_var09,train,666.4,129.9,110.8,87.6,47.97,3.79,15.72,32.0,32.5,50.6,48.61,0.948,1.83,21.3,71.3,29.0
CHEM-TR-0048,img_train_0048_var10,train,666.4,116.8,100.7,78.9,43.63,2.84,14.75,34.0,32.9,45.5,52.74,0.123,30.7,21.5,35.5,11.6
CHEM-TR-0049,img_train_0049_var01,train,952.61,102.5,84.0,61.6,36.99,4.16,15.98,32.0,40.4,40.0,59.53,0.986,0.5,32.8,62.1,19.2
CHEM-TR-0049,img_train_0049_var02,train,952.61,102.1,83.8,62.0,36.91,4.1,15.6,32.0,40.4,40.0,59.57,0.1,41.45,21.8,77.0,34.5
CHEM-TR-0049,img_train_0049_var03,train,952.61,97.8,79.4,56.4,35.06,4.08,16.5,34.0,42.4,38.0,61.5,0.1,52.04,34.5,69.4,19.4
CHEM-TR-0049,img_train_0049_var04,train,952.61,104.9,83.3,60.1,37.04,5.43,17.01,32.0,42.4,40.8,59.71,0.991,0.33,25.7,38.8,27.5
CHEM-TR-0049,img_train_0049_var05,train,952.61,102.6,81.9,59.9,36.39,5.22,16.17,30.0,42.4,40.0,60.22,0.961,1.36,25.9,58.3,18.4
CHEM-TR-0049,img_train_0049_var06,train,952.61,98.0,79.6,59.5,35.21,4.43,14.8,32.0,39.2,38.0,61.19,0.1,40.17,19.3,57.7,14.8
CHEM-TR-0049,img_train_0049_var07,train,952.61,97.8,79.7,58.2,35.18,4.12,15.55,32.0,40.4,38.0,61.28,0.192,28.29,34.1,34.9,27.3
CHEM-TR-0049,img_train_0049_var08,train,952.61,102.0,89.0,76.0,38.71,2.99,9.47,30.0,25.5,40.0,57.35,0.1,39.69,21.6,73.4,5.0
CHEM-TR-0049,img_train_0049_var09,train,952.61,101.4,82.5,60.5,36.44,4.38,15.86,32.0,40.8,39.6,60.08,0.945,1.94,32.4,66.7,7.1
CHEM-TR-0049,img_train_0049_var10,train,952.61,100.9,83.0,60.4,36.53,3.83,16.07,34.0,40.0,39.2,59.98,0.1,40.08,34.3,66.3,29.5
CHEM-TR-0050,img_train_0050_var01,train,693.19,126.9,108.8,85.0,47.04,3.29,15.98,34.0,33.3,49.4,49.53,0.1,36.43,32.4,46.5,13.5
CHEM-TR-0050,img_train_0050_var02,train,693.19,127.0,108.2,85.2,46.9,3.73,15.61,34.0,32.5,49.4,49.65,0.978,0.76,25.3,32.5,13.4
CHEM-TR-0050,img_train_0050_var03,train,693.19,126.7,108.2,84.7,46.84,3.54,15.85,34.0,33.3,49.4,49.73,0.983,0.59,25.2,50.0,17.5
CHEM-TR-0050,img_train_0050_var04,train,693.19,128.2,107.4,84.9,46.8,4.63,15.7,32.0,34.5,50.2,49.83,0.1,42.91,30.7,68.5,24.5
CHEM-TR-0050,img_train_0050_var05,train,693.19,125.6,107.4,83.7,46.5,3.34,15.99,34.0,33.7,49.0,50.07,0.961,1.35,31.4,45.0,14.4
CHEM-TR-0050,img_train_0050_var06,train,693.19,121.7,105.1,82.5,45.44,2.89,15.16,36.0,32.2,47.5,50.99,0.1,33.27,31.8,51.5,22.6
CHEM-TR-0050,img_train_0050_var07,train,693.19,126.2,108.9,84.6,47.0,2.87,16.11,34.0,33.3,49.4,49.57,0.316,23.94,20.7,49.1,4.5
CHEM-TR-0050,img_train_0050_var08,train,693.19,132.0,122.0,104.0,51.64,0.68,11.25,38.0,21.2,51.8,44.42,0.1,42.13,19.0,47.9,9.1
CHEM-TR-0050,img_train_0050_var09,train,693.19,121.5,105.1,82.5,45.41,2.84,15.13,36.0,32.2,47.5,51.01,0.121,30.75,21.1,57.2,28.8
CHEM-TR-0050,img_train_0050_var10,train,693.19,127.2,108.4,85.0,46.98,3.65,15.84,32.0,32.9,49.8,49.6,0.1,35.96,29.2,31.2,31.6
CHEM-TR-0051,img_train_0051_var01,train,158.1,208.4,197.9,175.7,80.16,-0.04,12.45,40.0,15.7,81.6,16.22,0.99,0.35,24.5,73.1,30.4
CHEM-TR-0051,img_train_0051_var02,train,158.1,211.5,197.7,176.5,80.38,1.33,12.37,36.0,16.5,82.7,16.0,0.98,0.71,28.9,56.7,37.6
CHEM-TR-0051,img_train_0051_var03,train,158.1,209.1,197.3,193.3,80.46,3.46,3.45,16.0,7.8,82.0,16.76,0.982,0.62,22.4,79.2,24.6
CHEM-TR-0051,img_train_0051_var04,train,158.1,227.2,215.8,194.1,86.64,0.35,12.11,38.0,14.5,89.0,9.86,0.655,12.07,28.1,37.2,29.1
CHEM-TR-0051,img_train_0051_var05,train,158.1,205.7,195.0,175.7,79.19,0.5,11.05,40.0,14.5,80.4,16.93,0.961,1.37,20.3,75.9,21.8
CHEM-TR-0051,img_train_0051_var06,train,158.1,206.8,196.7,177.0,79.73,0.23,11.18,40.0,14.5,80.8,16.42,0.615,13.49,30.2,52.3,10.0
CHEM-TR-0051,img_train_0051_var07,train,158.1,209.2,198.1,177.2,80.29,0.4,11.84,40.0,15.3,82.0,15.96,0.654,12.1,22.7,42.7,19.0
CHEM-TR-0051,img_train_0051_var08,train,158.1,209.0,209.0,214.0,83.97,0.92,-2.47,240.0,2.4,83.9,16.63,0.982,0.62,27.1,47.3,38.5
CHEM-TR-0051,img_train_0051_var09,train,158.1,205.5,196.3,176.5,79.53,-0.14,11.09,42.0,14.1,80.4,16.61,0.667,11.64,25.8,34.7,35.3
CHEM-TR-0051,img_train_0051_var10,train,158.1,194.0,186.1,166.9,75.71,-0.51,10.72,44.0,14.1,75.7,20.39,0.981,0.66,19.3,34.4,22.8
CHEM-TR-0052,img_train_0052_var01,train,528.19,146.7,129.5,105.5,55.1,2.66,15.39,36.0,28.2,57.3,41.45,0.989,0.39,29.2,72.8,4.1
CHEM-TR-0052,img_train_0052_var02,train,528.19,148.7,129.9,105.9,55.42,3.28,15.64,34.0,29.0,58.0,41.21,0.19,28.36,27.4,34.0,27.6
CHEM-TR-0052,img_train_0052_var03,train,528.19,160.4,159.3,216.9,67.6,12.93,-29.08,242.0,26.3,84.7,49.1,0.1,33.4,33.5,53.1,6.7
CHEM-TR-0052,img_train_0052_var04,train,528.19,150.5,130.8,108.7,55.9,3.93,14.73,32.0,27.8,58.8,40.65,0.982,0.62,30.1,70.1,17.4
CHEM-TR-0052,img_train_0052_var05,train,528.19,141.6,126.0,103.8,53.63,2.28,14.28,34.0,27.1,55.3,42.73,0.46,18.91,32.9,43.7,36.0
CHEM-TR-0052,img_train_0052_var06,train,528.19,147.0,129.1,106.4,55.06,3.12,14.83,34.0,27.8,57.6,41.44,0.986,0.49,30.0,72.7,9.3
CHEM-TR-0052,img_train_0052_var07,train,528.19,146.9,129.2,104.9,55.03,2.8,15.68,36.0,28.6,57.3,41.57,0.967,1.15,32.8,37.9,11.8
CHEM-TR-0052,img_train_0052_var08,train,528.19,166.6,160.9,181.6,67.26,6.12,-9.94,258.0,11.8,71.0,34.88,0.263,25.8,29.0,76.9,18.7
CHEM-TR-0052,img_train_0052_var09,train,528.19,142.7,127.2,103.4,54.05,2.0,15.08,36.0,27.5,55.7,42.41,0.314,24.01,28.3,77.4,20.2
CHEM-TR-0052,img_train_0052_var10,train,528.19,144.8,129.2,106.3,54.85,2.16,14.59,36.0,26.3,56.5,41.56,0.313,24.05,27.5,51.7,16.1
CHEM-TR-0053,img_train_0053_var01,train,1171.29,86.4,69.2,48.9,30.65,4.15,15.03,34.0,44.3,33.7,65.73,0.985,0.52,20.4,59.3,36.9
CHEM-TR-0053,img_train_0053_var02,train,1171.29,80.0,63.7,44.4,28.18,4.0,14.48,32.0,45.1,31.4,68.13,0.1,46.79,33.3,63.4,5.8
CHEM-TR-0053,img_train_0053_var03,train,1171.29,106.4,106.8,187.6,48.48,20.74,-42.7,240.0,43.1,73.3,73.08,0.1,52.08,25.2,75.5,29.2
CHEM-TR-0053,img_train_0053_var04,train,1171.29,86.2,65.4,45.3,29.42,5.99,15.71,30.0,47.8,33.7,67.14,0.992,0.27,34.7,40.2,12.7
CHEM-TR-0053,img_train_0053_var05,train,1171.29,85.4,67.2,46.8,29.88,4.69,15.32,32.0,45.9,33.3,66.55,0.958,1.47,24.3,77.0,27.5
CHEM-TR-0053,img_train_0053_var06,train,1171.29,86.4,68.7,49.3,30.5,4.5,14.6,30.0,43.1,33.7,65.86,0.1,54.92,33.2,58.6,36.8
CHEM-TR-0053,img_train_0053_var07,train,1171.29,86.3,67.8,47.6,30.19,4.78,15.25,30.0,45.5,33.7,66.24,0.1,34.1,30.0,71.6,8.4
CHEM-TR-0053,img_train_0053_var09,train,1171.29,85.8,67.2,47.6,29.97,4.93,14.93,32.0,44.7,33.3,66.44,0.95,1.76,25.1,33.9,8.2
CHEM-TR-0053,img_train_0053_var10,train,1171.29,71.0,55.1,36.6,24.37,4.12,14.26,34.0,48.6,27.5,71.91,0.1,41.83,31.9,37.2,14.5
CHEM-TR-0054,img_train_0054_var01,train,1232.64,78.4,60.6,43.0,27.05,5.03,13.83,30.0,44.7,30.6,69.27,0.1,52.54,19.8,74.4,23.9
CHEM-TR-0054,img_train_0054_var02,train,1232.64,78.2,60.5,43.6,27.0,5.08,13.38,30.0,44.7,30.6,69.29,0.1,44.64,24.2,47.9,14.3
CHEM-TR-0054,img_train_0054_var03,train,1232.64,102.5,90.1,135.1,41.11,15.22,-23.26,256.0,33.3,52.9,65.35,0.1,54.97,30.9,39.0,17.9
CHEM-TR-0054,img_train_0054_var05,train,1232.64,82.8,64.1,44.4,28.62,5.09,15.11,32.0,46.3,32.2,67.81,0.96,1.39,22.9,62.0,38.6
CHEM-TR-0054,img_train_0054_var06,train,1232.64,78.1,61.4,42.7,27.24,4.29,14.28,32.0,46.3,30.6,69.07,0.1,49.67,27.9,72.2,27.5
CHEM-TR-0054,img_train_0054_var07,train,1232.64,76.6,59.2,40.8,26.36,4.78,14.29,32.0,47.5,29.8,69.97,0.1,41.94,30.9,66.2,30.9
CHEM-TR-0054,img_train_0054_var08,train,1232.64,88.0,72.0,58.0,31.84,4.42,10.95,28.0,34.1,34.5,64.31,0.1,48.1,20.2,46.7,13.3
CHEM-TR-0054,img_train_0054_var09,train,1232.64,78.2,59.8,42.8,26.76,5.43,13.57,28.0,46.3,30.6,69.57,0.1,41.57,24.7,51.1,5.8
CHEM-TR-0054,img_train_0054_var10,train,1232.64,70.4,52.9,35.7,23.61,5.18,13.85,30.0,49.8,27.5,72.7,0.1,43.24,29.3,58.7,35.3
CHEM-TR-0055,img_train_0055_var01,train,170.92,203.3,193.5,172.2,78.51,-0.14,11.93,40.0,15.3,79.6,17.75,0.594,14.21,24.1,55.7,27.9
CHEM-TR-0055,img_train_0055_var02,train,170.92,207.5,194.7,173.7,79.2,1.02,12.16,38.0,16.5,81.2,17.1,0.976,0.82,32.8,58.1,20.0
CHEM-TR-0055,img_train_0055_var03,train,170.92,210.2,202.8,212.2,82.45,4.27,-3.76,288.0,4.7,83.1,18.99,0.653,12.16,31.2,42.9,22.7
CHEM-TR-0055,img_train_0055_var04,train,170.92,218.6,204.4,182.6,82.8,1.34,12.66,36.0,16.5,85.5,13.72,0.982,0.62,21.9,33.7,17.1
CHEM-TR-0055,img_train_0055_var05,train,170.92,202.2,192.6,172.4,78.19,-0.07,11.4,40.0,14.9,79.2,17.98,0.958,1.46,28.8,69.1,29.7
CHEM-TR-0055,img_train_0055_var06,train,170.92,206.5,194.8,173.3,79.15,0.52,12.32,38.0,16.1,80.8,17.17,0.61,13.65,31.3,79.0,31.5
CHEM-TR-0055,img_train_0055_var07,train,170.92,206.5,195.5,173.6,79.31,0.25,12.35,40.0,16.1,80.8,17.02,0.967,1.14,29.0,76.4,23.1
CHEM-TR-0055,img_train_0055_var08,train,170.92,213.0,211.0,211.0,84.71,0.68,0.24,0.0,0.8,83.5,14.29,0.755,8.58,26.9,78.9,8.4
CHEM-TR-0055,img_train_0055_var09,train,170.92,206.7,195.5,172.9,79.33,0.16,12.78,40.0,16.5,80.8,17.1,0.953,1.65,25.8,55.0,36.6
CHEM-TR-0055,img_train_0055_var10,train,170.92,197.8,187.6,167.5,76.42,0.19,11.47,40.0,15.3,77.3,19.74,0.33,23.45,30.1,65.3,23.8
CHEM-TR-0056,img_train_0056_var01,train,2.34,243.0,239.0,222.8,94.35,-1.41,8.32,48.0,8.2,94.9,2.61,0.558,15.47,33.9,69.4,29.1
CHEM-TR-0056,img_train_0056_var02,train,2.34,242.1,240.0,221.0,94.51,-2.52,9.46,54.0,9.0,94.9,3.4,0.987,0.45,31.9,79.8,18.3
CHEM-TR-0056,img_train_0056_var03,train,2.34,244.4,239.5,232.2,94.82,0.38,4.13,36.0,5.1,95.7,5.01,0.979,0.73,34.7,77.0,26.3
CHEM-TR-0056,img_train_0056_var05,train,2.34,244.1,239.0,220.4,94.37,-1.4,9.57,46.0,9.8,95.7,2.57,0.958,1.47,20.0,43.0,23.5
CHEM-TR-0056,img_train_0056_var06,train,2.34,242.5,238.9,222.2,94.28,-1.59,8.49,48.0,8.2,94.9,2.75,0.539,16.13,20.2,44.3,17.0
CHEM-TR-0056,img_train_0056_var07,train,2.34,243.6,238.8,222.1,94.33,-1.19,8.63,46.0,8.6,95.3,2.4,0.968,1.13,19.9,47.9,26.4
CHEM-TR-0056,img_train_0056_var08,train,2.34,241.0,233.0,216.6,92.55,-0.04,8.91,40.0,10.2,94.1,3.49,0.992,0.26,23.5,65.6,16.8
CHEM-TR-0056,img_train_0056_var09,train,2.34,243.6,239.0,222.4,94.39,-1.27,8.58,48.0,8.6,95.3,2.43,0.596,14.15,20.0,67.6,8.8
CHEM-TR-0056,img_train_0056_var10,train,2.34,230.9,229.8,215.8,90.96,-2.06,6.96,56.0,6.7,90.2,6.01,0.977,0.82,31.8,69.4,14.5
CHEM-TR-0057,img_train_0057_var01,train,0.0,245.0,239.9,221.5,94.71,-1.37,9.49,46.0,9.8,96.1,2.32,0.504,17.36,28.9,44.9,28.7
CHEM-TR-0057,img_train_0057_var02,train,0.0,242.6,240.2,222.2,94.62,-2.23,8.99,54.0,8.2,94.9,3.06,0.986,0.49,25.1,66.7,10.8
CHEM-TR-0057,img_train_0057_var03,train,0.0,245.0,237.9,229.2,94.39,0.89,5.04,32.0,6.3,95.7,4.29,0.573,14.94,24.8,59.9,27.5
CHEM-TR-0057,img_train_0057_var05,train,0.0,244.6,240.0,221.6,94.7,-1.56,9.44,46.0,9.4,95.7,2.48,0.965,1.24,33.5,70.4,18.9
CHEM-TR-0057,img_train_0057_var06,train,0.0,243.8,239.9,223.3,94.66,-1.51,8.47,48.0,8.2,95.3,2.47,0.564,15.27,20.4,53.7,21.8
CHEM-TR-0057,img_train_0057_var07,train,0.0,244.9,239.7,222.7,94.67,-1.13,8.81,46.0,9.0,95.7,2.11,0.537,16.22,29.2,55.2,24.7
CHEM-TR-0057,img_train_0057_var09,train,0.0,245.5,241.5,222.4,95.15,-1.86,9.66,50.0,9.4,96.1,2.59,0.94,2.09,22.2,43.1,4.1
CHEM-TR-0057,img_train_0057_var10,train,0.0,232.2,230.5,217.1,91.26,-1.71,6.72,52.0,6.3,91.0,5.71,0.149,29.79,26.0,52.2,11.7
CHEM-TR-0058,img_train_0058_var02,train,1734.89,57.7,44.2,28.5,19.19,3.68,12.55,34.0,51.0,22.4,76.96,0.979,0.74,34.4,39.4,25.1
CHEM-TR-0058,img_train_0058_var05,train,1734.89,59.7,42.1,28.1,18.81,6.02,12.37,28.0,52.5,23.1,77.46,0.958,1.48,26.4,75.5,11.1
CHEM-TR-0058,img_train_0058_var06,train,1734.89,56.0,41.0,26.9,17.96,4.75,11.93,30.0,53.7,22.0,78.21,0.1,54.02,21.5,57.5,38.2
CHEM-TR-0058,img_train_0058_var07,train,1734.89,55.6,38.6,24.3,17.11,5.84,12.58,28.0,56.5,21.6,79.15,0.1,44.19,21.0,33.1,17.4
CHEM-TR-0058,img_train_0058_var09,train,1734.89,60.7,43.8,28.3,19.46,5.39,13.07,28.0,53.3,23.5,76.8,0.949,1.78,19.3,52.9,5.9
CHEM-TR-0059,img_train_0059_var01,train,1134.55,84.7,67.2,48.4,29.85,4.56,14.23,32.0,42.7,32.9,66.48,0.1,47.5,28.3,47.7,19.2
CHEM-TR-0059,img_train_0059_var02,train,1134.55,84.2,66.0,47.8,29.4,4.99,14.02,30.0,43.9,32.9,66.94,0.1,43.82,21.4,57.2,15.4
CHEM-TR-0059,img_train_0059_var03,train,1134.55,107.8,111.4,201.3,50.53,22.38,-47.3,238.0,46.7,78.8,75.6,0.1,48.6,23.3,56.0,35.3
CHEM-TR-0059,img_train_0059_var05,train,1134.55,84.3,66.1,47.3,29.46,4.88,14.4,30.0,43.9,32.9,66.9,0.1,32.85,24.8,30.5,5.1
CHEM-TR-0059,img_train_0059_var06,train,1134.55,89.6,71.4,50.8,31.69,4.52,15.33,32.0,43.9,34.9,64.75,0.1,45.66,34.9,53.1,16.2
CHEM-TR-0059,img_train_0059_var07,train,1134.55,88.8,69.5,49.1,31.03,5.1,15.49,30.0,44.3,34.5,65.46,0.111,31.11,33.3,48.3,19.2
CHEM-TR-0059,img_train_0059_var09,train,1134.55,88.5,69.8,49.7,31.06,4.86,15.14,30.0,44.3,34.5,65.38,0.924,2.68,26.8,30.9,35.7
CHEM-TR-0059,img_train_0059_var10,train,1134.55,88.2,69.2,48.7,30.83,4.97,15.47,32.0,45.5,34.5,65.64,0.1,44.9,20.7,52.5,7.3
CHEM-TR-0060,img_train_0060_var01,train,24.0,239.6,232.9,213.6,92.37,-0.99,10.2,44.0,11.0,93.7,4.1,0.549,15.78,19.8,31.7,14.7
CHEM-TR-0060,img_train_0060_var02,train,24.0,240.8,232.9,214.9,92.48,-0.32,9.68,42.0,11.0,94.1,3.68,0.977,0.81,20.2,49.6,28.5
CHEM-TR-0060,img_train_0060_var03,train,24.0,239.4,233.0,228.4,92.71,1.34,3.01,22.0,4.7,93.7,6.89,0.98,0.69,26.5,76.9,28.6
CHEM-TR-0060,img_train_0060_var05,train,24.0,239.9,232.7,213.9,92.34,-0.72,10.02,44.0,11.0,93.7,3.99,0.953,1.64,32.4,71.2,32.1
CHEM-TR-0060,img_train_0060_var06,train,24.0,238.2,232.4,214.8,92.16,-1.04,9.27,46.0,10.2,93.3,4.15,0.58,14.69,34.8,67.6,11.4
CHEM-TR-0060,img_train_0060_var07,train,24.0,237.9,232.3,214.8,92.1,-1.04,9.18,46.0,9.8,92.9,4.2,0.97,1.06,28.4,45.6,23.1
CHEM-TR-0060,img_train_0060_var09,train,24.0,238.0,232.7,214.5,92.2,-1.26,9.47,46.0,10.2,93.3,4.21,0.64,12.6,34.2,30.8,9.7
CHEM-TR-0060,img_train_0060_var10,train,24.0,240.3,236.9,218.7,93.53,-1.94,9.21,50.0,9.0,94.1,3.48,0.181,28.67,30.2,68.5,22.0
CHEM-TR-0061,img_train_0061_var01,train,629.75,131.0,113.3,91.9,48.85,3.41,14.46,34.0,29.8,51.0,47.55,0.1,32.24,22.2,62.7,35.1
CHEM-TR-0061,img_train_0061_var02,train,629.75,130.4,112.7,91.6,48.61,3.5,14.3,32.0,29.8,51.0,47.78,0.181,28.68,29.6,54.8,35.4
CHEM-TR-0061,img_train_0061_var03,train,629.75,137.8,120.3,135.3,52.56,9.55,-5.65,308.0,12.5,53.7,46.73,0.1,39.44,28.6,40.5,12.0
CHEM-TR-0061,img_train_0061_var04,train,629.75,138.2,116.0,94.0,50.37,5.17,15.44,30.0,32.5,54.1,46.32,0.1,38.61,28.4,55.7,12.5
CHEM-TR-0061,img_train_0061_var05,train,629.75,129.7,112.5,91.0,48.47,3.24,14.41,34.0,29.4,50.6,47.92,0.374,21.92,30.8,70.0,22.3
CHEM-TR-0061,img_train_0061_var06,train,629.75,134.4,116.2,92.7,50.0,3.31,15.61,34.0,31.4,52.5,46.56,0.1,32.77,25.0,52.8,7.9
CHEM-TR-0061,img_train_0061_var07,train,629.75,131.3,114.0,92.3,49.08,3.23,14.51,32.0,29.8,51.4,47.32,0.38,21.71,25.0,76.9,10.7
CHEM-TR-0061,img_train_0061_var08,train,629.75,140.0,125.0,114.0,53.45,3.82,8.09,26.0,18.4,54.9,42.69,0.131,30.43,22.8,62.2,19.8
CHEM-TR-0061,img_train_0061_var09,train,629.75,130.5,112.4,90.8,48.53,3.57,14.65,34.0,30.6,51.0,47.9,0.18,28.71,28.0,76.6,23.6
CHEM-TR-0061,img_train_0061_var10,train,629.75,119.2,102.4,81.8,44.41,3.29,14.13,34.0,31.8,46.7,51.92,0.137,30.19,31.2,35.9,25.3
CHEM-TR-0062,img_train_0062_var01,train,1117.1,90.5,72.3,51.6,32.08,4.47,15.32,32.0,43.1,35.3,64.35,0.987,0.47,31.0,76.7,5.3
CHEM-TR-0062,img_train_0062_var02,train,1117.1,91.0,71.9,51.2,32.01,4.92,15.51,30.0,43.9,35.7,64.47,0.983,0.61,22.0,44.4,5.8
CHEM-TR-0062,img_train_0062_var03,train,1117.1,105.1,104.1,172.5,46.88,17.66,-36.48,240.0,39.6,67.5,69.11,0.1,54.03,19.1,65.3,13.4
CHEM-TR-0062,img_train_0062_var05,train,1117.1,89.7,69.8,51.1,31.24,5.63,14.52,28.0,42.7,34.9,65.2,0.961,1.38,31.9,53.1,31.2
CHEM-TR-0062,img_train_0062_var06,train,1117.1,90.5,71.8,51.9,31.93,4.81,14.97,30.0,43.1,35.3,64.49,0.986,0.49,20.5,76.0,23.4
CHEM-TR-0062,img_train_0062_var07,train,1117.1,89.7,70.5,49.6,31.42,5.0,15.69,32.0,45.1,34.9,65.08,0.1,33.56,31.5,57.8,34.7
CHEM-TR-0062,img_train_0062_var08,train,1117.1,93.0,80.0,63.0,34.85,2.47,12.03,34.0,32.2,36.5,61.26,0.1,45.4,27.8,30.6,38.0
CHEM-TR-0062,img_train_0062_var09,train,1117.1,90.3,70.9,50.6,31.63,5.15,15.37,30.0,44.3,35.3,64.85,0.954,1.6,29.1,51.1,25.8
CHEM-TR-0062,img_train_0062_var10,train,1117.1,79.4,61.5,42.3,27.41,4.84,14.77,30.0,46.7,31.0,68.97,0.1,44.02,23.2,75.2,28.1
CHEM-TR-0063,img_train_0063_var01,train,1236.74,83.8,64.4,45.7,28.85,5.56,14.62,30.0,45.9,32.5,67.57,0.1,48.69,32.4,63.0,16.9
CHEM-TR-0063,img_train_0063_var02,train,1236.74,81.6,63.8,44.6,28.41,4.7,14.71,30.0,45.5,31.8,67.96,0.979,0.72,24.8,36.1,21.9
CHEM-TR-0063,img_train_0063_var05,train,1236.74,78.4,60.6,41.4,27.0,4.86,14.82,30.0,47.5,30.6,69.38,0.1,34.51,21.4,71.0,23.1
CHEM-TR-0063,img_train_0063_var06,train,1236.74,84.0,65.2,44.9,29.12,5.01,15.48,32.0,47.5,32.9,67.34,0.986,0.5,26.3,34.6,17.1
CHEM-TR-0063,img_train_0063_var07,train,1236.74,78.2,59.3,41.8,26.61,5.58,14.01,30.0,47.5,30.6,69.76,0.1,32.84,31.6,76.6,25.8
CHEM-TR-0063,img_train_0063_var09,train,1236.74,78.3,59.7,42.3,26.73,5.5,13.88,28.0,46.3,30.6,69.62,0.1,44.09,28.4,33.6,20.6
CHEM-TR-0063,img_train_0063_var10,train,1236.74,69.5,52.2,35.5,23.28,5.19,13.54,30.0,49.4,27.1,73.01,0.1,39.69,28.7,77.6,6.4
CHEM-TR-0064,img_train_0064_var01,train,348.29,173.8,159.2,134.5,66.21,1.28,14.84,38.0,22.4,67.8,30.37,0.219,27.33,27.6,73.1,26.4
CHEM-TR-0064,img_train_0064_var02,train,348.29,174.8,159.5,134.8,66.36,1.59,14.89,38.0,23.1,68.2,30.24,0.981,0.66,20.4,58.2,12.0
CHEM-TR-0064,img_train_0064_var03,train,348.29,174.5,162.9,173.5,68.2,6.17,-3.96,306.0,7.1,68.2,31.19,0.855,5.06,20.3,64.5,20.2
CHEM-TR-0064,img_train_0064_var04,train,348.29,182.4,165.4,142.9,68.78,2.47,13.94,34.0,22.0,71.4,27.73,0.382,21.63,34.5,69.6,27.5
CHEM-TR-0064,img_train_0064_var05,train,348.29,174.3,158.2,134.1,65.96,1.97,14.76,36.0,23.1,68.2,30.62,0.967,1.14,31.5,78.5,34.9
CHEM-TR-0064,img_train_0064_var06,train,348.29,170.7,156.7,134.2,65.26,1.4,13.64,36.0,21.2,66.7,31.1,0.475,18.37,25.6,74.7,9.1
CHEM-TR-0064,img_train_0064_var07,train,348.29,169.6,155.5,133.7,64.81,1.58,13.29,36.0,21.2,66.3,31.5,0.963,1.31,27.7,41.2,38.0
CHEM-TR-0064,img_train_0064_var08,train,348.29,175.0,172.0,162.0,70.34,-0.74,5.52,46.0,7.5,68.6,25.92,0.895,3.68,23.6,64.5,5.6
CHEM-TR-0064,img_train_0064_var09,train,348.29,169.4,156.8,134.5,65.16,0.86,13.36,38.0,20.8,66.3,31.15,0.517,16.91,19.1,67.8,24.2
CHEM-TR-0064,img_train_0064_var10,train,348.29,175.7,159.5,137.2,66.49,2.28,13.77,34.0,21.6,68.6,29.95,0.739,9.13,32.7,63.6,36.6
CHEM-TR-0065,img_train_0065_var02,train,1799.24,54.1,38.7,24.6,16.93,5.01,12.14,28.0,55.7,21.2,79.26,0.1,51.33,25.6,47.0,12.4
CHEM-TR-0065,img_train_0065_var05,train,1799.24,58.8,41.0,26.3,18.29,6.11,12.85,26.0,55.3,22.7,78.01,0.961,1.36,24.9,34.9,12.2
CHEM-TR-0065,img_train_0065_var07,train,1799.24,58.3,39.8,26.9,17.87,6.73,11.87,24.0,55.3,22.7,78.43,0.1,40.18,31.8,41.5,16.3
CHEM-TR-0065,img_train_0065_var09,train,1799.24,53.2,37.1,24.6,16.32,5.66,11.29,26.0,54.9,20.8,79.88,0.918,2.89,24.4,72.3,33.2
CHEM-TR-0065,img_train_0065_var10,train,1799.24,43.5,28.2,15.0,11.97,5.6,11.45,28.0,67.5,16.9,84.22,0.1,53.14,33.1,39.2,22.8
CHEM-TR-0066,img_train_0066_var01,train,1425.88,68.5,51.9,36.7,23.08,5.06,12.46,28.0,47.1,26.7,73.14,0.1,54.25,32.9,67.1,30.7
CHEM-TR-0066,img_train_0066_var02,train,1425.88,68.6,51.3,35.6,22.9,5.28,12.97,30.0,48.6,26.7,73.36,0.1,54.18,23.6,73.8,38.4
CHEM-TR-0066,img_train_0066_var03,train,1425.88,83.9,80.2,132.5,36.62,14.87,-28.84,244.0,39.2,51.8,71.86,0.1,54.61,22.5,36.7,29.6
CHEM-TR-0066,img_train_0066_var05,train,1425.88,72.2,53.9,37.2,24.16,5.57,13.63,28.0,48.6,28.2,72.17,0.96,1.39,30.8,55.0,16.3
CHEM-TR-0066,img_train_0066_var07,train,1425.88,67.9,50.5,34.7,22.55,5.42,13.05,30.0,49.4,26.3,73.73,0.1,35.59,25.9,70.8,11.5
CHEM-TR-0066,img_train_0066_var09,train,1425.88,72.9,55.1,37.8,24.61,5.27,13.85,30.0,48.6,28.2,71.71,0.1,48.5,20.9,63.7,22.2
CHEM-TR-0066,img_train_0066_var10,train,1425.88,63.1,46.4,28.8,20.58,4.97,14.23,30.0,55.7,24.7,75.73,0.1,50.79,29.1,67.3,11.3
CHEM-TR-0067,img_train_0067_var01,train,139.48,213.3,203.2,181.2,82.02,-0.12,12.2,42.0,14.9,83.5,14.35,0.569,15.09,29.1,78.5,37.6
CHEM-TR-0067,img_train_0067_var02,train,139.48,213.8,202.8,180.8,81.94,0.19,12.31,40.0,15.7,83.5,14.45,0.983,0.59,22.1,44.6,31.2
CHEM-TR-0067,img_train_0067_var03,train,139.48,213.4,202.9,198.7,82.36,2.93,3.4,16.0,7.1,83.5,14.94,0.98,0.69,23.7,56.3,34.4
CHEM-TR-0067,img_train_0067_var04,train,139.48,225.6,221.7,200.8,88.15,-2.18,10.71,50.0,11.0,88.2,8.47,0.654,12.12,30.8,64.8,16.8
CHEM-TR-0067,img_train_0067_var05,train,139.48,210.8,199.9,180.3,80.96,0.54,11.16,38.0,14.1,82.4,15.19,0.958,1.48,27.8,35.1,21.1
CHEM-TR-0067,img_train_0067_var06,train,139.48,213.0,203.6,181.1,82.1,-0.49,12.38,42.0,14.5,83.1,14.34,0.573,14.93,34.9,37.3,31.5
CHEM-TR-0067,img_train_0067_var07,train,139.48,213.6,202.5,180.7,81.87,0.25,12.26,40.0,15.7,83.5,14.5,0.966,1.2,31.9,30.1,37.7
CHEM-TR-0067,img_train_0067_var09,train,139.48,212.9,202.7,180.6,81.84,-0.1,12.27,42.0,14.9,83.1,14.55,0.646,12.4,26.3,35.7,24.8
CHEM-TR-0067,img_train_0067_var10,train,139.48,214.5,205.2,184.9,82.72,-0.19,11.29,42.0,14.1,83.9,13.49,0.982,0.65,19.4,78.0,4.3
CHEM-TR-0068,img_train_0068_var01,train,1317.99,78.5,59.8,42.6,26.81,5.52,13.82,28.0,46.3,30.6,69.54,0.981,0.67,21.8,32.4,24.7
CHEM-TR-0068,img_train_0068_var02,train,1317.99,72.5,56.0,39.2,24.87,4.62,13.31,30.0,45.9,28.2,71.38,0.1,46.79,34.7,42.3,33.9
CHEM-TR-0068,img_train_0068_var05,train,1317.99,77.5,59.1,41.0,26.45,5.3,14.3,30.0,46.7,30.2,69.92,0.963,1.31,29.4,48.7,23.3
CHEM-TR-0068,img_train_0068_var06,train,1317.99,73.8,56.3,39.9,25.13,5.19,13.21,30.0,46.7,28.6,71.15,0.1,48.83,22.1,55.2,24.6
CHEM-TR-0068,img_train_0068_var07,train,1317.99,73.5,56.1,38.5,25.02,4.92,13.99,30.0,47.8,28.6,71.29,0.1,33.78,28.4,80.0,8.4
CHEM-TR-0068,img_train_0068_var09,train,1317.99,73.4,56.8,39.9,25.24,4.65,13.36,30.0,46.7,28.6,71.02,0.1,45.12,29.6,60.7,12.1
CHEM-TR-0068,img_train_0068_var10,train,1317.99,73.7,55.9,38.4,24.96,5.22,13.98,30.0,47.8,28.6,71.37,0.1,38.96,23.1,40.3,19.4
CHEM-TR-0069,img_train_0069_var01,train,190.4,201.4,190.7,168.2,77.55,0.01,12.69,40.0,16.5,78.8,18.82,0.466,18.67,20.1,66.2,4.5
CHEM-TR-0069,img_train_0069_var02,train,190.4,198.6,188.8,166.3,76.78,-0.29,12.62,42.0,16.1,77.6,19.57,0.979,0.74,23.0,33.9,22.6
CHEM-TR-0069,img_train_0069_var03,train,190.4,201.6,191.5,169.5,77.79,-0.15,12.36,42.0,16.1,78.8,18.53,0.982,0.62,29.0,34.6,6.1
CHEM-TR-0069,img_train_0069_var04,train,190.4,223.9,209.0,187.2,84.5,1.62,12.67,36.0,16.1,87.5,12.12,0.987,0.47,20.4,51.6,10.2
CHEM-TR-0069,img_train_0069_var05,train,190.4,198.7,187.6,167.3,76.49,0.5,11.66,38.0,15.7,77.6,19.69,0.962,1.32,19.9,41.6,32.3
CHEM-TR-0069,img_train_0069_var06,train,190.4,198.7,189.7,168.3,77.05,-0.44,11.95,42.0,15.3,77.6,19.2,0.591,14.3,25.0,57.7,29.3
CHEM-TR-0069,img_train_0069_var07,train,190.4,198.5,188.9,168.8,76.85,-0.03,11.38,40.0,15.3,77.6,19.3,0.967,1.17,21.0,51.4,33.4
CHEM-TR-0069,img_train_0069_var08,train,190.4,213.0,217.0,209.0,86.19,-2.79,3.46,90.0,3.5,85.1,11.74,0.984,0.55,30.7,74.0,37.7
CHEM-TR-0069,img_train_0069_var09,train,190.4,201.7,190.9,167.9,77.62,-0.05,13.0,40.0,16.9,78.8,18.82,0.617,13.41,31.7,45.3,35.1
CHEM-TR-0069,img_train_0069_var10,train,190.4,192.5,183.8,163.1,74.89,-0.41,11.61,42.0,15.3,75.3,21.29,0.436,19.75,29.8,58.5,24.5
CHEM-TR-0070,img_train_0070_var01,train,548.18,145.4,127.4,103.0,54.36,2.93,15.8,34.0,29.8,56.9,42.26,0.148,29.81,28.7,70.0,13.3
CHEM-TR-0070,img_train_0070_var02,train,548.18,140.5,123.5,101.4,52.8,2.87,14.49,34.0,27.8,54.9,43.61,0.232,26.9,22.6,74.9,20.7
CHEM-TR-0070,img_train_0070_var03,train,548.18,145.1,133.1,153.8,57.23,8.52,-9.36,276.0,12.9,60.0,43.64,0.1,34.9,20.5,51.3,25.5
CHEM-TR-0070,img_train_0070_var04,train,548.18,149.5,128.7,105.6,55.16,4.3,15.5,32.0,29.4,58.4,41.53,0.1,34.64,33.8,79.1,33.6
CHEM-TR-0070,img_train_0070_var05,train,548.18,143.5,125.6,102.0,53.67,3.04,15.41,34.0,29.4,56.1,42.89,0.958,1.48,24.0,71.8,8.5
CHEM-TR-0070,img_train_0070_var06,train,548.18,144.7,126.9,102.9,54.16,2.93,15.59,34.0,29.0,56.5,42.43,0.119,30.83,34.2,73.4,25.2
CHEM-TR-0070,img_train_0070_var07,train,548.18,139.3,123.2,100.2,52.57,2.42,14.86,36.0,28.2,54.5,43.87,0.282,25.12,23.6,33.2,4.4
CHEM-TR-0070,img_train_0070_var08,train,548.18,160.0,142.6,145.1,60.83,6.91,1.07,350.0,10.6,62.4,36.62,0.242,26.53,29.6,48.3,9.9
CHEM-TR-0070,img_train_0070_var09,train,548.18,145.3,126.9,103.0,54.23,3.15,15.61,32.0,29.0,56.9,42.37,0.955,1.58,22.1,44.7,13.4
CHEM-TR-0070,img_train_0070_var10,train,548.18,135.7,118.8,96.2,50.93,2.83,14.87,34.0,29.0,52.9,45.51,0.31,24.16,19.2,64.8,7.8
CHEM-TR-0071,img_train_0071_var01,train,112.87,218.0,208.8,187.9,83.98,-0.3,11.52,40.0,14.1,85.5,12.31,0.58,14.71,26.9,51.8,12.9
CHEM-TR-0071,img_train_0071_var02,train,112.87,220.4,209.4,188.7,84.34,0.37,11.64,40.0,14.5,86.3,11.96,0.979,0.75,21.4,50.8,4.6
CHEM-TR-0071,img_train_0071_var03,train,112.87,218.5,205.3,188.6,83.15,1.8,9.96,34.0,13.7,85.5,12.95,0.69,10.85,32.1,54.2,14.3
CHEM-TR-0071,img_train_0071_var04,train,112.87,225.6,224.1,209.1,88.97,-2.11,7.51,56.0,7.1,88.2,7.65,0.643,12.51,21.5,68.4,11.5
CHEM-TR-0071,img_train_0071_var05,train,112.87,214.9,207.0,186.9,83.26,-0.63,10.95,42.0,12.9,83.9,12.94,0.96,1.41,31.8,35.4,33.5
CHEM-TR-0071,img_train_0071_var06,train,112.87,217.5,209.0,187.6,83.99,-0.66,11.67,44.0,13.7,85.1,12.36,0.622,13.22,29.5,46.2,34.4
CHEM-TR-0071,img_train_0071_var07,train,112.87,215.0,207.8,188.8,83.52,-0.74,10.33,42.0,12.5,84.3,12.61,0.97,1.06,28.1,62.1,21.7
CHEM-TR-0071,img_train_0071_var09,train,112.87,215.4,207.6,188.5,83.49,-0.54,10.43,42.0,12.5,84.3,12.63,0.67,11.55,33.1,36.5,28.4
CHEM-TR-0071,img_train_0071_var10,train,112.87,205.8,199.2,181.5,80.39,-0.73,9.67,46.0,11.8,80.4,15.67,0.355,22.59,27.6,62.2,17.6
CHEM-TR-0072,img_train_0072_var01,train,158.86,209.1,198.2,175.7,80.27,0.08,12.63,40.0,16.1,82.0,16.15,0.579,14.74,22.5,57.8,29.1
CHEM-TR-0072,img_train_0072_var02,train,158.86,206.5,195.6,175.7,79.39,0.51,11.35,38.0,14.9,80.8,16.78,0.979,0.74,19.1,37.8,34.8
CHEM-TR-0072,img_train_0072_var04,train,158.86,220.0,206.7,184.2,83.53,0.92,12.86,38.0,16.1,85.9,13.06,0.601,13.96,28.5,78.5,27.0
CHEM-TR-0072,img_train_0072_var05,train,158.86,207.7,198.1,174.6,80.12,-0.58,12.97,44.0,16.1,81.2,16.4,0.962,1.34,20.4,43.7,33.2
CHEM-TR-0072,img_train_0072_var06,train,158.86,208.9,197.4,175.2,80.05,0.35,12.57,40.0,15.7,81.6,16.35,0.574,14.92,29.2,39.4,12.0
CHEM-TR-0072,img_train_0072_var07,train,158.86,209.3,198.5,176.8,80.41,0.16,12.22,40.0,15.7,82.0,15.92,0.965,1.24,33.8,60.0,33.6
CHEM-TR-0072,img_train_0072_var09,train,158.86,206.3,196.5,176.7,79.63,0.08,11.16,40.0,14.5,80.8,16.52,0.658,11.97,31.2,33.6,36.0
CHEM-TR-0072,img_train_0072_var10,train,158.86,196.6,187.5,169.6,76.34,0.17,10.2,40.0,13.7,76.9,19.7,0.979,0.73,31.2,43.2,25.0
CHEM-TR-0073,img_train_0073_var01,train,722.71,119.5,101.6,80.4,44.17,3.74,14.63,32.0,32.9,46.7,52.24,0.1,40.04,20.0,76.3,22.3
CHEM-TR-0073,img_train_0073_var02,train,722.71,119.2,101.2,79.9,44.04,3.72,14.76,34.0,33.7,46.7,52.38,0.1,33.66,31.7,64.8,19.1
CHEM-TR-0073,img_train_0073_var03,train,722.71,124.6,111.3,135.6,48.93,10.08,-11.4,272.0,17.6,52.9,52.19,0.985,0.54,19.6,55.2,32.2
CHEM-TR-0073,img_train_0073_var04,train,722.71,127.7,106.9,84.5,46.58,4.73,15.65,30.0,33.7,49.8,50.04,0.1,44.02,34.0,58.1,25.4
CHEM-TR-0073,img_train_0073_var05,train,722.71,122.9,104.6,81.1,45.4,3.47,15.92,34.0,33.7,47.8,51.16,0.963,1.28,30.8,62.7,28.4
CHEM-TR-0073,img_train_0073_var06,train,722.71,118.9,101.2,80.7,44.01,3.73,14.25,34.0,32.2,46.3,52.35,0.1,34.11,22.9,53.6,12.5
CHEM-TR-0073,img_train_0073_var07,train,722.71,122.9,103.6,81.2,45.11,4.12,15.51,32.0,33.7,47.8,51.43,0.969,1.07,33.5,41.1,16.6
CHEM-TR-0073,img_train_0073_var08,train,722.71,148.5,125.7,141.7,55.22,11.63,-5.37,318.0,15.7,58.0,44.65,0.1,33.29,21.4,62.2,22.8
CHEM-TR-0073,img_train_0073_var09,train,722.71,118.8,101.4,79.4,44.03,3.4,15.01,34.0,32.9,46.3,52.4,0.12,30.81,24.7,59.3,31.5
CHEM-TR-0073,img_train_0073_var10,train,722.71,120.3,102.0,80.6,44.38,3.84,14.82,32.0,33.3,47.1,52.05,0.181,28.65,28.6,74.3,26.7
CHEM-TR-0074,img_train_0074_var01,train,591.83,134.8,117.4,95.2,50.43,3.09,14.76,34.0,29.0,52.5,46.01,0.121,30.78,30.5,54.6,13.9
CHEM-TR-0074,img_train_0074_var02,train,591.83,134.5,117.7,95.0,50.47,2.82,14.91,34.0,29.0,52.5,45.97,0.171,29.03,30.5,76.2,5.9
CHEM-TR-0074,img_train_0074_var03,train,591.83,142.0,125.2,140.6,54.43,9.29,-5.92,304.0,11.4,55.3,45.03,0.981,0.68,25.2,30.8,14.2
CHEM-TR-0074,img_train_0074_var04,train,591.83,141.0,121.0,98.0,52.08,4.07,15.47,30.0,30.6,55.3,44.54,0.1,38.04,31.4,44.5,28.4
CHEM-TR-0074,img_train_0074_var05,train,591.83,138.7,119.4,95.5,51.36,3.64,15.93,34.0,31.0,54.1,45.28,0.959,1.44,21.0,37.5,35.0
CHEM-TR-0074,img_train_0074_var06,train,591.83,138.7,120.6,97.0,51.72,3.19,15.53,34.0,30.6,54.1,44.84,0.987,0.46,19.3,70.9,20.4
CHEM-TR-0074,img_train_0074_var07,train,591.83,136.3,119.3,96.8,51.12,2.9,14.79,34.0,29.4,53.3,45.32,0.426,20.08,32.4,61.1,5.9
CHEM-TR-0074,img_train_0074_var08,train,591.83,147.0,136.0,126.0,57.38,2.34,6.85,28.0,14.1,57.6,38.72,0.1,36.67,29.2,52.4,15.8
CHEM-TR-0074,img_train_0074_var09,train,591.83,138.1,120.4,96.3,51.61,2.92,15.79,34.0,30.6,54.1,44.97,0.949,1.79,27.7,34.8,36.4
CHEM-TR-0074,img_train_0074_var10,train,591.83,125.9,109.8,86.5,47.25,2.53,15.31,36.0,31.4,49.0,49.2,0.1,33.73,27.7,37.4,30.7
CHEM-TR-0075,img_train_0075_var01,train,0.0,244.8,239.8,222.0,94.69,-1.34,9.21,46.0,9.4,95.7,2.27,0.499,17.55,23.9,38.7,12.9
CHEM-TR-0075,img_train_0075_var02,train,0.0,243.5,239.6,223.6,94.57,-1.44,8.22,48.0,8.2,95.3,2.53,0.976,0.82,25.1,65.2,21.3
CHEM-TR-0075,img_train_0075_var03,train,0.0,244.9,238.2,230.4,94.49,0.9,4.57,34.0,5.9,95.7,4.7,0.515,16.99,24.2,52.4,11.0
CHEM-TR-0075,img_train_0075_var05,train,0.0,244.5,240.4,221.7,94.81,-1.79,9.55,50.0,9.4,95.7,2.64,0.965,1.22,32.1,47.0,9.3
CHEM-TR-0075,img_train_0075_var06,train,0.0,244.5,239.9,223.0,94.71,-1.32,8.71,46.0,8.6,95.7,2.25,0.507,17.26,23.3,70.8,31.6
CHEM-TR-0075,img_train_0075_var07,train,0.0,245.8,241.0,223.1,95.08,-1.41,9.2,50.0,9.0,96.1,2.13,0.968,1.11,22.0,30.2,30.0
CHEM-TR-0075,img_train_0075_var09,train,0.0,244.8,239.7,224.2,94.7,-0.91,8.09,46.0,8.2,95.7,2.12,0.601,13.98,34.5,40.0,19.9
CHEM-TR-0075,img_train_0075_var10,train,0.0,231.5,229.9,216.9,91.05,-1.7,6.49,52.0,6.7,90.6,5.97,0.221,27.25,23.1,63.9,23.7
CHEM-TR-0076,img_train_0076_var01,train,1119.73,90.7,72.1,51.8,32.03,4.72,15.15,32.0,43.1,35.3,64.4,0.1,49.01,31.5,67.9,14.7
CHEM-TR-0076,img_train_0076_var02,train,1119.73,84.7,67.4,49.0,29.9,4.49,13.99,32.0,42.7,32.9,66.41,0.1,44.24,34.2,44.4,13.0
CHEM-TR-0076,img_train_0076_var03,train,1119.73,90.9,78.9,102.9,35.54,10.16,-12.04,270.0,23.5,40.0,64.74,0.985,0.52,25.5,56.5,22.1
CHEM-TR-0076,img_train_0076_var05,train,1119.73,90.9,70.8,51.3,31.69,5.56,15.0,30.0,43.1,35.3,64.79,0.962,1.34,27.4,39.0,4.5
CHEM-TR-0076,img_train_0076_var06,train,1119.73,90.5,70.9,52.0,31.66,5.42,14.52,28.0,42.4,35.3,64.76,0.985,0.51,33.0,30.4,14.1
CHEM-TR-0076,img_train_0076_var07,train,1119.73,85.4,67.3,48.0,29.95,4.76,14.66,30.0,43.5,33.3,66.43,0.117,30.89,27.8,78.8,21.1
CHEM-TR-0076,img_train_0076_var08,train,1119.73,92.0,81.0,64.0,35.06,1.56,11.68,36.0,30.6,36.1,61.01,0.1,44.47,20.3,75.4,35.4
CHEM-TR-0076,img_train_0076_var09,train,1119.73,89.8,71.1,50.0,31.62,4.68,15.73,34.0,45.1,34.9,64.87,0.947,1.85,23.9,36.9,17.2
CHEM-TR-0076,img_train_0076_var10,train,1119.73,80.5,62.8,43.2,27.96,4.61,15.0,30.0,46.3,31.4,68.43,0.1,47.52,32.9,79.5,28.8
CHEM-TR-0077,img_train_0077_var01,train,1095.05,86.0,69.2,50.0,30.62,4.11,14.34,32.0,43.1,33.7,65.7,0.1,50.17,27.3,46.6,32.0
CHEM-TR-0077,img_train_0077_var02,train,1095.05,89.2,72.5,52.3,31.99,3.83,14.78,32.0,41.6,34.9,64.36,0.1,44.93,25.3,67.2,11.5
CHEM-TR-0077,img_train_0077_var03,train,1095.05,92.0,79.2,101.1,35.66,9.97,-10.78,272.0,22.0,39.6,64.2,0.1,54.29,33.9,46.1,29.8
CHEM-TR-0077,img_train_0077_var05,train,1095.05,86.1,68.5,49.0,30.41,4.42,14.65,30.0,43.1,33.7,65.95,0.1,32.23,28.2,40.3,31.9
CHEM-TR-0077,img_train_0077_var06,train,1095.05,87.3,69.1,50.4,30.75,4.85,14.26,30.0,42.4,34.1,65.61,0.1,45.48,25.0,58.5,16.4
CHEM-TR-0077,img_train_0077_var07,train,1095.05,90.3,71.2,50.8,31.72,4.93,15.39,32.0,44.3,35.3,64.75,0.1,32.04,32.5,30.7,12.5
CHEM-TR-0077,img_train_0077_var08,train,1095.05,115.1,90.1,105.1,41.21,12.95,-4.64,324.0,21.6,45.1,57.82,0.1,43.37,25.5,49.0,19.0
CHEM-TR-0077,img_train_0077_var09,train,1095.05,85.8,68.3,49.2,30.29,4.48,14.35,32.0,42.4,33.3,66.05,0.1,40.03,31.1,41.0,8.4
CHEM-TR-0077,img_train_0077_var10,train,1095.05,91.2,71.6,51.5,31.93,5.25,15.2,30.0,43.9,35.7,64.54,0.1,41.66,19.3,57.3,29.9
CHEM-TR-0078,img_train_0078_var01,train,72.44,226.8,218.9,198.6,87.48,-0.67,10.92,42.0,12.5,88.6,8.81,0.575,14.86,29.4,33.4,30.8
CHEM-TR-0078,img_train_0078_var02,train,72.44,230.0,219.1,198.6,87.79,0.37,11.41,40.0,13.7,90.2,8.56,0.98,0.68,29.8,65.1,22.0
CHEM-TR-0078,img_train_0078_var04,train,72.44,231.2,227.9,213.0,90.44,-1.46,7.66,46.0,7.8,90.6,6.05,0.582,14.63,22.7,51.0,35.8
CHEM-TR-0078,img_train_0078_var05,train,72.44,227.2,218.9,199.3,87.54,-0.47,10.67,40.0,12.2,89.0,8.68,0.96,1.41,34.1,35.1,5.2
CHEM-TR-0078,img_train_0078_var06,train,72.44,227.0,219.0,198.4,87.53,-0.71,11.12,46.0,12.5,88.6,8.81,0.607,13.74,31.2,75.1,30.0
CHEM-TR-0078,img_train_0078_var07,train,72.44,225.7,218.4,201.1,87.33,-0.4,9.4,42.0,10.6,88.2,8.73,0.963,1.28,25.6,66.0,32.8
CHEM-TR-0078,img_train_0078_var09,train,72.44,227.5,219.6,199.8,87.75,-0.6,10.7,42.0,12.2,89.0,8.49,0.938,2.17,23.0,31.3,32.1
CHEM-TR-0078,img_train_0078_var10,train,72.44,214.9,209.3,193.3,83.99,-0.83,8.64,46.0,9.8,83.9,12.09,0.316,23.95,34.8,74.0,31.4
CHEM-TR-0079,img_train_0079_var01,train,0.0,245.6,240.8,222.4,94.99,-1.45,9.43,46.0,9.4,96.1,2.24,0.536,16.23,23.3,56.6,35.8
CHEM-TR-0079,img_train_0079_var02,train,0.0,243.4,238.7,222.4,94.31,-1.18,8.47,46.0,8.6,95.3,2.44,0.978,0.76,31.8,58.0,30.3
CHEM-TR-0079,img_train_0079_var03,train,0.0,244.6,239.9,231.3,94.91,0.05,4.74,36.0,5.5,95.7,4.42,0.982,0.63,25.6,56.2,18.5
CHEM-TR-0079,img_train_0079_var05,train,0.0,243.1,239.0,222.6,94.36,-1.38,8.39,46.0,8.6,95.3,2.57,0.959,1.45,21.2,56.2,27.6
CHEM-TR-0079,img_train_0079_var06,train,0.0,244.9,239.8,222.4,94.69,-1.21,8.99,46.0,9.0,95.7,2.15,0.56,15.4,31.5,68.1,23.8
CHEM-TR-0079,img_train_0079_var07,train,0.0,244.3,239.7,224.1,94.65,-1.07,8.04,46.0,8.2,95.7,2.28,0.964,1.27,31.9,50.7,36.7
CHEM-TR-0079,img_train_0079_var09,train,0.0,243.4,240.1,223.4,94.67,-1.7,8.44,52.0,8.2,95.3,2.63,0.589,14.38,34.3,37.1,30.5
CHEM-TR-0079,img_train_0079_var10,train,0.0,230.6,229.9,215.8,90.97,-2.2,6.98,56.0,6.7,90.2,6.06,0.198,28.08,33.1,45.5,27.3
CHEM-TR-0080,img_train_0080_var01,train,498.68,151.2,133.6,110.2,56.75,2.87,15.09,34.0,27.1,59.2,39.79,0.125,30.64,23.0,47.4,9.9
CHEM-TR-0080,img_train_0080_var02,train,498.68,150.6,134.0,109.4,56.79,2.28,15.55,36.0,27.5,58.8,39.79,0.978,0.76,27.2,62.5,32.6
CHEM-TR-0080,img_train_0080_var03,train,498.68,164.3,152.5,184.6,64.97,10.67,-15.07,262.0,17.3,72.2,40.57,0.1,32.17,28.6,45.0,4.2
CHEM-TR-0080,img_train_0080_var04,train,498.68,157.5,136.6,114.4,58.25,4.35,14.83,30.0,27.5,61.6,38.39,0.987,0.44,28.2,48.8,8.2
CHEM-TR-0080,img_train_0080_var05,train,498.68,151.0,133.0,109.8,56.55,3.08,15.01,34.0,27.5,58.8,39.99,0.96,1.39,22.7,57.8,33.3
CHEM-TR-0080,img_train_0080_var06,train,498.68,150.4,134.1,110.0,56.81,2.22,15.23,36.0,26.7,58.8,39.72,0.1,32.18,28.5,42.3,21.1
CHEM-TR-0080,img_train_0080_var07,train,498.68,149.1,132.7,109.3,56.28,2.42,14.92,34.0,26.7,58.4,40.2,0.491,17.83,32.1,58.8,11.2
CHEM-TR-0080,img_train_0080_var08,train,498.68,166.0,139.6,134.5,60.34,9.09,6.46,10.0,19.2,65.1,36.77,0.287,24.95,28.2,79.3,13.7
CHEM-TR-0080,img_train_0080_var09,train,498.68,150.9,133.7,108.8,56.71,2.5,15.79,36.0,27.8,58.8,39.92,0.945,1.92,20.4,69.1,28.5
CHEM-TR-0080,img_train_0080_var10,train,498.68,135.3,120.4,99.7,51.4,2.28,13.45,34.0,26.7,52.9,44.86,0.285,25.02,32.6,63.1,16.5
CHEM-TR-0081,img_train_0081_var01,train,964.67,101.8,82.4,62.2,36.48,4.87,14.88,30.0,38.4,39.6,59.97,0.1,52.5,20.0,75.2,15.0
CHEM-TR-0081,img_train_0081_var02,train,964.67,100.3,83.2,61.4,36.52,3.6,15.39,34.0,38.8,39.2,59.9,0.1,41.14,27.3,58.4,18.6
CHEM-TR-0081,img_train_0081_var03,train,964.67,116.0,112.6,174.9,50.13,16.19,-32.67,242.0,35.7,68.2,63.93,0.1,49.85,29.3,65.0,5.0
CHEM-TR-0081,img_train_0081_var04,train,964.67,99.2,78.3,58.0,34.93,5.6,15.33,30.0,41.6,38.8,61.61,0.1,54.14,27.7,40.3,4.8
CHEM-TR-0081,img_train_0081_var05,train,964.67,101.4,81.2,60.7,36.06,5.22,15.25,30.0,40.8,39.6,60.45,0.958,1.48,25.5,36.6,7.5
CHEM-TR-0081,img_train_0081_var06,train,964.67,102.1,83.0,62.3,36.69,4.66,15.13,32.0,39.2,40.0,59.77,0.1,45.4,29.4,58.6,14.3
CHEM-TR-0081,img_train_0081_var07,train,964.67,95.8,77.8,58.9,34.41,4.5,14.06,30.0,38.8,37.3,61.93,0.1,34.33,28.7,41.0,26.2
CHEM-TR-0081,img_train_0081_var08,train,964.67,109.0,92.0,78.0,40.34,4.53,10.63,28.0,28.6,42.7,55.83,0.1,51.27,29.8,76.8,12.1
CHEM-TR-0081,img_train_0081_var09,train,964.67,101.0,81.9,60.9,36.24,4.61,15.36,30.0,40.8,39.6,60.24,0.954,1.61,29.3,61.7,19.5
CHEM-TR-0081,img_train_0081_var10,train,964.67,91.1,73.5,53.2,32.52,4.2,14.98,32.0,41.6,35.7,63.87,0.1,41.36,33.2,65.7,16.0
CHEM-TR-0082,img_train_0082_var01,train,208.25,199.0,187.4,163.4,76.38,0.15,13.65,40.0,18.0,78.0,20.17,0.67,11.55,29.7,47.3,21.1
CHEM-TR-0082,img_train_0082_var02,train,208.25,197.7,184.5,164.3,75.55,1.3,11.98,36.0,16.9,77.3,20.68,0.978,0.79,34.1,77.8,34.1
CHEM-TR-0082,img_train_0082_var03,train,208.25,194.6,184.0,162.1,75.11,0.08,12.51,42.0,16.5,76.1,21.19,0.976,0.83,24.8,40.9,32.5
CHEM-TR-0082,img_train_0082_var04,train,208.25,218.6,204.2,181.7,82.72,1.33,13.01,38.0,16.9,85.5,13.9,0.663,11.78,24.3,67.2,8.5
CHEM-TR-0082,img_train_0082_var05,train,208.25,198.9,186.9,163.7,76.24,0.42,13.28,40.0,17.6,77.6,20.22,0.962,1.33,29.4,70.7,29.3
CHEM-TR-0082,img_train_0082_var06,train,208.25,196.2,185.3,163.9,75.62,0.25,12.25,40.0,16.9,76.9,20.64,0.609,13.68,27.6,64.9,9.3
CHEM-TR-0082,img_train_0082_var07,train,208.25,195.3,185.2,164.0,75.51,-0.01,12.05,42.0,16.5,76.5,20.72,0.79,7.34,30.2,57.1,18.2
CHEM-TR-0082,img_train_0082_var08,train,208.25,204.0,205.0,201.0,82.23,-1.07,1.87,76.0,2.0,80.4,15.59,0.905,3.32,34.7,73.7,27.1
CHEM-TR-0082,img_train_0082_var09,train,208.25,196.0,184.8,164.0,75.47,0.46,12.01,40.0,16.5,76.5,20.75,0.931,2.42,28.2,35.4,35.7
CHEM-TR-0082,img_train_0082_var10,train,208.25,196.1,185.8,165.7,75.78,0.24,11.52,38.0,15.7,76.9,20.38,0.976,0.83,27.7,77.6,13.3
CHEM-TR-0083,img_train_0083_var01,train,744.57,122.1,103.0,80.0,44.83,3.94,15.81,32.0,35.3,47.8,51.74,0.1,39.51,19.5,76.7,8.3
CHEM-TR-0083,img_train_0083_var02,train,744.57,122.0,102.6,80.2,44.71,4.17,15.56,32.0,34.5,47.8,51.84,0.1,36.19,32.0,34.8,12.2
CHEM-TR-0083,img_train_0083_var03,train,744.57,125.9,110.2,128.4,48.51,9.67,-7.73,290.0,14.1,50.2,51.18,0.985,0.53,33.1,55.1,30.0
CHEM-TR-0083,img_train_0083_var04,train,744.57,126.5,105.4,81.5,45.98,4.65,16.58,32.0,35.7,49.4,50.76,0.992,0.3,28.4,37.0,32.4
CHEM-TR-0083,img_train_0083_var05,train,744.57,117.0,98.6,76.9,43.02,3.87,15.1,34.0,34.5,45.5,53.44,0.262,25.81,20.2,30.1,8.3
CHEM-TR-0083,img_train_0083_var06,train,744.57,121.3,103.0,80.0,44.76,3.61,15.71,34.0,34.9,47.5,51.77,0.1,37.4,26.0,59.1,12.1
CHEM-TR-0083,img_train_0083_var07,train,744.57,117.3,100.2,77.5,43.49,3.16,15.43,34.0,34.1,45.9,52.97,0.296,24.65,29.2,60.5,6.5
CHEM-TR-0083,img_train_0083_var08,train,744.57,127.0,114.0,99.0,48.82,2.44,10.16,32.0,22.0,49.8,47.23,0.1,35.05,23.9,70.6,15.0
CHEM-TR-0083,img_train_0083_var09,train,744.57,117.1,99.4,77.5,43.25,3.56,15.05,34.0,34.1,45.9,53.18,0.114,31.0,20.1,40.8,13.7
CHEM-TR-0083,img_train_0083_var10,train,744.57,112.3,93.8,72.2,41.07,4.04,15.2,32.0,35.7,43.9,55.39,0.1,36.88,32.1,69.4,30.0
CHEM-TR-0084,img_train_0084_var01,train,1902.65,56.9,40.3,27.1,17.86,5.68,11.73,26.0,51.8,22.0,78.36,0.985,0.53,25.2,66.2,24.1
CHEM-TR-0084,img_train_0084_var02,train,1902.65,51.5,40.1,25.3,17.05,2.84,11.77,34.0,51.0,20.0,79.03,0.977,0.79,24.4,76.2,18.8
CHEM-TR-0084,img_train_0084_var03,train,1902.65,56.5,40.7,17.2,17.74,4.12,18.03,36.0,69.8,22.0,78.86,0.981,0.68,31.3,49.1,8.9
CHEM-TR-0084,img_train_0084_var05,train,1902.65,55.7,39.5,25.1,17.38,5.37,12.45,28.0,54.5,21.6,78.85,0.1,41.49,32.1,67.1,19.8
CHEM-TR-0084,img_train_0084_var07,train,1902.65,55.4,38.5,23.6,17.02,5.73,12.98,28.0,58.0,21.6,79.25,0.1,40.83,33.3,56.2,22.2
CHEM-TR-0084,img_train_0084_var09,train,1902.65,51.2,35.8,22.6,15.59,5.25,11.68,26.0,56.9,20.0,80.59,0.1,50.23,25.4,46.9,29.2
CHEM-TR-0084,img_train_0084_var10,train,1902.65,42.0,26.8,14.6,11.29,5.72,10.71,26.0,66.7,16.5,84.89,0.1,53.11,33.2,47.4,10.4
CHEM-TR-0085,img_train_0085_var01,train,0.0,245.2,240.1,222.0,94.79,-1.34,9.36,46.0,9.4,96.1,2.23,0.448,19.3,27.0,46.7,36.9
CHEM-TR-0085,img_train_0085_var02,train,0.0,242.7,240.2,222.5,94.63,-2.18,8.84,54.0,8.2,94.9,3.01,0.986,0.48,34.5,47.6,17.0
CHEM-TR-0085,img_train_0085_var05,train,0.0,243.3,239.1,222.6,94.4,-1.38,8.46,48.0,8.6,95.3,2.53,0.964,1.25,30.1,41.7,38.8
CHEM-TR-0085,img_train_0085_var06,train,0.0,243.4,240.0,223.4,94.66,-1.67,8.44,52.0,8.2,95.3,2.61,0.496,17.65,19.7,47.5,5.4
CHEM-TR-0085,img_train_0085_var07,train,0.0,244.2,242.2,226.7,95.34,-2.0,7.74,54.0,7.5,95.7,2.88,0.968,1.11,27.6,53.9,23.1
CHEM-TR-0085,img_train_0085_var09,train,0.0,245.6,240.0,222.6,94.8,-1.05,9.08,46.0,9.4,96.1,1.96,0.59,14.35,34.8,68.3,16.0
CHEM-TR-0085,img_train_0085_var10,train,0.0,231.7,229.9,216.5,91.06,-1.69,6.75,52.0,6.7,90.6,5.85,0.978,0.75,22.4,69.9,28.4
CHEM-TR-0086,img_train_0086_var01,train,8.19,241.4,236.5,220.5,93.57,-1.07,8.33,46.0,8.6,94.5,2.97,0.511,17.12,35.0,59.4,20.5
CHEM-TR-0086,img_train_0086_var02,train,8.19,237.2,236.7,218.6,93.25,-2.92,8.84,56.0,7.8,92.9,4.39,0.983,0.61,19.4,54.5,22.0
CHEM-TR-0086,img_train_0086_var03,train,8.19,242.6,234.4,222.3,93.17,0.73,6.86,36.0,8.2,94.9,3.56,0.418,20.38,32.6,68.5,15.3
CHEM-TR-0086,img_train_0086_var05,train,8.19,240.2,235.7,219.3,93.24,-1.24,8.48,46.0,8.6,94.1,3.3,0.953,1.65,21.1,61.9,10.0
CHEM-TR-0086,img_train_0086_var06,train,8.19,241.9,236.8,220.0,93.65,-1.09,8.75,46.0,9.0,94.5,2.85,0.555,15.58,22.1,60.5,17.3
CHEM-TR-0086,img_train_0086_var07,train,8.19,242.9,237.7,220.1,93.96,-1.19,9.13,46.0,9.0,94.9,2.65,0.968,1.12,21.4,51.8,5.9
CHEM-TR-0086,img_train_0086_var09,train,8.19,242.0,237.0,220.3,93.71,-1.14,8.69,46.0,8.6,94.5,2.83,0.608,13.74,26.8,49.8,37.5
CHEM-TR-0086,img_train_0086_var10,train,8.19,242.3,239.2,223.6,94.37,-1.6,7.91,50.0,7.8,94.9,2.87,0.977,0.8,23.8,40.3,7.0
CHEM-TR-0087,img_train_0087_var01,train,1379.46,76.2,57.4,39.7,25.74,5.58,14.19,30.0,48.6,29.8,70.63,0.981,0.67,23.8,63.8,9.1
CHEM-TR-0087,img_train_0087_var02,train,1379.46,73.2,57.2,39.3,25.33,4.19,13.83,32.0,46.7,28.6,70.93,0.1,51.8,24.7,52.3,27.1
CHEM-TR-0087,img_train_0087_var05,train,1379.46,75.7,57.3,38.0,25.63,5.19,15.12,30.0,49.4,29.4,70.79,0.963,1.3,34.7,64.7,34.2
CHEM-TR-0087,img_train_0087_var07,train,1379.46,74.4,56.7,37.4,25.28,4.86,15.04,30.0,50.2,29.0,71.11,0.1,35.97,31.1,35.8,23.5
CHEM-TR-0087,img_train_0087_var09,train,1379.46,69.8,53.2,35.5,23.61,4.64,14.01,32.0,49.4,27.1,72.68,0.917,2.9,29.8,64.0,38.8
CHEM-TR-0087,img_train_0087_var10,train,1379.46,74.6,55.8,38.5,25.06,5.67,14.02,28.0,48.6,29.0,71.31,0.1,45.53,24.1,62.3,34.2
CHEM-TR-0088,img_train_0088_var01,train,0.0,244.9,240.3,222.3,94.81,-1.49,9.26,50.0,9.0,95.7,2.33,0.417,20.42,19.9,64.9,12.2
CHEM-TR-0088,img_train_0088_var02,train,0.0,241.0,239.0,222.3,94.19,-2.18,8.3,54.0,7.5,94.1,3.31,0.988,0.44,25.6,46.1,33.3
CHEM-TR-0088,img_train_0088_var05,train,0.0,243.5,238.9,222.9,94.37,-1.15,8.27,46.0,8.6,95.3,2.43,0.963,1.31,21.9,37.4,5.9
CHEM-TR-0088,img_train_0088_var06,train,0.0,245.6,239.7,222.4,94.72,-0.93,9.08,44.0,9.4,96.1,1.92,0.544,15.97,25.4,74.1,25.9
CHEM-TR-0088,img_train_0088_var07,train,0.0,246.2,240.3,222.0,94.91,-1.09,9.52,46.0,9.8,96.5,2.0,0.971,1.03,33.6,53.8,37.1
CHEM-TR-0088,img_train_0088_var09,train,0.0,245.4,241.1,223.1,95.08,-1.63,9.22,50.0,9.0,96.1,2.33,0.596,14.13,28.3,38.3,16.1
CHEM-TR-0088,img_train_0088_var10,train,0.0,231.4,230.3,216.2,91.15,-2.08,7.02,56.0,6.7,90.6,5.84,0.175,28.86,22.5,53.9,12.2
CHEM-TR-0089,img_train_0089_var01,train,720.48,124.0,106.4,81.5,46.01,2.99,16.54,36.0,34.1,48.2,50.62,0.986,0.49,28.8,37.4,25.0
CHEM-TR-0089,img_train_0089_var02,train,720.48,123.7,106.2,81.7,45.94,2.95,16.32,36.0,34.1,48.2,50.65,0.1,34.58,26.8,67.3,31.8
CHEM-TR-0089,img_train_0089_var03,train,720.48,123.3,105.1,53.8,45.11,0.21,31.2,44.0,56.9,48.2,55.52,0.1,42.46,22.8,51.5,5.7
CHEM-TR-0089,img_train_0089_var04,train,720.48,124.9,103.9,81.0,45.41,4.76,16.08,32.0,35.3,48.6,51.26,0.1,44.05,25.2,33.2,31.4
CHEM-TR-0089,img_train_0089_var05,train,720.48,123.1,104.5,80.4,45.36,3.58,16.3,34.0,34.9,48.2,51.26,0.959,1.45,29.2,73.7,8.4
CHEM-TR-0089,img_train_0089_var06,train,720.48,119.1,102.0,80.0,44.24,3.25,14.93,32.0,32.9,46.7,52.17,0.1,37.3,33.9,65.5,21.9
CHEM-TR-0089,img_train_0089_var07,train,720.48,123.8,105.0,81.3,45.6,3.71,16.12,32.0,34.1,48.2,51.0,0.334,23.31,30.0,66.1,11.3
CHEM-TR-0089,img_train_0089_var08,train,720.48,125.0,112.0,99.0,48.07,2.78,9.08,30.0,20.8,49.0,47.98,0.1,34.14,34.8,34.6,5.7
CHEM-TR-0089,img_train_0089_var09,train,720.48,123.4,105.4,81.0,45.66,3.21,16.39,34.0,34.9,48.2,50.95,0.95,1.77,19.6,72.9,30.9
CHEM-TR-0089,img_train_0089_var10,train,720.48,110.1,94.5,72.9,41.06,2.73,14.77,34.0,34.5,43.1,55.29,0.1,32.76,26.0,39.0,19.7
CHEM-TR-0090,img_train_0090_var01,train,1467.38,66.7,49.9,34.4,22.22,5.15,12.79,28.0,48.6,25.9,74.02,0.1,51.6,32.9,43.5,12.1
CHEM-TR-0090,img_train_0090_var02,train,1467.38,68.1,53.0,36.8,23.36,4.12,12.76,30.0,47.1,26.7,72.83,0.1,52.13,21.9,61.6,15.0
CHEM-TR-0090,img_train_0090_var05,train,1467.38,65.6,48.4,31.3,21.53,5.21,13.9,30.0,52.2,25.5,74.78,0.956,1.52,34.1,47.9,23.4
CHEM-TR-0090,img_train_0090_var06,train,1467.38,72.0,54.0,36.9,24.14,5.42,13.78,30.0,49.4,27.8,72.19,0.1,52.44,26.1,54.1,22.3
CHEM-TR-0090,img_train_0090_var07,train,1467.38,65.1,48.2,32.0,21.44,5.19,13.33,30.0,52.2,25.5,74.83,0.1,44.04,19.6,46.7,21.7
CHEM-TR-0090,img_train_0090_var08,train,1467.38,74.0,58.0,44.0,25.76,4.73,11.38,28.0,40.4,29.0,70.41,0.1,49.3,20.5,32.4,9.8
CHEM-TR-0090,img_train_0090_var09,train,1467.38,66.0,48.9,34.3,21.81,5.5,12.29,26.0,48.6,25.9,74.43,0.1,46.65,33.4,52.0,6.4
CHEM-TR-0090,img_train_0090_var10,train,1467.38,58.8,41.5,25.9,18.44,5.69,13.33,30.0,56.9,22.7,77.85,0.1,53.0,22.2,60.7,35.0
CHEM-TR-0091,img_train_0091_var01,train,401.77,164.7,149.1,124.8,62.48,1.78,14.95,38.0,24.3,64.3,34.07,0.361,22.38,20.6,72.0,7.7
CHEM-TR-0091,img_train_0091_var02,train,401.77,167.5,149.0,124.5,62.71,2.92,15.47,34.0,25.9,65.5,34.0,0.979,0.72,25.5,79.6,25.1
CHEM-TR-0091,img_train_0091_var03,train,401.77,164.6,149.1,113.9,62.25,0.2,20.72,42.0,31.0,64.3,35.73,0.983,0.6,22.0,66.2,33.0
CHEM-TR-0091,img_train_0091_var04,train,401.77,177.4,158.2,134.1,66.26,3.15,15.17,34.0,24.3,69.4,30.49,0.99,0.34,29.3,37.7,14.7
CHEM-TR-0091,img_train_0091_var05,train,401.77,164.1,148.1,123.2,62.14,1.85,15.37,36.0,25.1,64.3,34.48,0.965,1.23,28.0,39.9,30.0
CHEM-TR-0091,img_train_0091_var06,train,401.77,164.8,148.4,125.0,62.32,2.24,14.61,36.0,24.3,64.3,34.19,0.985,0.54,31.7,33.5,16.3
CHEM-TR-0091,img_train_0091_var07,train,401.77,164.1,149.0,126.8,62.46,1.89,13.8,36.0,23.1,64.3,33.91,0.561,15.36,25.4,31.0,15.8
CHEM-TR-0091,img_train_0091_var08,train,401.77,164.0,157.0,150.0,65.13,1.27,4.56,30.0,8.6,64.3,31.2,0.981,0.66,22.6,79.7,17.1
CHEM-TR-0091,img_train_0091_var09,train,401.77,164.3,148.3,123.9,62.22,1.94,15.08,36.0,25.1,64.3,34.35,0.921,2.78,30.8,44.4,14.7
CHEM-TR-0091,img_train_0091_var10,train,401.77,157.0,141.3,118.7,59.57,2.14,14.2,36.0,24.7,61.6,36.84,0.982,0.64,32.2,62.5,37.6
CHEM-TR-0092,img_train_0092_var01,train,16.42,239.2,234.5,216.6,92.8,-1.41,9.23,46.0,9.8,93.7,3.73,0.58,14.69,30.5,30.1,12.7
CHEM-TR-0092,img_train_0092_var02,train,16.42,238.8,234.9,215.6,92.85,-1.97,9.83,50.0,9.8,93.3,4.09,0.988,0.42,25.0,39.8,7.8
CHEM-TR-0092,img_train_0092_var03,train,16.42,240.9,236.3,228.7,93.67,0.22,4.23,40.0,5.1,94.1,5.32,0.98,0.71,25.0,47.1,26.9
CHEM-TR-0092,img_train_0092_var05,train,16.42,240.2,235.8,216.8,93.2,-1.69,9.71,48.0,10.2,94.1,3.62,0.965,1.23,28.2,65.2,14.7
CHEM-TR-0092,img_train_0092_var06,train,16.42,239.9,234.8,216.0,92.92,-1.44,9.72,46.0,9.8,93.7,3.71,0.56,15.42,30.4,66.7,33.4
CHEM-TR-0092,img_train_0092_var07,train,16.42,241.0,237.1,219.2,93.64,-1.72,9.13,52.0,8.6,94.1,3.24,0.965,1.21,24.6,57.9,30.8
CHEM-TR-0092,img_train_0092_var09,train,16.42,239.9,235.2,216.2,93.03,-1.63,9.81,50.0,9.8,93.7,3.74,0.608,13.7,20.6,51.2,30.9
CHEM-TR-0092,img_train_0092_var10,train,16.42,227.6,226.4,210.6,89.73,-2.3,7.87,56.0,7.5,89.0,6.96,0.265,25.74,28.5,40.1,26.7
CHEM-TR-0093,img_train_0093_var01,train,15.05,240.4,234.8,218.5,93.02,-0.88,8.6,44.0,9.0,94.1,3.31,0.53,16.44,29.5,36.3,30.0
CHEM-TR-0093,img_train_0093_var02,train,15.05,243.2,235.4,217.4,93.35,-0.4,9.68,42.0,10.6,95.3,2.88,0.985,0.52,20.1,54.2,17.8
CHEM-TR-0093,img_train_0093_var03,train,15.05,240.6,233.3,225.3,92.81,1.11,4.74,32.0,6.3,94.1,5.36,0.772,7.97,24.0,64.8,13.3
CHEM-TR-0093,img_train_0093_var05,train,15.05,239.6,233.8,216.4,92.66,-1.0,9.13,44.0,9.8,93.7,3.66,0.953,1.65,33.1,58.8,7.6
CHEM-TR-0093,img_train_0093_var06,train,15.05,241.1,234.3,216.8,92.9,-0.65,9.32,44.0,10.2,94.5,3.32,0.542,16.01,20.9,35.1,28.0
CHEM-TR-0093,img_train_0093_var07,train,15.05,240.8,235.4,219.0,93.2,-0.95,8.57,46.0,8.6,94.1,3.18,0.965,1.21,30.3,64.1,15.1
CHEM-TR-0093,img_train_0093_var09,train,15.05,241.9,235.1,218.5,93.21,-0.51,8.88,44.0,9.4,94.5,2.97,0.938,2.18,27.2,59.6,32.7
CHEM-TR-0093,img_train_0093_var10,train,15.05,231.0,226.7,212.6,90.11,-0.93,7.38,44.0,8.2,90.6,6.27,0.204,27.86,19.2,48.5,5.5
CHEM-TR-0094,img_train_0094_var01,train,348.87,169.6,156.5,133.7,65.09,1.0,13.68,38.0,21.2,66.3,31.27,0.45,19.25,31.2,66.9,30.8
CHEM-TR-0094,img_train_0094_var02,train,348.87,169.8,155.4,132.9,64.8,1.56,13.7,38.0,22.0,66.3,31.57,0.981,0.67,25.9,51.1,28.4
CHEM-TR-0094,img_train_0094_var03,train,348.87,176.9,158.7,154.9,66.8,6.0,4.41,10.0,12.5,69.0,30.07,0.983,0.6,28.2,38.5,34.1
CHEM-TR-0094,img_train_0094_var04,train,348.87,177.2,161.8,140.2,67.32,2.0,13.31,34.0,20.8,69.4,29.04,0.317,23.92,24.4,39.6,33.5
CHEM-TR-0094,img_train_0094_var05,train,348.87,173.1,158.8,133.7,66.0,1.14,15.01,38.0,23.1,67.8,30.6,0.965,1.24,21.7,41.3,28.7
CHEM-TR-0094,img_train_0094_var06,train,348.87,174.0,159.0,134.9,66.17,1.52,14.6,36.0,22.4,67.8,30.37,0.404,20.84,28.8,78.3,20.8
CHEM-TR-0094,img_train_0094_var07,train,348.87,174.3,158.5,135.1,66.05,1.95,14.31,36.0,22.4,68.2,30.45,0.919,2.85,28.6,38.8,15.5
CHEM-TR-0094,img_train_0094_var08,train,348.87,174.0,173.0,165.0,70.6,-1.11,4.23,54.0,5.1,68.2,25.89,0.925,2.62,27.4,38.8,36.0
CHEM-TR-0094,img_train_0094_var09,train,348.87,173.8,158.3,134.9,65.97,1.84,14.3,36.0,22.4,67.8,30.52,0.948,1.83,24.9,60.5,30.8
CHEM-TR-0094,img_train_0094_var10,train,348.87,159.1,147.2,126.3,61.5,0.9,12.65,38.0,20.8,62.4,34.69,0.979,0.74,32.8,65.7,6.1
CHEM-TR-0095,img_train_0095_var01,train,1066.56,93.6,74.6,55.0,33.15,4.95,14.73,30.0,42.0,36.5,63.27,0.1,49.83,20.4,31.1,28.0
CHEM-TR-0095,img_train_0095_var02,train,1066.56,91.8,73.9,53.7,32.74,4.35,14.92,32.0,41.6,35.7,63.65,0.978,0.79,31.8,77.5,27.1
CHEM-TR-0095,img_train_0095_var03,train,1066.56,93.8,83.8,110.8,37.53,10.02,-13.92,262.0,24.7,43.1,63.52,0.1,53.95,31.0,60.6,26.5
CHEM-TR-0095,img_train_0095_var05,train,1066.56,89.1,69.6,51.7,31.12,5.53,13.96,28.0,42.7,34.9,65.26,0.105,31.32,20.7,62.7,30.5
CHEM-TR-0095,img_train_0095_var06,train,1066.56,89.2,71.3,52.8,31.65,4.71,13.99,30.0,41.6,34.9,64.68,0.1,45.69,22.8,45.5,28.6
CHEM-TR-0095,img_train_0095_var07,train,1066.56,93.0,73.5,53.0,32.74,5.09,15.38,30.0,43.1,36.5,63.75,0.97,1.07,22.9,40.6,22.6
CHEM-TR-0095,img_train_0095_var08,train,1066.56,96.0,81.0,67.0,35.55,3.81,10.55,28.0,30.2,37.6,60.56,0.1,53.8,19.4,79.5,7.2
CHEM-TR-0095,img_train_0095_var09,train,1066.56,92.2,73.6,53.4,32.68,4.73,15.08,30.0,42.4,36.1,63.75,0.923,2.69,21.2,43.5,18.9
CHEM-TR-0095,img_train_0095_var10,train,1066.56,83.2,65.2,45.6,29.04,4.71,14.94,32.0,45.9,32.5,67.35,0.1,46.3,31.3,31.5,24.1
CHEM-TR-0096,img_train_0096_var01,train,892.46,107.9,89.0,67.3,39.14,4.3,15.48,34.0,37.3,42.0,57.35,0.1,48.2,31.8,38.9,5.7
CHEM-TR-0096,img_train_0096_var02,train,892.46,106.5,88.1,66.0,38.69,4.06,15.61,34.0,37.6,41.6,57.8,0.978,0.78,25.8,49.8,33.5
CHEM-TR-0096,img_train_0096_var03,train,892.46,102.3,84.2,62.8,37.06,4.11,15.3,34.0,39.2,40.0,59.39,0.1,50.32,30.3,44.5,22.1
CHEM-TR-0096,img_train_0096_var04,train,892.46,111.0,88.8,66.5,39.39,5.68,16.37,30.0,40.0,43.1,57.32,0.1,50.0,20.1,75.2,23.8
CHEM-TR-0096,img_train_0096_var05,train,892.46,106.9,86.8,65.4,38.37,4.91,15.58,30.0,38.8,41.6,58.17,0.962,1.34,22.1,53.9,5.2
CHEM-TR-0096,img_train_0096_var06,train,892.46,102.5,84.5,64.6,37.2,4.24,14.43,32.0,37.3,40.0,59.17,0.1,42.06,34.0,57.4,13.9
CHEM-TR-0096,img_train_0096_var07,train,892.46,103.3,85.5,64.2,37.55,3.92,15.16,32.0,38.0,40.4,58.87,0.202,27.94,30.6,46.6,9.2
CHEM-TR-0096,img_train_0096_var08,train,892.46,131.0,116.9,138.8,51.13,9.76,-9.9,278.0,16.1,54.1,49.56,0.1,49.14,34.4,46.3,38.3
CHEM-TR-0096,img_train_0096_var09,train,892.46,107.5,88.0,65.3,38.76,4.47,16.15,32.0,39.2,42.0,57.82,0.951,1.72,27.5,45.9,33.6
CHEM-TR-0096,img_train_0096_var10,train,892.46,95.3,77.5,57.2,34.25,4.18,14.88,32.0,40.0,37.3,62.14,0.1,35.66,24.6,54.1,36.8
CHEM-TR-0097,img_train_0097_var02,train,1848.56,51.7,37.3,24.2,16.16,4.74,11.34,28.0,52.9,20.0,79.99,0.1,52.23,29.8,70.8,13.9
CHEM-TR-0097,img_train_0097_var05,train,1848.56,53.2,36.6,25.3,16.17,6.14,10.65,24.0,52.9,20.8,80.05,0.1,36.32,24.0,36.2,8.4
CHEM-TR-0097,img_train_0097_var07,train,1848.56,56.4,39.9,25.8,17.65,5.56,12.29,28.0,55.3,22.0,78.58,0.1,40.1,33.7,75.7,23.5
CHEM-TR-0097,img_train_0097_var08,train,1848.56,57.0,44.0,33.0,19.15,4.08,9.42,28.0,42.0,22.4,76.93,0.1,52.83,33.8,53.3,13.9
CHEM-TR-0097,img_train_0097_var09,train,1848.56,56.5,40.3,26.0,17.76,5.4,12.29,28.0,53.7,22.0,78.46,0.951,1.72,32.3,30.7,13.9
CHEM-TR-0097,img_train_0097_var10,train,1848.56,45.8,30.7,17.7,13.14,5.33,11.59,28.0,62.4,17.6,83.04,0.1,53.13,24.6,72.4,12.8
CHEM-TR-0098,img_train_0098_var01,train,57.11,231.2,224.3,203.5,89.31,-1.13,11.02,46.0,12.2,90.6,7.18,0.53,16.45,21.0,42.0,24.2
CHEM-TR-0098,img_train_0098_var02,train,57.11,228.6,222.9,204.9,88.79,-1.1,9.49,46.0,10.6,89.4,7.4,0.979,0.74,21.1,35.1,27.2
CHEM-TR-0098,img_train_0098_var03,train,57.11,231.6,218.0,191.4,87.5,0.38,14.78,40.0,17.3,90.6,10.28,0.717,9.89,20.5,40.0,36.9
CHEM-TR-0098,img_train_0098_var04,train,57.11,233.5,231.8,220.1,91.78,-1.46,5.91,50.0,5.5,91.4,5.59,0.542,16.01,20.0,34.7,12.5
CHEM-TR-0098,img_train_0098_var05,train,57.11,229.3,222.5,203.7,88.72,-0.86,10.07,44.0,11.4,89.8,7.48,0.959,1.42,24.4,45.6,38.9
CHEM-TR-0098,img_train_0098_var06,train,57.11,231.2,224.3,204.0,89.33,-1.08,10.8,46.0,12.2,90.6,7.09,0.609,13.7,28.1,64.3,23.6
CHEM-TR-0098,img_train_0098_var07,train,57.11,230.0,222.7,204.3,88.84,-0.64,9.91,44.0,11.0,89.8,7.31,0.966,1.19,25.2,60.2,22.9
CHEM-TR-0098,img_train_0098_var09,train,57.11,230.7,224.1,204.8,89.26,-1.02,10.28,46.0,11.4,90.2,7.03,0.677,11.29,19.1,32.1,32.6
CHEM-TR-0098,img_train_0098_var10,train,57.11,214.9,210.6,193.5,84.33,-1.45,9.01,48.0,9.8,83.9,11.83,0.339,23.14,21.5,40.9,23.3
CHEM-TR-0099,img_train_0099_var01,train,1373.61,70.2,54.2,37.9,24.0,4.53,12.92,30.0,47.1,27.5,72.22,0.1,50.19,32.9,51.6,12.1
CHEM-TR-0099,img_train_0099_var02,train,1373.61,72.1,56.7,40.2,25.07,4.12,12.88,30.0,44.3,28.2,71.13,0.979,0.74,33.4,38.1,11.9
CHEM-TR-0099,img_train_0099_var05,train,1373.61,70.3,52.8,38.0,23.6,5.53,12.34,26.0,45.9,27.5,72.65,0.1,33.52,21.3,58.7,14.1
CHEM-TR-0099,img_train_0099_var06,train,1373.61,70.6,53.9,37.9,23.98,4.91,12.93,30.0,47.1,27.5,72.26,0.1,53.21,21.0,58.7,12.9
CHEM-TR-0099,img_train_0099_var07,train,1373.61,70.4,53.3,36.1,23.72,4.96,13.75,30.0,48.6,27.5,72.57,0.1,34.91,27.3,66.0,20.2
CHEM-TR-0099,img_train_0099_var08,train,1373.61,78.0,64.0,50.0,28.16,3.65,10.84,30.0,36.1,30.6,67.94,0.1,48.61,19.5,59.9,18.5
CHEM-TR-0099,img_train_0099_var09,train,1373.61,74.1,56.9,38.7,25.31,4.81,14.24,30.0,48.6,29.0,71.01,0.944,1.94,32.9,77.5,31.9
CHEM-TR-0099,img_train_0099_var10,train,1373.61,61.7,45.2,29.5,20.02,5.14,13.03,30.0,52.5,23.9,76.23,0.1,40.24,29.1,47.5,13.5
CHEM-TR-0100,img_train_0100_var02,train,1416.26,73.0,55.4,39.0,24.75,5.26,13.28,30.0,47.8,28.6,71.54,0.1,50.83,29.4,30.3,37.8
CHEM-TR-0100,img_train_0100_var03,train,1416.26,74.7,62.3,84.0,28.37,10.13,-11.03,274.0,25.5,32.5,71.19,0.981,0.66,32.1,62.2,18.7
CHEM-TR-0100,img_train_0100_var05,train,1416.26,67.9,50.4,34.1,22.5,5.4,13.38,30.0,49.4,26.3,73.79,0.1,36.48,32.1,36.9,18.7
CHEM-TR-0100,img_train_0100_var06,train,1416.26,68.2,51.4,36.5,22.89,5.2,12.36,28.0,47.1,26.7,73.34,0.1,50.68,22.6,54.8,31.0
CHEM-TR-0100,img_train_0100_var07,train,1416.26,72.6,54.3,36.7,24.31,5.48,14.21,30.0,50.2,28.2,72.05,0.968,1.12,33.2,55.0,24.9
CHEM-TR-0100,img_train_0100_var08,train,1416.26,110.8,73.7,81.8,35.65,17.04,1.62,348.0,33.7,43.1,63.01,0.1,49.85,33.9,53.8,19.8
CHEM-TR-0100,img_train_0100_var09,train,1416.26,72.1,54.1,37.5,24.2,5.5,13.54,30.0,48.6,28.2,72.12,0.948,1.8,26.0,68.6,28.0
CHEM-TR-0100,img_train_0100_var10,train,1416.26,62.8,45.3,28.5,20.2,5.47,13.93,30.0,54.9,24.3,76.12,0.1,49.72,26.3,34.5,17.2
CHEM-TR-0101,img_train_0101_var01,train,639.14,134.0,114.7,90.4,49.49,3.7,16.22,32.0,32.9,52.5,47.18,0.1,36.28,31.3,72.4,28.6
CHEM-TR-0101,img_train_0101_var02,train,639.14,129.0,111.2,89.1,48.02,3.38,14.89,34.0,31.0,50.6,48.43,0.115,30.96,20.7,43.7,30.4
CHEM-TR-0101,img_train_0101_var03,train,639.14,151.7,137.1,208.4,60.9,20.97,-34.77,252.0,34.1,81.6,59.72,0.1,36.29,31.8,55.3,24.7
CHEM-TR-0101,img_train_0101_var04,train,639.14,135.2,114.6,92.0,49.63,4.46,15.54,32.0,32.5,52.9,47.0,0.1,39.8,21.0,47.2,34.7
CHEM-TR-0101,img_train_0101_var05,train,639.14,132.2,113.8,89.1,49.05,3.26,16.39,34.0,32.5,51.8,47.61,0.962,1.32,33.0,52.9,28.3
CHEM-TR-0101,img_train_0101_var06,train,639.14,129.0,112.0,89.3,48.23,2.94,15.11,34.0,30.6,50.2,48.22,0.1,34.43,32.9,58.7,34.5
CHEM-TR-0101,img_train_0101_var07,train,639.14,129.0,111.8,88.7,48.16,3.01,15.32,34.0,31.8,50.6,48.32,0.172,28.99,32.9,33.6,17.4
CHEM-TR-0101,img_train_0101_var08,train,639.14,137.0,126.0,113.0,53.42,1.88,8.59,32.0,17.6,53.7,42.6,0.1,39.05,27.1,78.8,37.8
CHEM-TR-0101,img_train_0101_var09,train,639.14,133.1,114.2,90.2,49.27,3.54,16.07,34.0,32.2,52.2,47.36,0.922,2.74,27.2,79.7,19.9
CHEM-TR-0101,img_train_0101_var10,train,639.14,122.0,104.7,83.1,45.37,3.34,14.69,32.0,32.2,47.8,51.03,0.179,28.75,34.8,79.3,31.5
CHEM-TR-0102,img_train_0102_var02,train,1596.04,65.6,48.5,33.6,21.62,5.46,12.53,28.0,49.4,25.5,74.63,0.1,52.43,30.3,76.6,5.0
CHEM-TR-0102,img_train_0102_var03,train,1596.04,67.1,57.5,90.3,26.5,12.15,-18.12,258.0,36.5,35.3,75.51,0.981,0.68,22.5,32.9,11.9
CHEM-TR-0102,img_train_0102_var05,train,1596.04,60.6,43.8,31.1,19.49,5.74,11.22,24.0,48.2,23.5,76.72,0.1,36.5,30.7,30.1,17.4
CHEM-TR-0102,img_train_0102_var06,train,1596.04,62.0,45.6,30.7,20.22,5.15,12.51,30.0,51.0,23.9,76.0,0.1,53.17,29.3,34.7,9.6
CHEM-TR-0102,img_train_0102_var07,train,1596.04,65.1,46.5,32.6,20.92,6.39,12.27,26.0,50.6,25.5,75.38,0.1,35.44,29.7,43.2,34.9
CHEM-TR-0102,img_train_0102_var09,train,1596.04,66.3,47.4,33.1,21.38,6.43,12.53,26.0,49.8,25.9,74.94,0.956,1.54,27.0,57.8,28.0
CHEM-TR-0102,img_train_0102_var10,train,1596.04,50.4,34.1,20.5,14.89,5.78,12.19,28.0,60.0,19.6,81.34,0.1,48.4,24.8,43.8,11.9
CHEM-TR-0103,img_train_0103_var01,train,535.77,146.2,129.1,104.4,54.92,2.56,15.76,36.0,28.6,57.3,41.68,0.111,31.1,32.8,54.0,8.2
CHEM-TR-0103,img_train_0103_var02,train,535.77,146.9,128.2,105.3,54.77,3.46,15.09,34.0,28.2,57.3,41.78,0.98,0.71,21.4,63.7,31.2
CHEM-TR-0103,img_train_0103_var03,train,535.77,145.6,129.1,108.8,54.96,2.94,13.32,34.0,25.5,56.9,41.34,0.1,35.56,21.8,31.0,11.4
CHEM-TR-0103,img_train_0103_var04,train,535.77,150.2,129.8,107.2,55.57,4.16,15.16,30.0,28.6,58.8,41.06,0.1,34.74,31.9,72.8,36.4
CHEM-TR-0103,img_train_0103_var05,train,535.77,144.1,128.3,103.3,54.5,1.91,15.78,36.0,28.6,56.5,42.07,0.959,1.44,19.8,54.9,30.7
CHEM-TR-0103,img_train_0103_var06,train,535.77,146.2,129.0,104.7,54.91,2.63,15.59,34.0,28.6,57.3,41.67,0.1,33.12,31.5,54.5,21.9
CHEM-TR-0103,img_train_0103_var07,train,535.77,144.9,129.3,104.5,54.86,1.91,15.6,38.0,27.8,56.5,41.69,0.498,17.55,31.9,38.1,8.3
CHEM-TR-0103,img_train_0103_var08,train,535.77,150.0,141.0,126.0,59.01,0.7,9.21,38.0,16.1,58.8,36.99,0.236,26.75,28.0,31.8,28.1
CHEM-TR-0103,img_train_0103_var09,train,535.77,141.4,125.4,103.2,53.44,2.49,14.37,34.0,27.1,55.3,42.94,0.275,25.36,33.6,38.9,30.7
CHEM-TR-0103,img_train_0103_var10,train,535.77,132.4,117.7,97.5,50.34,2.28,13.22,34.0,26.7,51.8,45.89,0.277,25.31,26.1,35.5,33.8
CHEM-TR-0104,img_train_0104_var01,train,574.07,135.7,119.5,96.9,51.15,2.55,14.74,36.0,29.0,52.9,45.26,0.183,28.61,26.4,31.7,7.8
CHEM-TR-0104,img_train_0104_var02,train,574.07,142.3,123.0,98.5,52.78,3.53,16.17,34.0,31.0,55.7,43.92,0.979,0.75,27.7,42.2,34.2
CHEM-TR-0104,img_train_0104_var03,train,574.07,141.2,128.4,145.3,55.35,8.16,-7.34,286.0,11.8,56.9,44.48,0.1,34.22,29.6,56.2,34.1
CHEM-TR-0104,img_train_0104_var04,train,574.07,144.3,123.9,101.2,53.26,4.27,15.3,30.0,29.8,56.5,43.37,0.1,36.11,31.6,78.4,35.4
CHEM-TR-0104,img_train_0104_var05,train,574.07,136.9,120.1,97.5,51.43,2.8,14.83,36.0,28.6,53.3,45.01,0.445,19.43,31.4,42.3,27.0
CHEM-TR-0104,img_train_0104_var06,train,574.07,136.5,119.4,97.0,51.19,2.95,14.77,34.0,28.6,53.3,45.25,0.172,29.0,20.8,66.7,13.5
CHEM-TR-0104,img_train_0104_var07,train,574.07,141.1,122.2,98.1,52.44,3.4,15.92,34.0,30.6,55.3,44.2,0.399,21.02,33.5,34.9,13.4
CHEM-TR-0104,img_train_0104_var08,train,574.07,145.0,134.0,123.0,56.59,2.18,7.41,30.0,15.3,56.9,39.48,0.18,28.69,21.5,71.6,4.7
CHEM-TR-0104,img_train_0104_var09,train,574.07,140.1,121.7,97.9,52.19,3.29,15.69,34.0,30.6,54.9,44.41,0.946,1.9,26.9,71.4,20.0
CHEM-TR-0104,img_train_0104_var10,train,574.07,141.1,123.1,98.9,52.69,3.01,15.8,34.0,30.6,55.3,43.91,0.169,29.08,34.5,76.9,26.1
CHEM-TR-0105,img_train_0105_var01,train,1591.14,67.1,48.9,33.7,21.95,5.93,12.94,26.0,50.6,26.3,74.35,0.985,0.51,20.9,37.6,28.7
CHEM-TR-0105,img_train_0105_var02,train,1591.14,61.5,44.8,29.1,19.87,5.26,13.09,28.0,52.5,23.9,76.39,0.1,54.14,26.0,71.2,30.9
CHEM-TR-0105,img_train_0105_var05,train,1591.14,61.0,43.5,29.8,19.43,5.99,12.08,26.0,52.5,23.9,76.83,0.959,1.45,25.5,33.6,20.5
CHEM-TR-0105,img_train_0105_var06,train,1591.14,66.8,47.8,34.3,21.58,6.54,12.04,24.0,48.6,25.9,74.73,0.986,0.48,24.0,38.4,5.8
CHEM-TR-0105,img_train_0105_var07,train,1591.14,65.5,47.8,32.3,21.37,5.73,13.01,28.0,50.6,25.5,74.92,0.1,37.87,30.8,69.9,22.7
CHEM-TR-0105,img_train_0105_var09,train,1591.14,66.0,48.4,32.2,21.63,5.5,13.45,28.0,51.4,25.9,74.67,0.952,1.67,31.6,70.3,20.9
CHEM-TR-0105,img_train_0105_var10,train,1591.14,56.7,39.0,23.7,17.36,6.08,13.37,30.0,58.8,22.0,78.96,0.1,51.23,24.2,50.4,28.8
CHEM-TR-0106,img_train_0106_var01,train,640.5,128.1,111.9,89.3,48.1,2.64,14.92,34.0,30.6,50.2,48.31,0.1,32.45,23.9,40.1,12.2
CHEM-TR-0106,img_train_0106_var02,train,640.5,132.6,115.2,91.0,49.51,2.85,15.89,36.0,31.0,51.8,47.06,0.1,31.65,29.1,36.5,14.9
CHEM-TR-0106,img_train_0106_var03,train,640.5,142.5,124.9,149.2,54.67,11.42,-10.61,284.0,16.9,58.4,47.03,0.1,37.94,24.4,69.3,31.1
CHEM-TR-0106,img_train_0106_var04,train,640.5,139.9,118.9,95.0,51.33,4.37,16.19,32.0,32.5,54.5,45.41,0.1,38.73,21.0,43.7,27.2
CHEM-TR-0106,img_train_0106_var05,train,640.5,128.5,111.4,89.5,48.02,3.12,14.64,34.0,30.6,50.2,48.38,0.349,22.8,21.5,31.0,18.9
CHEM-TR-0106,img_train_0106_var06,train,640.5,128.6,111.7,88.9,48.1,2.95,15.12,34.0,31.4,50.2,48.35,0.1,34.05,23.1,59.4,35.9
CHEM-TR-0106,img_train_0106_var07,train,640.5,129.6,112.9,90.3,48.57,2.84,14.98,34.0,30.2,50.6,47.86,0.42,20.32,30.6,79.8,27.2
CHEM-TR-0106,img_train_0106_var08,train,640.5,137.0,127.0,113.0,53.7,1.31,8.98,36.0,17.6,53.7,42.31,0.109,31.18,22.0,36.8,31.9
CHEM-TR-0106,img_train_0106_var09,train,640.5,128.5,111.2,88.7,47.95,3.14,15.04,34.0,31.4,50.2,48.5,0.147,29.86,25.7,65.6,32.1
CHEM-TR-0106,img_train_0106_var10,train,640.5,122.0,104.4,82.3,45.26,3.39,15.02,34.0,32.2,47.5,51.18,0.1,36.35,19.9,58.2,23.0
CHEM-TR-0107,img_train_0107_var01,train,937.01,104.4,84.6,64.3,37.44,4.96,14.92,30.0,38.4,40.8,59.03,0.1,51.72,34.4,77.2,18.7
CHEM-TR-0107,img_train_0107_var02,train,937.01,98.3,80.6,60.9,35.54,4.24,14.35,32.0,38.8,38.4,60.81,0.1,38.55,31.7,77.3,14.7
CHEM-TR-0107,img_train_0107_var03,train,937.01,108.8,88.6,100.0,39.97,10.41,-3.42,328.0,18.4,42.4,58.24,0.983,0.59,20.9,35.2,5.8
CHEM-TR-0107,img_train_0107_var04,train,937.01,101.8,80.6,60.5,35.94,5.75,15.18,30.0,40.8,39.6,60.6,0.1,53.02,29.8,39.8,12.9
CHEM-TR-0107,img_train_0107_var05,train,937.01,102.3,82.5,62.0,36.57,4.96,15.15,30.0,40.4,40.0,59.91,0.961,1.37,32.4,47.1,10.5
CHEM-TR-0107,img_train_0107_var06,train,937.01,99.4,80.7,61.9,35.72,4.77,14.03,30.0,38.4,38.8,60.64,0.1,43.08,32.6,78.2,16.1
CHEM-TR-0107,img_train_0107_var07,train,937.01,102.8,83.0,62.6,36.79,4.99,15.08,32.0,39.2,40.0,59.69,0.211,27.61,28.2,42.9,5.2
CHEM-TR-0107,img_train_0107_var08,train,937.01,107.0,90.0,77.0,39.54,4.71,10.09,26.0,27.8,42.0,56.63,0.1,40.42,28.3,64.1,29.4
CHEM-TR-0107,img_train_0107_var09,train,937.01,102.7,84.2,63.1,37.1,4.29,15.2,32.0,38.4,40.0,59.35,0.953,1.64,23.8,38.1,20.8
CHEM-TR-0107,img_train_0107_var10,train,937.01,98.9,81.4,60.7,35.86,3.92,14.94,34.0,38.8,38.4,60.53,0.1,36.41,22.6,35.3,36.3
CHEM-TR-0108,img_train_0108_var01,train,1253.38,77.5,60.4,42.0,26.84,4.59,14.21,32.0,46.7,30.2,69.48,0.1,48.42,24.3,32.9,31.8
CHEM-TR-0108,img_train_0108_var02,train,1253.38,81.7,63.5,44.6,28.32,4.94,14.56,30.0,45.5,31.8,68.05,0.1,47.82,32.2,72.9,38.8
CHEM-TR-0108,img_train_0108_var03,train,1253.38,83.3,71.0,96.7,32.3,10.9,-13.19,270.0,27.1,37.6,68.25,0.1,54.64,24.7,39.8,30.8
CHEM-TR-0108,img_train_0108_var05,train,1253.38,81.7,62.5,42.3,27.97,5.33,15.6,30.0,48.2,31.8,68.52,0.96,1.39,33.3,40.7,17.2
CHEM-TR-0108,img_train_0108_var07,train,1253.38,81.9,62.7,42.4,28.07,5.24,15.68,30.0,48.2,31.8,68.42,0.1,35.13,22.3,47.9,19.8
CHEM-TR-0108,img_train_0108_var09,train,1253.38,76.2,59.9,40.8,26.52,4.14,14.51,32.0,47.5,29.8,69.79,0.1,43.65,19.2,41.7,30.7
CHEM-TR-0108,img_train_0108_var10,train,1253.38,81.5,62.1,43.0,27.86,5.51,15.01,30.0,48.2,31.8,68.59,0.1,47.41,22.0,75.4,33.1
CHEM-TR-0109,img_train_0109_var01,train,747.15,122.0,102.6,79.9,44.72,4.11,15.73,32.0,35.3,47.8,51.85,0.989,0.39,24.4,44.0,30.7
CHEM-TR-0109,img_train_0109_var02,train,747.15,117.4,99.1,78.4,43.21,4.0,14.46,32.0,33.3,45.9,53.19,0.1,32.86,19.6,53.2,7.2
CHEM-TR-0109,img_train_0109_var03,train,747.15,130.2,115.1,151.7,51.05,13.42,-17.66,264.0,23.9,59.2,53.83,0.982,0.64,29.3,57.4,19.8
CHEM-TR-0109,img_train_0109_var04,train,747.15,126.4,105.0,81.6,45.87,4.88,16.35,30.0,35.7,49.4,50.85,0.1,44.22,24.0,31.1,14.1
CHEM-TR-0109,img_train_0109_var05,train,747.15,115.6,99.2,76.8,43.04,2.91,15.18,36.0,33.7,45.1,53.37,0.266,25.68,27.6,47.1,24.8
CHEM-TR-0109,img_train_0109_var06,train,747.15,117.7,99.5,78.9,43.38,3.94,14.4,32.0,33.3,45.9,53.01,0.1,35.28,19.7,33.0,22.3
CHEM-TR-0109,img_train_0109_var07,train,747.15,121.4,102.0,78.2,44.45,3.99,16.36,34.0,35.7,47.5,52.19,0.968,1.12,22.9,37.2,8.8
CHEM-TR-0109,img_train_0109_var08,train,747.15,133.0,118.0,102.0,50.57,3.07,10.94,30.0,23.1,52.2,45.54,0.1,42.44,27.6,53.8,9.7
CHEM-TR-0109,img_train_0109_var09,train,747.15,121.5,102.2,79.9,44.55,4.11,15.5,32.0,34.9,47.5,51.98,0.955,1.57,23.2,48.5,26.1
CHEM-TR-0109,img_train_0109_var10,train,747.15,109.0,91.4,69.5,39.99,3.64,15.31,34.0,36.9,42.7,56.45,0.1,36.36,19.5,32.3,20.9
CHEM-TR-0110,img_train_0110_var01,train,510.15,149.4,131.9,107.9,56.06,2.78,15.39,34.0,28.2,58.4,40.51,0.983,0.61,20.3,38.8,19.1
CHEM-TR-0110,img_train_0110_var02,train,510.15,149.9,131.9,107.0,56.1,2.84,15.96,34.0,28.2,58.4,40.57,0.979,0.74,26.8,55.8,37.6
CHEM-TR-0110,img_train_0110_var03,train,510.15,149.7,132.0,90.2,55.78,0.46,25.02,42.0,39.6,58.4,43.29,0.985,0.52,31.9,55.6,21.1
CHEM-TR-0110,img_train_0110_var04,train,510.15,157.0,134.1,112.1,57.48,5.22,15.09,30.0,28.6,61.6,39.28,0.985,0.54,31.3,75.6,15.7
CHEM-TR-0110,img_train_0110_var05,train,510.15,145.4,128.5,106.0,54.72,2.79,14.57,34.0,27.1,56.9,41.72,0.462,18.85,26.1,58.4,12.4
CHEM-TR-0110,img_train_0110_var06,train,510.15,149.9,131.6,107.6,56.03,3.07,15.54,34.0,28.2,58.4,40.58,0.149,29.78,21.8,34.1,34.9
CHEM-TR-0110,img_train_0110_var07,train,510.15,147.9,130.8,108.1,55.63,2.79,14.65,34.0,26.7,57.6,40.83,0.494,17.69,20.9,42.5,10.1
CHEM-TR-0110,img_train_0110_var08,train,510.15,155.0,148.0,136.0,61.59,0.42,7.26,38.0,12.2,60.8,34.45,0.1,32.49,33.6,50.4,19.4
CHEM-TR-0110,img_train_0110_var09,train,510.15,145.6,129.3,106.5,54.98,2.47,14.67,36.0,27.1,56.9,41.46,0.335,23.26,26.2,31.1,16.9
CHEM-TR-0110,img_train_0110_var10,train,510.15,141.5,123.5,100.5,52.88,3.17,15.12,34.0,29.0,55.3,43.63,0.932,2.37,34.1,51.9,24.1
CHEM-TR-0111,img_train_0111_var01,train,1095.1,87.1,68.6,50.7,30.56,5.11,13.8,30.0,42.4,34.1,65.78,0.1,43.79,26.7,40.7,32.7
CHEM-TR-0111,img_train_0111_var02,train,1095.1,90.5,72.8,52.5,32.24,4.29,15.03,32.0,42.4,35.3,64.16,0.1,46.95,30.4,33.5,6.3
CHEM-TR-0111,img_train_0111_var03,train,1095.1,105.3,102.6,164.6,46.12,16.35,-33.03,242.0,37.6,64.3,67.12,0.1,52.92,34.6,47.9,27.1
CHEM-TR-0111,img_train_0111_var05,train,1095.1,86.9,68.0,49.7,30.36,5.25,14.21,30.0,43.1,33.7,66.02,0.1,32.82,24.7,62.3,5.8
CHEM-TR-0111,img_train_0111_var06,train,1095.1,87.2,68.9,50.6,30.66,4.96,14.01,30.0,42.4,34.1,65.68,0.1,44.57,19.4,77.2,15.9
CHEM-TR-0111,img_train_0111_var07,train,1095.1,86.7,68.7,48.7,30.51,4.59,14.99,32.0,44.3,33.7,65.89,0.152,29.69,30.3,73.3,15.4
CHEM-TR-0111,img_train_0111_var09,train,1095.1,86.5,69.2,49.4,30.67,4.25,14.78,32.0,43.1,33.7,65.69,0.1,38.98,33.1,61.9,15.6
CHEM-TR-0111,img_train_0111_var10,train,1095.1,78.6,60.7,42.3,27.08,4.97,14.34,30.0,46.3,30.6,69.27,0.1,40.43,29.3,61.6,25.2
CHEM-TR-0112,img_train_0112_var01,train,101.89,219.3,210.5,191.8,84.61,-0.11,10.34,40.0,12.9,85.9,11.48,0.581,14.68,24.3,34.7,32.5
CHEM-TR-0112,img_train_0112_var02,train,101.89,218.8,210.0,191.0,84.43,-0.18,10.52,42.0,12.9,85.5,11.69,0.98,0.71,30.8,58.9,23.2
CHEM-TR-0112,img_train_0112_var03,train,101.89,219.7,211.0,195.4,84.84,0.38,8.76,38.0,11.0,85.9,11.16,0.978,0.77,19.2,75.4,22.7
CHEM-TR-0112,img_train_0112_var04,train,101.89,231.6,223.7,205.6,89.23,-0.34,9.79,42.0,11.4,90.6,6.87,0.594,14.22,28.2,71.0,18.6
CHEM-TR-0112,img_train_0112_var05,train,101.89,218.3,210.4,189.4,84.45,-0.79,11.36,44.0,13.3,85.5,11.86,0.955,1.59,33.2,59.9,30.8
CHEM-TR-0112,img_train_0112_var06,train,101.89,220.9,212.0,190.8,85.1,-0.47,11.61,44.0,13.7,86.3,11.25,0.611,13.61,33.8,69.3,13.9
CHEM-TR-0112,img_train_0112_var07,train,101.89,219.0,211.1,191.9,84.75,-0.54,10.47,44.0,12.5,85.5,11.39,0.967,1.17,24.1,55.3,35.6
CHEM-TR-0112,img_train_0112_var09,train,101.89,221.5,212.5,190.6,85.28,-0.55,11.97,42.0,14.1,86.7,11.17,0.943,1.99,30.9,33.3,29.6
CHEM-TR-0112,img_train_0112_var10,train,101.89,211.0,204.2,186.7,82.22,-0.64,9.55,46.0,11.4,82.4,13.84,0.312,24.06,25.9,35.6,10.7
CHEM-TR-0113,img_train_0113_var01,train,117.65,216.7,208.4,186.4,83.74,-0.79,11.91,44.0,13.7,84.7,12.67,0.593,14.26,22.2,50.7,26.7
CHEM-TR-0113,img_train_0113_var02,train,117.65,217.3,208.0,187.0,83.72,-0.3,11.61,42.0,14.1,85.1,12.58,0.979,0.74,23.3,78.5,10.4
CHEM-TR-0113,img_train_0113_var04,train,117.65,227.4,219.9,200.0,87.81,-0.77,10.68,42.0,12.2,89.0,8.46,0.99,0.36,28.2,63.6,17.8
CHEM-TR-0113,img_train_0113_var05,train,117.65,213.7,205.1,185.8,82.66,-0.3,10.68,42.0,13.3,83.5,13.47,0.951,1.73,23.6,38.7,6.0
CHEM-TR-0113,img_train_0113_var06,train,117.65,217.2,207.9,186.6,83.66,-0.35,11.74,40.0,14.1,85.1,12.67,0.638,12.66,28.8,35.2,26.0
CHEM-TR-0113,img_train_0113_var07,train,117.65,218.0,210.2,190.5,84.39,-0.61,10.7,44.0,12.5,85.1,11.79,0.967,1.14,22.5,48.1,36.9
CHEM-TR-0113,img_train_0113_var09,train,117.65,214.2,207.1,187.4,83.23,-0.88,10.68,44.0,12.5,83.9,12.95,0.666,11.68,21.9,64.2,37.6
CHEM-TR-0113,img_train_0113_var10,train,117.65,218.7,209.8,190.8,84.37,-0.14,10.55,40.0,12.9,85.5,11.75,0.981,0.66,33.4,63.1,4.2
CHEM-TR-0114,img_train_0114_var01,train,521.36,147.7,131.4,106.8,55.74,2.18,15.58,36.0,27.8,57.6,40.83,0.1,32.2,28.3,65.7,16.4
CHEM-TR-0114,img_train_0114_var02,train,521.36,143.9,127.8,106.1,54.4,2.54,14.05,34.0,25.9,56.1,41.96,0.27,25.56,26.7,78.8,25.3
CHEM-TR-0114,img_train_0114_var03,train,521.36,147.3,131.6,110.9,55.86,2.54,13.35,34.0,25.1,57.6,40.43,0.1,33.23,29.4,55.4,26.1
CHEM-TR-0114,img_train_0114_var04,train,521.36,159.2,137.6,113.9,58.67,4.38,15.76,32.0,29.0,62.4,38.14,0.113,31.03,29.7,34.8,32.4
CHEM-TR-0114,img_train_0114_var05,train,521.36,146.8,130.2,105.8,55.33,2.33,15.56,36.0,28.2,57.3,41.24,0.962,1.34,23.2,79.7,17.3
CHEM-TR-0114,img_train_0114_var06,train,521.36,148.3,130.9,107.3,55.67,2.82,15.2,34.0,27.8,58.0,40.87,0.117,30.9,27.2,70.8,27.7
CHEM-TR-0114,img_train_0114_var07,train,521.36,145.3,130.1,107.4,55.18,2.04,14.4,36.0,26.3,56.9,41.2,0.47,18.56,20.8,39.1,26.7
CHEM-TR-0114,img_train_0114_var08,train,521.36,154.0,150.0,133.0,61.98,-1.58,9.5,48.0,13.7,60.4,34.09,0.1,33.31,29.3,74.2,12.1
CHEM-TR-0114,img_train_0114_var09,train,521.36,143.7,128.1,106.2,54.46,2.3,14.06,36.0,25.9,56.1,41.89,0.301,24.46,29.4,62.5,16.6
CHEM-TR-0114,img_train_0114_var10,train,521.36,148.4,131.0,107.0,55.7,2.73,15.39,34.0,27.8,58.0,40.86,0.238,26.68,25.9,49.7,37.2
CHEM-TR-0115,img_train_0115_var01,train,195.29,201.0,189.9,167.2,77.28,0.11,12.88,40.0,16.5,78.4,19.12,0.553,15.63,25.8,54.3,21.7
CHEM-TR-0115,img_train_0115_var02,train,195.29,203.5,190.5,167.5,77.65,0.78,13.3,38.0,17.6,79.6,18.85,0.981,0.65,29.6,74.9,35.5
CHEM-TR-0115,img_train_0115_var03,train,195.29,201.1,190.1,178.1,77.59,1.81,7.41,32.0,11.4,78.8,18.52,0.985,0.54,31.4,30.2,32.7
CHEM-TR-0115,img_train_0115_var04,train,195.29,222.7,209.4,185.7,84.46,0.74,13.42,38.0,16.9,87.1,12.36,0.989,0.37,34.1,75.8,15.8
CHEM-TR-0115,img_train_0115_var05,train,195.29,197.0,187.0,165.2,76.14,-0.11,12.3,40.0,16.1,77.3,20.14,0.965,1.21,20.8,46.0,25.8
CHEM-TR-0115,img_train_0115_var06,train,195.29,200.8,190.1,166.8,77.3,-0.1,13.1,42.0,16.9,78.4,19.15,0.594,14.22,27.0,53.8,5.9
CHEM-TR-0115,img_train_0115_var07,train,195.29,197.7,188.6,167.7,76.68,-0.33,11.72,42.0,15.3,77.3,19.53,0.966,1.21,22.0,31.8,4.0
CHEM-TR-0115,img_train_0115_var08,train,195.29,197.0,198.0,198.0,79.8,-0.34,-0.12,180.0,0.4,77.6,18.61,0.983,0.58,27.5,39.9,30.0
CHEM-TR-0115,img_train_0115_var09,train,195.29,200.5,189.9,166.6,77.22,-0.1,13.09,40.0,16.9,78.4,19.23,0.938,2.17,32.1,39.6,27.2
CHEM-TR-0115,img_train_0115_var10,train,195.29,188.4,179.8,160.4,73.45,-0.21,10.97,40.0,14.9,73.7,22.65,0.378,21.76,32.0,50.2,33.3
CHEM-TR-0116,img_train_0116_var01,train,1504.53,69.6,52.9,35.4,23.51,4.73,13.91,30.0,49.4,27.1,72.78,0.983,0.61,26.3,47.1,17.5
CHEM-TR-0116,img_train_0116_var02,train,1504.53,63.2,48.3,31.5,21.22,4.07,13.34,32.0,51.0,24.7,74.99,0.1,48.98,24.8,46.2,4.1
CHEM-TR-0116,img_train_0116_var03,train,1504.53,76.3,62.0,87.6,28.63,11.85,-13.0,274.0,28.6,34.1,71.77,0.981,0.66,33.8,37.6,25.8
CHEM-TR-0116,img_train_0116_var05,train,1504.53,68.7,51.5,34.8,22.94,5.16,13.55,30.0,50.2,26.7,73.35,0.1,38.24,31.3,53.5,5.9
CHEM-TR-0116,img_train_0116_var06,train,1504.53,69.5,51.8,35.6,23.18,5.42,13.36,28.0,49.4,27.1,73.12,0.986,0.5,30.6,51.5,28.1
CHEM-TR-0116,img_train_0116_var07,train,1504.53,63.4,47.7,30.4,21.04,4.4,13.84,30.0,52.5,24.7,75.22,0.1,34.97,33.5,57.8,21.8
CHEM-TR-0116,img_train_0116_var09,train,1504.53,63.9,47.5,32.3,21.07,5.07,12.59,30.0,49.0,24.7,75.16,0.1,45.76,19.3,39.8,18.8
CHEM-TR-0116,img_train_0116_var10,train,1504.53,63.8,46.9,30.4,20.85,5.15,13.6,30.0,52.5,24.7,75.43,0.1,46.74,23.3,64.8,10.0
CHEM-TR-0117,img_train_0117_var01,train,54.04,230.7,223.7,205.7,89.18,-0.68,9.7,44.0,11.0,90.2,6.96,0.587,14.47,27.1,48.2,16.7
CHEM-TR-0117,img_train_0117_var02,train,54.04,230.3,222.2,205.6,88.77,-0.06,9.11,40.0,11.0,90.2,7.25,0.974,0.9,31.5,32.9,34.8
CHEM-TR-0117,img_train_0117_var04,train,54.04,231.7,230.2,220.7,91.23,-1.14,4.78,54.0,4.7,90.6,6.58,0.547,15.84,21.3,48.5,10.8
CHEM-TR-0117,img_train_0117_var05,train,54.04,229.2,222.7,205.4,88.8,-0.72,9.27,42.0,10.6,89.8,7.31,0.957,1.52,21.1,43.3,5.8
CHEM-TR-0117,img_train_0117_var06,train,54.04,232.0,223.4,204.8,89.18,-0.19,10.17,42.0,11.8,90.6,6.95,0.593,14.23,32.2,39.4,25.5
CHEM-TR-0117,img_train_0117_var07,train,54.04,232.2,225.7,207.6,89.83,-0.84,9.6,44.0,10.6,91.0,6.34,0.9,3.51,19.4,35.5,20.0
CHEM-TR-0117,img_train_0117_var09,train,54.04,231.1,223.8,206.3,89.23,-0.44,9.45,40.0,11.0,90.6,6.85,0.655,12.09,24.4,63.5,29.0
CHEM-TR-0117,img_train_0117_var10,train,54.04,216.9,213.3,199.2,85.31,-1.23,7.39,50.0,7.8,84.7,10.95,0.274,25.42,32.0,39.4,9.9
CHEM-TR-0118,img_train_0118_var01,train,0.0,245.0,239.1,222.4,94.52,-0.83,8.75,46.0,9.0,95.7,2.01,0.45,19.26,26.9,53.7,17.5
CHEM-TR-0118,img_train_0118_var02,train,0.0,239.5,240.6,221.9,94.46,-3.54,8.87,64.0,7.8,94.1,4.33,0.988,0.43,33.5,46.5,19.3
CHEM-TR-0118,img_train_0118_var03,train,0.0,244.9,241.0,213.5,94.8,-3.25,13.79,54.0,12.5,95.7,6.2,0.868,4.61,24.6,76.5,37.0
CHEM-TR-0118,img_train_0118_var05,train,0.0,245.0,239.9,223.4,94.74,-1.05,8.55,46.0,8.6,95.7,2.05,0.961,1.36,30.1,72.9,20.5
CHEM-TR-0118,img_train_0118_var06,train,0.0,244.7,240.0,222.0,94.73,-1.46,9.27,50.0,9.0,95.7,2.35,0.509,17.2,25.7,76.2,14.1
CHEM-TR-0118,img_train_0118_var07,train,0.0,244.5,239.8,225.1,94.73,-0.91,7.65,44.0,7.8,95.7,2.33,0.963,1.28,26.2,42.4,36.4
CHEM-TR-0118,img_train_0118_var09,train,0.0,243.7,239.4,223.8,94.54,-1.22,8.07,48.0,8.2,95.3,2.44,0.602,13.92,29.2,30.5,32.8
CHEM-TR-0118,img_train_0118_var10,train,0.0,245.1,242.9,227.7,95.62,-1.86,7.63,50.0,7.5,96.1,2.76,0.978,0.77,26.7,43.2,15.7
CHEM-TR-0119,img_train_0119_var01,train,1590.08,66.7,49.1,33.4,21.94,5.55,13.09,30.0,49.8,25.9,74.34,0.988,0.44,19.3,35.0,33.6
CHEM-TR-0119,img_train_0119_var02,train,1590.08,61.1,44.9,31.0,19.92,5.23,11.9,28.0,51.0,23.9,76.28,0.1,52.8,27.8,67.9,11.3
CHEM-TR-0119,img_train_0119_var05,train,1590.08,62.2,44.5,29.5,19.9,5.86,12.9,28.0,53.3,24.3,76.39,0.96,1.4,29.0,42.3,17.2
CHEM-TR-0119,img_train_0119_var06,train,1590.08,62.3,46.0,31.4,20.39,5.18,12.27,28.0,49.8,24.3,75.83,0.1,54.87,27.5,71.1,35.5
CHEM-TR-0119,img_train_0119_var07,train,1590.08,65.9,47.8,31.0,21.4,5.67,13.98,30.0,53.7,25.5,74.94,0.1,37.11,28.1,55.8,34.8
CHEM-TR-0119,img_train_0119_var09,train,1590.08,65.6,47.0,31.8,21.15,6.17,13.08,28.0,52.2,25.5,75.18,0.947,1.87,29.8,57.4,16.7
CHEM-TR-0119,img_train_0119_var10,train,1590.08,52.9,36.7,22.4,16.09,5.55,12.5,28.0,57.6,20.4,80.15,0.1,47.95,21.1,56.8,25.5
CHEM-TR-0120,img_train_0120_var01,train,1101.67,86.2,69.0,50.1,30.59,4.32,14.21,32.0,42.0,33.7,65.73,0.1,47.62,21.0,35.1,38.5
CHEM-TR-0120,img_train_0120_var02,train,1101.67,91.6,71.8,51.2,32.03,5.26,15.55,30.0,43.9,35.7,64.48,0.1,46.79,28.8,53.1,15.0
CHEM-TR-0120,img_train_0120_var03,train,1101.67,92.1,81.4,112.9,36.77,11.44,-16.42,262.0,27.8,43.9,65.38,0.982,0.61,33.0,51.3,37.3
CHEM-TR-0120,img_train_0120_var04,train,1101.67,91.8,70.1,50.3,31.55,6.33,15.51,30.0,45.1,35.7,65.04,0.988,0.44,34.8,73.5,6.5
CHEM-TR-0120,img_train_0120_var05,train,1101.67,90.7,72.5,51.2,32.14,4.41,15.67,32.0,43.1,35.3,64.33,0.958,1.48,21.5,62.2,24.0
CHEM-TR-0120,img_train_0120_var06,train,1101.67,91.5,73.0,53.1,32.42,4.7,14.87,32.0,41.6,35.7,63.99,0.1,48.9,32.4,65.3,32.8
CHEM-TR-0120,img_train_0120_var07,train,1101.67,90.8,72.0,51.1,32.0,4.78,15.58,30.0,43.1,35.3,64.48,0.1,39.45,22.3,72.9,19.7
CHEM-TR-0120,img_train_0120_var08,train,1101.67,93.0,79.0,65.0,34.6,3.4,10.44,30.0,30.2,36.5,61.49,0.1,51.89,21.8,39.0,31.2
CHEM-TR-0120,img_train_0120_var09,train,1101.67,86.8,68.3,49.1,30.42,4.92,14.64,30.0,43.1,33.7,65.97,0.1,40.18,32.2,58.5,24.5
CHEM-TR-0120,img_train_0120_var10,train,1101.67,76.6,59.0,41.4,26.31,4.99,13.84,30.0,45.9,29.8,70.0,0.1,37.26,30.1,74.8,16.3
CHEM-TR-0121,img_train_0121_var01,train,0.0,245.0,239.6,222.7,94.66,-1.05,8.83,46.0,9.0,95.7,2.06,0.5,17.49,22.2,65.7,21.8
CHEM-TR-0121,img_train_0121_var02,train,0.0,238.6,238.2,222.3,93.81,-2.61,7.73,60.0,6.7,93.3,4.01,0.983,0.59,19.1,49.1,18.1
CHEM-TR-0121,img_train_0121_var05,train,0.0,243.3,239.1,222.0,94.39,-1.48,8.75,48.0,8.6,95.3,2.56,0.957,1.5,26.4,46.3,31.7
CHEM-TR-0121,img_train_0121_var06,train,0.0,244.0,239.8,222.9,94.64,-1.46,8.68,48.0,8.6,95.3,2.41,0.488,17.92,22.5,39.8,29.4
CHEM-TR-0121,img_train_0121_var07,train,0.0,244.7,242.0,223.7,95.26,-2.21,9.17,54.0,8.6,95.7,2.81,0.248,26.32,22.2,71.0,17.4
CHEM-TR-0121,img_train_0121_var09,train,0.0,243.6,239.1,222.7,94.42,-1.22,8.44,48.0,8.6,95.3,2.4,0.608,13.71,20.4,58.5,26.9
CHEM-TR-0121,img_train_0121_var10,train,0.0,240.2,243.0,226.7,95.24,-3.72,7.51,68.0,6.7,94.9,4.54,0.111,31.12,32.8,48.8,19.0
CHEM-TR-0122,img_train_0122_var05,train,1657.86,62.2,45.3,29.0,20.11,5.26,13.48,30.0,53.3,24.3,76.17,0.961,1.38,21.3,50.6,34.8
CHEM-TR-0122,img_train_0122_var07,train,1657.86,62.1,45.4,28.9,20.14,5.14,13.63,30.0,54.9,24.3,76.14,0.97,1.04,33.0,74.5,36.8
CHEM-TR-0122,img_train_0122_var09,train,1657.86,62.4,45.3,30.7,20.18,5.55,12.45,28.0,51.8,24.3,76.07,0.95,1.75,30.6,50.0,34.7
CHEM-TR-0122,img_train_0122_var10,train,1657.86,47.4,31.9,17.9,13.76,5.41,12.28,28.0,63.9,18.4,82.45,0.1,48.49,20.6,66.6,28.6
CHEM-TR-0123,img_train_0123_var01,train,377.94,165.5,151.0,128.1,63.12,1.56,14.02,36.0,22.4,64.7,33.28,0.231,26.93,34.9,75.3,23.0
CHEM-TR-0123,img_train_0123_var02,train,377.94,164.6,149.7,126.6,62.66,1.7,14.19,36.0,23.1,64.3,33.76,0.978,0.75,24.6,32.2,38.8
CHEM-TR-0123,img_train_0123_var03,train,377.94,186.0,189.4,255.0,78.59,12.86,-32.65,236.0,27.5,100.0,46.8,0.984,0.56,27.5,54.4,5.6
CHEM-TR-0123,img_train_0123_var04,train,377.94,179.1,157.3,135.3,66.18,4.5,14.46,30.0,24.7,70.2,30.58,0.984,0.56,21.0,49.2,16.1
CHEM-TR-0123,img_train_0123_var05,train,377.94,164.6,149.1,127.1,62.52,2.08,13.69,36.0,22.7,64.3,33.84,0.955,1.58,28.5,33.7,14.9
CHEM-TR-0123,img_train_0123_var06,train,377.94,168.6,153.0,129.0,63.96,1.79,14.71,38.0,23.9,65.9,32.57,0.988,0.43,33.9,56.5,32.0
CHEM-TR-0123,img_train_0123_var07,train,377.94,168.9,152.0,128.9,63.73,2.45,14.42,36.0,23.9,65.9,32.78,0.92,2.81,19.4,31.9,21.9
CHEM-TR-0123,img_train_0123_var08,train,377.94,179.0,167.0,161.0,69.32,3.27,4.65,20.0,10.2,70.2,27.17,0.664,11.75,24.4,64.9,6.6
CHEM-TR-0123,img_train_0123_var09,train,377.94,168.3,152.8,129.0,63.89,1.77,14.61,36.0,23.1,65.9,32.62,0.422,20.23,21.9,30.2,28.2
CHEM-TR-0123,img_train_0123_var10,train,377.94,154.1,141.3,119.8,59.32,1.17,13.21,38.0,22.7,60.4,36.93,0.98,0.69,28.6,62.5,12.5
CHEM-TR-0124,img_train_0124_var01,train,976.88,101.1,81.3,60.7,36.07,4.98,15.22,30.0,40.8,39.6,60.42,0.1,44.98,30.9,48.5,25.5
CHEM-TR-0124,img_train_0124_var02,train,976.88,100.1,81.5,60.5,35.99,4.4,15.26,32.0,40.0,39.2,60.46,0.983,0.61,30.3,78.6,27.3
CHEM-TR-0124,img_train_0124_var03,train,976.88,101.1,82.7,66.5,36.58,4.97,12.39,28.0,34.5,39.6,59.68,0.1,49.45,30.6,70.7,12.5
CHEM-TR-0124,img_train_0124_var04,train,976.88,97.9,77.2,57.2,34.44,5.59,15.18,30.0,41.2,38.0,62.08,0.1,54.76,29.6,38.9,33.8
CHEM-TR-0124,img_train_0124_var05,train,976.88,99.9,80.6,59.3,35.69,4.7,15.6,32.0,40.4,38.8,60.82,0.961,1.36,33.9,58.6,9.4
CHEM-TR-0124,img_train_0124_var06,train,976.88,95.5,77.8,58.6,34.37,4.32,14.13,30.0,38.8,37.3,61.96,0.1,42.51,31.5,67.9,37.3
CHEM-TR-0124,img_train_0124_var07,train,976.88,95.7,77.8,58.5,34.4,4.44,14.23,30.0,38.8,37.3,61.95,0.214,27.51,31.3,43.3,9.7
CHEM-TR-0124,img_train_0124_var08,train,976.88,106.0,90.0,77.0,39.43,4.28,9.93,26.0,27.5,41.6,56.7,0.1,51.64,27.1,46.6,11.1
CHEM-TR-0124,img_train_0124_var09,train,976.88,95.8,78.5,58.5,34.6,4.04,14.54,32.0,38.8,37.3,61.75,0.1,37.72,33.2,37.2,9.4
CHEM-TR-0124,img_train_0124_var10,train,976.88,88.7,70.0,50.6,31.18,4.97,14.73,32.0,43.1,34.5,65.23,0.1,37.54,33.4,69.0,36.8
CHEM-TR-0125,img_train_0125_var01,train,1946.03,55.0,39.5,25.9,17.33,5.14,11.8,28.0,54.5,21.6,78.86,0.98,0.69,25.7,35.9,22.5
CHEM-TR-0125,img_train_0125_var02,train,1946.03,54.7,39.4,27.1,17.29,5.2,10.88,26.0,49.8,21.2,78.87,0.1,54.24,32.4,45.3,13.7
CHEM-TR-0125,img_train_0125_var03,train,1946.03,55.7,46.4,70.6,21.07,10.11,-13.57,262.0,34.1,27.5,78.84,0.983,0.61,20.2,77.4,13.7
CHEM-TR-0125,img_train_0125_var05,train,1946.03,49.7,34.7,22.9,15.04,5.29,10.74,26.0,55.3,19.2,81.12,0.1,38.84,29.9,44.8,18.4
CHEM-TR-0125,img_train_0125_var07,train,1946.03,49.5,32.7,19.5,14.32,6.15,12.11,26.0,61.2,19.2,81.93,0.1,39.4,31.9,75.8,4.9
CHEM-TR-0125,img_train_0125_var09,train,1946.03,54.1,38.3,25.2,16.81,5.4,11.53,26.0,53.7,21.2,79.38,0.921,2.77,28.4,51.2,5.0
CHEM-TR-0125,img_train_0125_var10,train,1946.03,42.3,27.2,14.2,11.44,5.57,11.09,28.0,66.7,16.5,84.74,0.1,54.29,33.1,67.1,31.4
CHEM-TR-0126,img_train_0126_var01,train,1824.66,54.3,38.4,25.7,16.89,5.48,11.32,26.0,53.7,21.2,79.3,0.1,52.23,27.9,47.2,13.7
CHEM-TR-0126,img_train_0126_var02,train,1824.66,56.6,42.1,28.2,18.37,4.47,11.67,30.0,49.8,22.0,77.78,0.1,54.68,32.6,76.8,20.6
CHEM-TR-0126,img_train_0126_var03,train,1824.66,58.9,48.3,69.1,21.94,9.62,-11.19,268.0,30.6,27.1,77.3,0.983,0.59,27.5,66.4,22.0
CHEM-TR-0126,img_train_0126_var05,train,1824.66,54.3,38.5,25.6,16.91,5.45,11.41,26.0,53.7,21.2,79.28,0.1,38.29,24.2,35.4,24.2
CHEM-TR-0126,img_train_0126_var07,train,1824.66,51.5,35.7,22.9,15.6,5.57,11.5,26.0,56.9,20.0,80.6,0.1,47.27,21.5,64.4,12.9
CHEM-TR-0126,img_train_0126_var09,train,1824.66,57.5,41.9,27.9,18.44,5.02,11.92,28.0,52.5,22.4,77.75,0.943,1.99,28.0,56.7,19.5
CHEM-TR-0126,img_train_0126_var10,train,1824.66,52.2,36.6,23.1,16.0,5.3,11.89,26.0,55.7,20.4,80.2,0.1,50.11,32.0,33.8,17.6
CHEM-TR-0127,img_train_0127_var01,train,196.84,198.1,187.5,167.1,76.42,0.28,11.68,38.0,15.7,77.6,19.76,0.564,15.25,22.6,41.8,34.9
CHEM-TR-0127,img_train_0127_var02,train,196.84,198.2,186.7,166.5,76.21,0.65,11.7,38.0,16.1,77.6,19.97,0.981,0.67,29.8,33.8,30.7
CHEM-TR-0127,img_train_0127_var04,train,196.84,217.4,200.6,179.9,81.66,2.49,12.48,34.0,17.6,85.1,14.89,0.626,13.11,24.3,61.5,24.2
CHEM-TR-0127,img_train_0127_var05,train,196.84,196.9,186.4,166.7,76.03,0.39,11.32,40.0,15.3,76.9,20.1,0.955,1.59,27.8,45.2,8.1
CHEM-TR-0127,img_train_0127_var06,train,196.84,201.2,189.6,166.7,77.2,0.32,13.05,40.0,17.3,78.8,19.23,0.55,15.76,20.7,67.3,22.3
CHEM-TR-0127,img_train_0127_var07,train,196.84,197.6,187.3,168.1,76.34,0.37,11.04,40.0,14.9,77.3,19.77,0.71,10.14,25.4,44.4,12.6
CHEM-TR-0127,img_train_0127_var08,train,196.84,201.0,199.0,193.0,80.24,-0.38,3.24,46.0,3.9,78.8,16.8,0.979,0.73,33.6,63.3,12.2
CHEM-TR-0127,img_train_0127_var09,train,196.84,201.2,188.8,167.1,77.01,0.74,12.57,38.0,16.9,78.8,19.32,0.611,13.61,24.3,76.2,17.7
CHEM-TR-0127,img_train_0127_var10,train,196.84,188.1,178.8,160.1,73.15,0.16,10.7,38.0,14.9,73.7,22.92,0.979,0.73,24.5,35.7,31.8
CHEM-TR-0128,img_train_0128_var01,train,0.0,245.0,239.8,222.3,94.69,-1.18,9.08,44.0,9.4,96.1,2.13,0.519,16.82,24.3,32.8,21.2
CHEM-TR-0128,img_train_0128_var02,train,0.0,243.2,239.4,222.8,94.47,-1.55,8.48,48.0,8.6,95.3,2.61,0.98,0.71,34.9,63.2,7.1
CHEM-TR-0128,img_train_0128_var05,train,0.0,246.1,239.9,221.8,94.79,-0.94,9.48,44.0,10.2,96.5,1.94,0.961,1.36,29.5,39.4,7.6
CHEM-TR-0128,img_train_0128_var06,train,0.0,244.7,240.0,221.5,94.7,-1.51,9.47,46.0,9.4,95.7,2.44,0.485,18.04,24.4,72.3,13.1
CHEM-TR-0128,img_train_0128_var07,train,0.0,244.7,240.8,223.8,94.96,-1.56,8.69,48.0,8.6,95.7,2.33,0.966,1.2,24.7,53.0,5.8
CHEM-TR-0128,img_train_0128_var09,train,0.0,243.5,240.0,223.2,94.64,-1.66,8.5,48.0,8.2,95.3,2.6,0.574,14.91,19.6,73.2,32.4
CHEM-TR-0128,img_train_0128_var10,train,0.0,233.5,230.6,217.2,91.4,-1.34,6.87,48.0,7.1,91.4,5.39,0.189,28.38,31.2,58.3,4.8
CHEM-TR-0129,img_train_0129_var02,train,1779.48,54.3,39.2,26.4,17.14,5.01,11.21,28.0,51.8,21.2,79.02,0.1,52.23,22.1,46.3,5.1
CHEM-TR-0129,img_train_0129_var05,train,1779.48,53.9,38.8,24.4,16.93,4.89,12.23,28.0,54.9,20.8,79.26,0.1,38.6,27.6,41.6,16.2
CHEM-TR-0129,img_train_0129_var06,train,1779.48,59.7,44.1,28.9,19.42,4.8,12.6,30.0,52.5,23.1,76.79,0.986,0.48,19.4,44.3,6.2
CHEM-TR-0129,img_train_0129_var07,train,1779.48,57.8,41.9,26.7,18.46,4.97,12.8,30.0,54.5,22.4,77.76,0.1,38.4,32.7,59.1,29.0
CHEM-TR-0129,img_train_0129_var08,train,1779.48,61.0,48.0,36.0,20.96,3.82,9.92,28.0,41.2,23.9,75.12,0.1,53.42,21.6,70.1,28.4
CHEM-TR-0129,img_train_0129_var09,train,1779.48,53.4,38.0,25.2,16.62,5.24,11.27,26.0,52.9,20.8,79.55,0.1,48.0,30.9,77.6,10.6
CHEM-TR-0130,img_train_0130_var02,train,1480.91,69.1,53.0,35.7,23.5,4.46,13.65,32.0,49.4,27.1,72.76,0.98,0.69,25.4,34.6,13.0
CHEM-TR-0130,img_train_0130_var05,train,1480.91,64.5,48.8,33.8,21.58,4.68,12.33,30.0,48.6,25.1,74.61,0.1,36.97,30.8,63.9,23.3
CHEM-TR-0130,img_train_0130_var06,train,1480.91,65.8,49.2,34.4,21.88,5.19,12.31,30.0,47.8,25.5,74.34,0.1,52.27,30.9,41.4,13.3
CHEM-TR-0130,img_train_0130_var07,train,1480.91,69.0,50.8,34.9,22.79,5.73,13.27,28.0,50.2,26.7,73.52,0.1,36.43,29.1,75.3,23.6
CHEM-TR-0130,img_train_0130_var08,train,1480.91,74.0,58.0,45.0,25.78,4.88,10.76,26.0,39.2,29.0,70.38,0.1,50.72,21.7,51.9,26.6
CHEM-TR-0130,img_train_0130_var09,train,1480.91,68.3,51.0,34.7,22.76,5.24,13.32,30.0,50.2,26.7,73.52,0.914,3.01,25.8,45.6,13.9
CHEM-TR-0130,img_train_0130_var10,train,1480.91,68.7,51.0,34.2,22.79,5.38,13.69,30.0,50.2,26.7,73.52,0.1,48.83,26.2,68.3,21.0
CHEM-TR-0131,img_train_0131_var01,train,315.74,174.9,162.6,139.8,67.32,0.67,13.46,40.0,20.0,68.2,29.03,0.483,18.09,34.8,51.5,5.0
CHEM-TR-0131,img_train_0131_var02,train,315.74,174.7,162.1,139.7,67.16,0.86,13.3,40.0,20.0,68.2,29.16,0.979,0.73,23.2,75.3,11.3
CHEM-TR-0131,img_train_0131_var03,train,315.74,179.2,164.5,140.0,68.2,1.28,14.68,38.0,22.4,70.2,28.39,0.98,0.68,22.7,37.4,32.8
CHEM-TR-0131,img_train_0131_var04,train,315.74,189.3,172.6,151.2,71.44,2.48,13.2,34.0,20.0,74.1,25.0,0.46,18.89,25.6,70.6,21.6
CHEM-TR-0131,img_train_0131_var05,train,315.74,174.9,160.9,139.4,66.86,1.52,13.06,36.0,20.0,68.2,29.44,0.964,1.27,27.6,32.9,16.7
CHEM-TR-0131,img_train_0131_var06,train,315.74,175.2,162.6,140.0,67.34,0.8,13.41,38.0,20.4,68.6,29.0,0.482,18.13,20.6,54.1,38.9
CHEM-TR-0131,img_train_0131_var07,train,315.74,178.4,165.2,140.6,68.32,0.72,14.49,40.0,21.2,69.8,28.22,0.97,1.04,34.6,61.3,30.2
CHEM-TR-0131,img_train_0131_var08,train,315.74,178.0,176.0,174.0,71.94,0.34,1.27,30.0,2.4,69.8,25.27,0.935,2.26,23.4,73.7,31.9
CHEM-TR-0131,img_train_0131_var09,train,315.74,179.0,164.3,140.7,68.15,1.44,14.21,36.0,22.0,70.2,28.35,0.949,1.8,34.7,63.0,9.6
CHEM-TR-0131,img_train_0131_var10,train,315.74,170.2,157.5,134.8,65.42,0.86,13.57,38.0,21.2,66.7,30.92,0.967,1.16,29.0,43.6,15.3
CHEM-TR-0132,img_train_0132_var01,train,0.0,244.0,239.3,223.1,94.5,-1.16,8.37,48.0,8.2,95.3,2.32,0.53,16.43,21.8,42.5,5.6
CHEM-TR-0132,img_train_0132_var02,train,0.0,241.1,240.3,222.0,94.53,-2.85,8.94,56.0,7.8,94.5,3.66,0.987,0.47,24.5,30.8,18.7
CHEM-TR-0132,img_train_0132_var03,train,0.0,245.8,241.1,219.9,95.03,-1.95,10.8,50.0,10.6,96.1,3.19,0.961,1.38,20.5,58.0,14.8
CHEM-TR-0132,img_train_0132_var05,train,0.0,244.4,239.7,221.5,94.6,-1.47,9.34,46.0,9.4,95.7,2.44,0.966,1.18,19.2,63.8,34.8
CHEM-TR-0132,img_train_0132_var06,train,0.0,245.0,240.1,222.4,94.79,-1.36,9.13,50.0,9.0,95.7,2.22,0.537,16.21,26.3,53.8,9.6
CHEM-TR-0132,img_train_0132_var07,train,0.0,244.6,240.3,224.4,94.84,-1.22,8.16,48.0,8.2,95.7,2.24,0.963,1.31,34.9,58.9,38.9
CHEM-TR-0132,img_train_0132_var09,train,0.0,245.6,240.1,222.5,94.82,-1.08,9.14,46.0,9.4,96.1,1.98,0.561,15.36,28.5,67.7,29.9
CHEM-TR-0132,img_train_0132_var10,train,0.0,245.3,241.9,226.7,95.35,-1.42,7.71,48.0,7.8,96.1,2.4,0.973,0.95,25.1,35.2,12.6
CHEM-TR-0133,img_train_0133_var01,train,1266.46,77.1,58.5,42.2,26.25,5.62,13.27,28.0,45.5,30.2,70.07,0.1,50.26,28.3,72.1,35.0
CHEM-TR-0133,img_train_0133_var02,train,1266.46,75.8,58.9,40.8,26.19,4.55,14.07,30.0,46.7,29.4,70.11,0.1,45.17,20.8,45.5,29.5
CHEM-TR-0133,img_train_0133_var03,train,1266.46,75.7,58.0,39.1,25.85,4.89,14.69,30.0,47.8,29.4,70.52,0.1,52.69,20.1,60.5,29.7
CHEM-TR-0133,img_train_0133_var05,train,1266.46,75.6,58.7,41.6,26.11,4.71,13.41,30.0,45.5,29.4,70.16,0.1,32.62,19.1,30.6,18.8
CHEM-TR-0133,img_train_0133_var06,train,1266.46,82.4,63.3,45.0,28.36,5.42,14.42,30.0,46.3,32.2,68.03,0.1,49.69,33.8,52.0,13.3
CHEM-TR-0133,img_train_0133_var07,train,1266.46,81.0,60.9,42.8,27.42,6.06,14.54,28.0,47.5,31.4,69.03,0.1,35.09,27.7,76.1,5.8
CHEM-TR-0133,img_train_0133_var08,train,1266.46,130.2,90.4,107.3,43.07,19.12,-3.09,334.0,30.6,51.0,57.4,0.1,46.68,35.0,69.0,18.1
CHEM-TR-0133,img_train_0133_var09,train,1266.46,81.5,61.8,44.0,27.77,5.87,14.25,28.0,47.1,31.8,68.64,0.95,1.74,33.1,49.5,10.3
CHEM-TR-0133,img_train_0133_var10,train,1266.46,67.4,49.7,33.5,22.21,5.53,13.42,28.0,50.6,26.3,74.09,0.1,45.07,33.2,39.1,16.1
CHEM-TR-0134,img_train_0134_var01,train,684.41,122.8,106.1,83.3,45.85,2.9,15.25,36.0,32.2,47.8,50.59,0.1,35.67,24.4,44.9,16.9
CHEM-TR-0134,img_train_0134_var02,train,684.41,127.8,110.5,85.0,47.61,2.74,16.76,36.0,33.7,49.8,49.06,0.98,0.69,28.6,36.4,26.8
CHEM-TR-0134,img_train_0134_var03,train,684.41,128.4,115.6,134.0,50.39,8.61,-8.25,282.0,14.1,52.5,49.43,0.1,38.4,34.4,65.9,13.3
CHEM-TR-0134,img_train_0134_var04,train,684.41,132.8,113.1,88.6,48.91,3.8,16.45,34.0,33.3,51.8,47.79,0.1,41.3,30.6,72.0,34.3
CHEM-TR-0134,img_train_0134_var05,train,684.41,127.1,108.6,84.6,47.01,3.48,16.15,34.0,33.7,49.8,49.6,0.963,1.31,20.4,62.3,21.3
CHEM-TR-0134,img_train_0134_var06,train,684.41,127.7,110.0,86.0,47.47,3.12,15.95,34.0,32.2,49.8,49.1,0.1,35.26,34.8,77.6,32.5
CHEM-TR-0134,img_train_0134_var07,train,684.41,127.1,109.9,85.6,47.37,2.87,16.04,34.0,32.9,49.8,49.19,0.288,24.92,24.6,63.6,11.8
CHEM-TR-0134,img_train_0134_var08,train,684.41,134.0,122.0,105.0,51.85,1.65,10.99,36.0,21.6,52.5,44.21,0.1,32.69,28.4,73.4,24.7
CHEM-TR-0134,img_train_0134_var09,train,684.41,123.2,106.5,83.6,46.0,2.89,15.31,34.0,32.5,48.2,50.45,0.163,29.31,29.8,41.7,32.3
CHEM-TR-0134,img_train_0134_var10,train,684.41,114.0,98.4,76.8,42.65,2.7,14.61,34.0,33.3,44.7,53.69,0.11,31.14,31.3,32.8,23.1
CHEM-TR-0135,img_train_0135_var01,train,1366.39,71.8,54.4,38.5,24.28,5.29,12.95,30.0,46.7,27.8,71.99,0.1,49.11,34.0,57.8,16.7
CHEM-TR-0135,img_train_0135_var02,train,1366.39,74.8,57.0,40.3,25.46,5.27,13.38,28.0,45.9,29.0,70.84,0.978,0.76,33.8,59.2,6.2
CHEM-TR-0135,img_train_0135_var04,train,1366.39,73.2,52.7,34.5,23.87,6.55,15.02,28.0,53.3,28.6,72.63,0.99,0.35,32.5,72.3,23.1
CHEM-TR-0135,img_train_0135_var05,train,1366.39,75.8,55.8,38.7,25.21,6.28,14.11,28.0,49.4,29.4,71.21,0.963,1.31,28.3,79.0,23.3
CHEM-TR-0135,img_train_0135_var06,train,1366.39,76.2,57.7,41.1,25.87,5.61,13.44,28.0,45.9,29.8,70.46,0.1,54.52,22.5,49.9,17.6
CHEM-TR-0135,img_train_0135_var07,train,1366.39,71.2,52.4,36.5,23.57,5.98,13.31,28.0,49.4,27.8,72.76,0.1,33.23,20.2,51.8,6.7
CHEM-TR-0135,img_train_0135_var09,train,1366.39,75.6,56.5,39.4,25.4,5.87,13.91,28.0,47.8,29.4,70.97,0.955,1.58,29.5,34.8,19.3
CHEM-TR-0135,img_train_0135_var10,train,1366.39,63.6,45.2,29.7,20.29,6.1,13.31,28.0,54.1,24.7,76.04,0.1,44.23,28.7,57.7,29.3
CHEM-TR-0136,img_train_0136_var02,train,1680.71,62.3,46.1,31.4,20.41,5.1,12.3,30.0,49.8,24.3,75.8,0.981,0.68,34.9,73.1,22.6
CHEM-TR-0136,img_train_0136_var05,train,1680.71,61.8,45.4,29.5,20.12,5.05,13.18,30.0,52.5,23.9,76.13,0.961,1.36,24.8,35.8,16.6
CHEM-TR-0136,img_train_0136_var07,train,1680.71,62.2,45.2,29.4,20.11,5.39,13.25,30.0,53.3,24.3,76.17,0.1,39.78,19.4,59.1,19.9
CHEM-TR-0136,img_train_0136_var08,train,1680.71,65.0,51.0,38.0,22.41,4.09,10.64,28.0,41.6,25.5,73.7,0.1,53.61,24.7,35.1,23.8
CHEM-TR-0136,img_train_0136_var09,train,1680.71,62.9,45.5,31.0,20.31,5.75,12.44,28.0,49.8,24.3,75.95,0.956,1.54,25.8,74.7,23.6
CHEM-TR-0136,img_train_0136_var10,train,1680.71,52.1,37.1,22.0,16.11,4.77,12.76,30.0,57.6,20.4,80.09,0.1,51.64,28.1,52.4,23.7
CHEM-TR-0137,img_train_0137_var01,train,952.03,97.9,80.2,59.2,35.34,4.04,15.15,34.0,39.2,38.0,61.07,0.1,43.33,20.3,44.5,7.4
CHEM-TR-0137,img_train_0137_var02,train,952.03,102.7,83.8,60.7,36.94,4.21,16.48,32.0,41.2,40.0,59.65,0.1,45.31,27.9,66.6,21.7
CHEM-TR-0137,img_train_0137_var03,train,952.03,138.7,137.3,241.7,61.5,26.2,-52.39,240.0,43.1,94.5,74.96,0.1,48.93,26.4,35.7,4.5
CHEM-TR-0137,img_train_0137_var04,train,952.03,104.7,82.4,60.1,36.74,5.93,16.59,30.0,42.4,40.8,59.99,0.1,53.44,33.5,40.0,36.1
CHEM-TR-0137,img_train_0137_var05,train,952.03,96.5,79.0,58.4,34.82,4.04,14.89,32.0,39.6,37.6,61.56,0.185,28.51,32.0,74.5,5.5
CHEM-TR-0137,img_train_0137_var06,train,952.03,102.6,83.4,61.0,36.84,4.46,16.12,32.0,40.4,40.0,59.72,0.985,0.51,34.5,54.1,36.7
CHEM-TR-0137,img_train_0137_var07,train,952.03,97.2,78.8,58.4,34.85,4.46,14.93,30.0,40.4,38.0,61.56,0.1,36.23,31.3,63.0,12.6
CHEM-TR-0137,img_train_0137_var08,train,952.03,108.0,93.0,78.0,40.52,3.49,10.86,30.0,27.8,42.4,55.59,0.1,40.04,22.5,37.2,38.7
CHEM-TR-0137,img_train_0137_var09,train,952.03,97.8,79.5,59.7,35.14,4.46,14.58,32.0,39.2,38.0,61.24,0.1,38.08,25.9,60.4,24.9
CHEM-TR-0137,img_train_0137_var10,train,952.03,87.0,70.3,50.9,31.08,4.01,14.36,32.0,42.4,34.1,65.24,0.1,38.88,23.8,54.9,13.9
CHEM-TR-0138,img_train_0138_var01,train,856.19,105.3,88.2,67.7,38.63,3.68,14.52,34.0,36.1,41.2,57.72,0.1,38.73,19.7,46.4,34.1
CHEM-TR-0138,img_train_0138_var02,train,856.19,110.4,91.9,69.1,40.25,3.9,15.92,32.0,37.3,43.1,56.28,0.1,37.84,23.7,49.6,21.2
CHEM-TR-0138,img_train_0138_var03,train,856.19,104.7,87.4,65.2,38.3,3.52,15.58,34.0,37.6,40.8,58.15,0.1,45.8,31.7,63.8,11.6
CHEM-TR-0138,img_train_0138_var04,train,856.19,113.7,91.5,69.5,40.52,5.68,16.14,30.0,38.8,44.3,56.18,0.1,49.19,31.4,53.3,6.4
CHEM-TR-0138,img_train_0138_var05,train,856.19,105.6,87.2,67.4,38.37,4.35,14.34,32.0,36.1,41.2,58.0,0.166,29.21,25.0,55.4,30.9
CHEM-TR-0138,img_train_0138_var06,train,856.19,111.2,91.5,69.6,40.25,4.53,15.64,32.0,37.6,43.5,56.29,0.986,0.49,28.2,64.9,29.1
CHEM-TR-0138,img_train_0138_var07,train,856.19,105.3,87.3,67.7,38.38,4.2,14.18,32.0,36.1,41.2,57.97,0.1,32.4,33.2,71.7,24.3
CHEM-TR-0138,img_train_0138_var08,train,856.19,117.0,107.0,91.0,45.71,1.08,10.4,36.0,22.4,45.9,50.31,0.1,47.31,29.4,38.5,27.7
CHEM-TR-0138,img_train_0138_var09,train,856.19,110.1,91.6,69.9,40.17,4.06,15.32,32.0,37.3,43.1,56.3,0.955,1.59,26.9,52.5,19.3
CHEM-TR-0138,img_train_0138_var10,train,856.19,101.4,82.9,61.5,36.57,4.27,15.42,32.0,39.6,39.6,59.89,0.1,39.93,20.0,37.3,8.6
CHEM-TR-0139,img_train_0139_var01,train,1462.8,66.4,49.7,33.6,22.11,5.0,13.14,30.0,49.8,25.9,74.14,0.1,54.31,31.8,57.6,30.4
CHEM-TR-0139,img_train_0139_var02,train,1462.8,70.2,53.1,35.6,23.64,4.98,13.93,30.0,49.8,27.5,72.67,0.98,0.7,29.5,62.1,24.1
CHEM-TR-0139,img_train_0139_var05,train,1462.8,65.8,48.9,32.9,21.75,5.2,13.17,30.0,50.6,25.5,74.52,0.1,36.53,22.9,32.9,14.2
CHEM-TR-0139,img_train_0139_var06,train,1462.8,71.4,53.1,37.2,23.83,5.7,13.21,28.0,47.8,27.8,72.48,0.985,0.52,22.1,58.1,6.5
CHEM-TR-0139,img_train_0139_var07,train,1462.8,66.1,47.5,31.9,21.35,6.11,13.3,28.0,52.9,25.9,74.98,0.1,35.06,32.2,47.8,25.8
CHEM-TR-0139,img_train_0139_var09,train,1462.8,65.7,48.5,33.4,21.65,5.4,12.7,28.0,49.4,25.5,74.6,0.1,47.8,21.6,41.9,29.8
CHEM-TR-0139,img_train_0139_var10,train,1462.8,66.1,48.3,32.5,21.63,5.65,13.29,28.0,51.4,25.9,74.67,0.1,44.96,29.9,57.0,4.5
CHEM-TR-0140,img_train_0140_var01,train,176.44,205.3,193.8,171.5,78.74,0.32,12.66,38.0,16.5,80.4,17.64,0.525,16.63,25.2,62.3,28.1
CHEM-TR-0140,img_train_0140_var02,train,176.44,202.6,191.6,171.4,77.95,0.49,11.57,38.0,15.3,79.2,18.23,0.976,0.83,22.1,39.9,26.4
CHEM-TR-0140,img_train_0140_var04,train,176.44,224.7,212.3,189.9,85.47,0.6,12.65,40.0,15.7,87.8,11.15,0.991,0.31,21.4,66.4,25.2
CHEM-TR-0140,img_train_0140_var05,train,176.44,205.1,193.3,171.3,78.6,0.49,12.59,38.0,16.5,80.4,17.77,0.959,1.43,24.3,40.4,25.1
CHEM-TR-0140,img_train_0140_var06,train,176.44,202.5,192.1,171.2,78.06,0.18,11.83,40.0,15.3,79.2,18.16,0.602,13.92,24.1,56.2,19.0
CHEM-TR-0140,img_train_0140_var07,train,176.44,203.0,192.1,172.7,78.14,0.57,11.16,38.0,15.3,79.6,17.99,0.965,1.22,28.6,73.7,26.6
CHEM-TR-0140,img_train_0140_var09,train,176.44,202.8,192.0,171.4,78.07,0.34,11.76,40.0,15.3,79.2,18.14,0.651,12.22,24.1,71.8,20.5
CHEM-TR-0140,img_train_0140_var10,train,176.44,197.9,187.4,167.0,76.38,0.27,11.66,40.0,15.3,77.3,19.8,0.98,0.69,34.6,35.8,37.8
CHEM-TR-0141,img_train_0141_var01,train,926.95,99.5,82.2,62.3,36.18,3.97,14.37,32.0,37.3,38.8,60.16,0.1,45.74,34.8,74.4,21.2
CHEM-TR-0141,img_train_0141_var02,train,926.95,99.4,81.7,61.6,36.0,4.1,14.56,32.0,38.4,38.8,60.36,0.1,38.43,27.6,32.3,7.3
CHEM-TR-0141,img_train_0141_var03,train,926.95,104.2,97.9,141.4,43.66,12.59,-23.05,250.0,31.4,55.3,62.55,0.1,48.96,29.9,49.1,14.7
CHEM-TR-0141,img_train_0141_var04,train,926.95,103.8,81.3,60.6,36.35,6.24,15.75,30.0,41.6,40.4,60.3,0.1,53.07,31.9,36.4,9.4
CHEM-TR-0141,img_train_0141_var05,train,926.95,98.5,81.4,59.9,35.78,3.69,15.27,34.0,39.6,38.4,60.63,0.186,28.49,34.1,50.2,16.9
CHEM-TR-0141,img_train_0141_var06,train,926.95,104.8,85.8,63.7,37.81,4.32,15.8,32.0,39.6,40.8,58.71,0.987,0.45,34.2,68.4,29.7
CHEM-TR-0141,img_train_0141_var07,train,926.95,99.3,80.7,60.0,35.67,4.46,15.08,30.0,39.2,38.8,60.76,0.1,35.81,30.9,53.5,13.9
CHEM-TR-0141,img_train_0141_var08,train,926.95,107.0,97.0,79.0,41.6,0.82,11.73,38.0,26.3,42.0,54.47,0.1,37.03,25.4,30.5,9.6
CHEM-TR-0141,img_train_0141_var09,train,926.95,99.1,81.6,60.4,35.91,3.91,15.17,32.0,39.2,38.8,60.5,0.1,35.5,34.4,50.6,25.9
CHEM-TR-0141,img_train_0141_var10,train,926.95,103.5,84.7,61.8,37.3,4.2,16.26,32.0,40.8,40.4,59.26,0.1,38.0,22.8,60.6,15.2
CHEM-TR-0142,img_train_0142_var05,train,1522.63,68.8,49.7,34.1,22.4,6.32,13.26,26.0,50.2,26.7,73.95,0.96,1.4,21.9,50.8,37.9
CHEM-TR-0142,img_train_0142_var06,train,1522.63,70.2,52.2,35.7,23.36,5.56,13.5,30.0,49.8,27.5,72.95,0.1,52.49,29.6,76.2,35.5
CHEM-TR-0142,img_train_0142_var07,train,1522.63,63.9,46.7,30.7,20.82,5.37,13.36,30.0,52.5,24.7,75.46,0.1,44.0,20.0,57.5,35.9
CHEM-TR-0142,img_train_0142_var09,train,1522.63,64.0,47.2,30.8,20.97,5.14,13.49,30.0,52.9,25.1,75.31,0.916,2.94,21.5,50.6,18.7
CHEM-TR-0142,img_train_0142_var10,train,1522.63,55.2,38.5,24.1,17.0,5.7,12.58,28.0,56.5,21.6,79.25,0.1,43.18,29.3,50.3,11.7
CHEM-TR-0143,img_train_0143_var01,train,330.81,173.3,159.8,137.1,66.36,1.18,13.59,36.0,20.8,67.8,30.0,0.388,21.42,28.5,59.8,18.8
CHEM-TR-0143,img_train_0143_var02,train,330.81,173.1,159.4,137.6,66.26,1.36,13.19,36.0,20.8,67.8,30.05,0.98,0.71,34.6,66.4,26.7
CHEM-TR-0143,img_train_0143_var03,train,330.81,192.4,191.0,246.9,79.17,12.0,-27.38,242.0,22.4,96.5,41.7,0.979,0.75,31.9,46.0,13.2
CHEM-TR-0143,img_train_0143_var04,train,330.81,192.6,173.9,151.5,72.09,3.11,13.98,32.0,21.2,75.3,24.56,0.483,18.11,19.7,37.4,5.2
CHEM-TR-0143,img_train_0143_var05,train,330.81,176.6,160.1,137.5,66.74,2.35,13.96,36.0,22.4,69.0,29.74,0.954,1.62,22.7,43.5,23.3
CHEM-TR-0143,img_train_0143_var06,train,330.81,173.6,159.7,137.1,66.37,1.32,13.62,36.0,20.8,67.8,30.0,0.405,20.84,24.6,57.5,9.2
CHEM-TR-0143,img_train_0143_var07,train,330.81,172.9,159.9,138.1,66.37,1.12,13.09,38.0,19.6,67.5,29.92,0.969,1.08,24.5,72.7,11.5
CHEM-TR-0143,img_train_0143_var08,train,330.81,189.0,184.0,170.0,74.83,-0.7,7.74,44.0,10.2,74.1,21.24,0.904,3.36,23.5,45.1,32.2
CHEM-TR-0143,img_train_0143_var09,train,330.81,177.2,161.0,137.8,67.05,2.14,14.23,36.0,22.7,69.4,29.46,0.939,2.15,20.3,54.6,35.7
CHEM-TR-0143,img_train_0143_var10,train,330.81,168.3,153.9,132.1,64.25,1.66,13.41,34.0,21.6,65.9,32.08,0.975,0.89,20.3,38.3,4.4
CHEM-TR-0144,img_train_0144_var02,train,1857.57,57.0,40.5,27.1,17.94,5.62,11.84,26.0,52.5,22.4,78.28,0.978,0.76,32.4,78.9,12.6
CHEM-TR-0144,img_train_0144_var03,train,1857.57,57.4,41.0,16.6,17.96,4.33,18.66,36.0,71.8,22.4,78.73,0.982,0.65,22.9,51.9,31.6
CHEM-TR-0144,img_train_0144_var05,train,1857.57,51.1,36.5,22.4,15.8,4.65,12.09,28.0,56.9,20.0,80.37,0.1,37.33,22.3,70.8,23.6
CHEM-TR-0144,img_train_0144_var06,train,1857.57,58.1,42.0,27.7,18.54,5.22,12.25,28.0,53.3,22.7,77.67,0.984,0.56,23.5,46.5,17.6
CHEM-TR-0144,img_train_0144_var07,train,1857.57,56.4,40.1,25.5,17.69,5.4,12.58,30.0,55.3,22.0,78.54,0.1,39.92,25.3,39.1,16.8
CHEM-TR-0144,img_train_0144_var09,train,1857.57,52.2,36.7,23.7,16.03,5.31,11.5,26.0,55.7,20.4,80.15,0.1,49.31,27.8,33.3,34.2
CHEM-TR-0144,img_train_0144_var10,train,1857.57,42.7,27.7,15.3,11.68,5.55,10.89,26.0,64.3,16.5,84.49,0.1,49.49,27.8,72.1,18.9
CHEM-TR-0145,img_train_0145_var01,train,685.84,123.6,106.4,84.2,46.02,3.18,14.96,34.0,31.8,48.2,50.41,0.1,37.13,25.2,73.1,30.6
CHEM-TR-0145,img_train_0145_var02,train,685.84,127.7,109.8,85.0,47.41,3.04,16.45,34.0,32.9,49.8,49.22,0.978,0.76,19.0,54.1,37.0
CHEM-TR-0145,img_train_0145_var03,train,685.84,127.9,109.0,60.3,46.77,0.68,29.75,44.0,52.9,49.8,53.42,0.1,38.93,23.5,54.0,20.8
CHEM-TR-0145,img_train_0145_var04,train,685.84,135.9,113.4,89.0,49.32,5.06,16.83,32.0,34.1,52.9,47.55,0.1,40.27,22.6,66.3,15.8
CHEM-TR-0145,img_train_0145_var05,train,685.84,123.3,106.4,83.5,45.98,2.97,15.3,34.0,32.5,48.2,50.48,0.328,23.52,25.3,61.4,36.4
CHEM-TR-0145,img_train_0145_var06,train,685.84,127.6,110.0,85.0,47.46,2.93,16.51,36.0,32.9,49.8,49.18,0.985,0.51,19.3,30.8,11.8
CHEM-TR-0145,img_train_0145_var07,train,685.84,126.7,108.9,85.2,47.05,3.21,15.83,34.0,32.5,49.4,49.5,0.969,1.08,29.7,58.7,6.2
CHEM-TR-0145,img_train_0145_var08,train,685.84,130.0,117.0,104.0,50.06,2.74,9.0,30.0,20.0,51.0,45.99,0.12,30.82,34.8,75.0,4.6
CHEM-TR-0145,img_train_0145_var09,train,685.84,122.8,105.9,83.9,45.8,3.12,14.83,34.0,32.2,47.8,50.61,0.159,29.42,33.7,35.6,20.5
CHEM-TR-0145,img_train_0145_var10,train,685.84,113.8,97.9,76.7,42.46,2.9,14.44,34.0,32.5,44.3,53.87,0.226,27.09,25.2,37.7,20.8
CHEM-TR-0146,img_train_0146_var01,train,115.0,215.5,208.0,187.3,83.56,-0.88,11.18,42.0,12.9,84.3,12.7,0.576,14.83,27.6,76.4,22.4
CHEM-TR-0146,img_train_0146_var02,train,115.0,218.3,208.5,187.2,83.92,-0.16,11.79,40.0,14.1,85.5,12.42,0.978,0.79,29.7,35.1,6.9
CHEM-TR-0146,img_train_0146_var03,train,115.0,217.5,212.0,188.7,84.77,-2.02,12.21,48.0,13.3,85.1,11.95,0.882,4.14,29.3,54.5,38.4
CHEM-TR-0146,img_train_0146_var04,train,115.0,230.0,222.3,202.2,88.69,-0.77,10.82,44.0,11.8,89.8,7.64,0.564,15.26,19.5,35.3,20.0
CHEM-TR-0146,img_train_0146_var05,train,115.0,216.6,208.4,186.2,83.74,-0.92,12.06,44.0,13.7,84.7,12.72,0.953,1.65,25.1,31.2,14.9
CHEM-TR-0146,img_train_0146_var06,train,115.0,216.2,207.6,187.1,83.52,-0.49,11.25,42.0,13.3,84.7,12.72,0.63,12.95,23.4,70.3,9.5
CHEM-TR-0146,img_train_0146_var07,train,115.0,218.3,209.8,187.5,84.26,-0.82,12.13,42.0,14.1,85.5,12.22,0.961,1.35,29.7,74.8,13.7
CHEM-TR-0146,img_train_0146_var09,train,115.0,215.2,207.7,186.6,83.46,-0.99,11.42,44.0,13.3,84.3,12.86,0.68,11.22,25.9,34.3,12.3
CHEM-TR-0146,img_train_0146_var10,train,115.0,203.6,198.1,180.1,79.91,-1.2,9.68,46.0,11.4,79.6,16.19,0.38,21.71,22.1,79.3,15.4
CHEM-TR-0147,img_train_0147_var01,train,102.43,220.0,210.7,191.7,84.72,0.02,10.58,40.0,13.3,86.3,11.4,0.562,15.32,27.0,79.4,15.1
CHEM-TR-0147,img_train_0147_var02,train,102.43,229.0,211.5,190.9,85.62,2.73,12.38,34.0,16.5,89.4,11.14,0.978,0.76,23.1,64.5,8.1
CHEM-TR-0147,img_train_0147_var03,train,102.43,220.8,212.0,194.4,85.16,0.07,9.78,40.0,11.8,86.3,10.88,0.918,2.86,29.9,78.5,25.7
CHEM-TR-0147,img_train_0147_var04,train,102.43,226.9,225.3,209.2,89.36,-2.23,8.05,56.0,7.5,88.6,7.24,0.665,11.74,20.2,66.3,6.0
CHEM-TR-0147,img_train_0147_var05,train,102.43,218.6,210.3,189.9,84.47,-0.57,11.13,44.0,13.3,85.5,11.77,0.953,1.65,29.9,68.1,25.6
CHEM-TR-0147,img_train_0147_var06,train,102.43,221.3,212.5,191.4,85.26,-0.49,11.52,42.0,13.7,86.7,11.08,0.627,13.07,27.9,58.4,37.8
CHEM-TR-0147,img_train_0147_var07,train,102.43,220.1,212.7,194.5,85.29,-0.49,9.87,42.0,11.8,86.3,10.79,0.967,1.15,30.5,71.5,4.3
CHEM-TR-0147,img_train_0147_var09,train,102.43,220.9,212.6,191.1,85.25,-0.75,11.65,44.0,13.3,86.3,11.14,0.648,12.33,32.7,58.5,11.7
CHEM-TR-0147,img_train_0147_var10,train,102.43,214.2,204.8,186.6,82.61,0.21,10.2,38.0,12.9,83.9,13.45,0.293,24.75,29.3,39.5,38.6
CHEM-TR-0148,img_train_0148_var01,train,945.67,99.1,80.2,61.3,35.52,4.88,14.11,30.0,38.4,38.8,60.85,0.1,41.43,31.1,77.4,23.5
CHEM-TR-0148,img_train_0148_var02,train,945.67,103.0,83.8,62.3,37.01,4.58,15.54,30.0,40.0,40.4,59.49,0.1,43.34,21.2,74.0,5.4
CHEM-TR-0148,img_train_0148_var03,train,945.67,115.5,107.2,155.5,47.77,14.17,-24.99,250.0,31.0,60.8,60.57,0.1,44.61,31.1,45.4,28.7
CHEM-TR-0148,img_train_0148_var04,train,945.67,102.5,79.4,59.8,35.65,6.72,15.28,28.0,42.4,40.0,60.99,0.1,53.75,29.0,61.1,26.3
CHEM-TR-0148,img_train_0148_var05,train,945.67,102.0,81.6,61.2,36.25,5.32,15.2,30.0,40.4,40.0,60.26,0.96,1.42,28.1,43.9,8.6
CHEM-TR-0148,img_train_0148_var06,train,945.67,98.6,80.2,60.3,35.45,4.47,14.63,32.0,38.8,38.4,60.94,0.1,39.92,19.2,61.3,28.9
CHEM-TR-0148,img_train_0148_var07,train,945.67,103.2,83.7,60.4,36.96,4.51,16.64,32.0,41.6,40.4,59.67,0.161,29.38,31.4,54.7,6.3
CHEM-TR-0148,img_train_0148_var08,train,945.67,111.0,95.0,79.0,41.42,3.74,11.55,30.0,29.0,43.5,54.74,0.1,50.41,23.3,41.7,37.2
CHEM-TR-0148,img_train_0148_var09,train,945.67,102.9,83.1,61.0,36.78,4.76,16.06,32.0,41.2,40.0,59.79,0.921,2.76,29.7,60.4,36.3
CHEM-TR-0148,img_train_0148_var10,train,945.67,90.2,72.5,53.4,32.13,4.42,14.31,30.0,41.2,35.3,64.21,0.1,38.27,26.4,70.2,24.3
CHEM-TR-0149,img_train_0149_var01,train,0.0,243.5,239.5,222.2,94.5,-1.57,8.81,48.0,8.6,95.3,2.56,0.521,16.76,31.0,42.0,6.9
CHEM-TR-0149,img_train_0149_var02,train,0.0,236.8,240.0,222.3,94.14,-4.14,8.2,74.0,7.5,94.1,5.06,0.988,0.41,27.0,77.7,16.5
CHEM-TR-0149,img_train_0149_var05,train,0.0,244.8,239.7,221.5,94.64,-1.38,9.42,46.0,9.4,95.7,2.36,0.956,1.54,21.9,48.7,17.9
CHEM-TR-0149,img_train_0149_var06,train,0.0,245.0,240.1,222.1,94.78,-1.41,9.32,50.0,9.0,95.7,2.29,0.493,17.76,24.2,53.2,4.3
CHEM-TR-0149,img_train_0149_var07,train,0.0,246.1,240.1,222.7,94.88,-0.9,9.11,46.0,9.8,96.5,1.8,0.972,0.98,28.5,71.3,18.6
CHEM-TR-0149,img_train_0149_var09,train,0.0,243.5,240.0,222.8,94.65,-1.72,8.72,48.0,8.6,95.3,2.61,0.593,14.24,33.6,40.6,31.2
CHEM-TR-0149,img_train_0149_var10,train,0.0,224.6,223.0,209.6,88.62,-1.81,6.77,56.0,6.7,87.8,8.05,0.981,0.67,28.4,80.0,4.5
CHEM-TR-0150,img_train_0150_var01,train,1802.03,60.0,42.5,29.1,18.97,6.09,11.91,26.0,51.8,23.5,77.29,0.987,0.47,28.3,63.7,11.4
CHEM-TR-0150,img_train_0150_var02,train,1802.03,57.6,42.3,29.3,18.62,5.0,11.24,28.0,49.0,22.4,77.54,0.1,53.23,21.5,77.3,34.8
CHEM-TR-0150,img_train_0150_var03,train,1802.03,58.8,41.8,21.1,18.47,4.98,16.49,32.0,63.9,22.7,78.02,0.982,0.64,28.7,71.8,20.2
CHEM-TR-0150,img_train_0150_var04,train,1802.03,53.7,35.7,20.3,15.87,6.38,13.7,28.0,62.4,20.8,80.48,0.991,0.32,24.0,58.8,11.2
CHEM-TR-0150,img_train_0150_var05,train,1802.03,58.4,41.4,27.1,18.39,5.72,12.43,28.0,53.3,22.7,77.86,0.959,1.45,25.5,79.8,6.2
CHEM-TR-0150,img_train_0150_var07,train,1802.03,54.9,37.4,23.8,16.61,6.23,12.29,28.0,57.3,21.2,79.66,0.1,35.95,27.7,48.4,29.2
CHEM-TR-0150,img_train_0150_var08,train,1802.03,62.0,48.0,35.0,21.05,4.17,10.75,28.0,43.5,24.3,75.06,0.1,53.73,23.1,67.2,20.3
CHEM-TR-0150,img_train_0150_var09,train,1802.03,58.4,41.7,27.5,18.49,5.59,12.27,28.0,53.3,22.7,77.75,0.952,1.68,33.4,49.4,27.2
CHEM-TR-0150,img_train_0150_var10,train,1802.03,52.9,37.0,22.4,16.18,5.33,12.65,28.0,57.6,20.4,80.05,0.1,47.13,34.4,71.0,31.1
CHEM-TR-0151,img_train_0151_var01,train,166.25,207.2,195.6,174.0,79.42,0.44,12.31,38.0,16.1,81.2,16.91,0.581,14.66,29.2,55.7,18.1
CHEM-TR-0151,img_train_0151_var02,train,166.25,210.5,196.1,173.6,79.82,1.32,13.15,38.0,17.6,82.4,16.72,0.983,0.58,23.6,79.4,34.0
CHEM-TR-0151,img_train_0151_var04,train,166.25,224.1,214.7,191.7,86.05,-0.58,12.51,42.0,14.9,87.8,10.61,0.992,0.29,27.3,42.1,27.1
CHEM-TR-0151,img_train_0151_var05,train,166.25,203.7,194.0,173.1,78.7,-0.14,11.75,42.0,14.9,79.6,17.53,0.962,1.35,24.8,37.1,22.4
CHEM-TR-0151,img_train_0151_var06,train,166.25,205.0,194.7,173.9,78.99,0.17,11.72,40.0,15.7,80.4,17.23,0.613,13.56,28.7,76.6,23.5
CHEM-TR-0151,img_train_0151_var07,train,166.25,204.3,194.4,174.5,78.87,0.13,11.25,40.0,14.9,80.0,17.28,0.967,1.15,24.7,54.7,29.8
CHEM-TR-0151,img_train_0151_var09,train,166.25,203.7,193.7,173.5,78.63,0.08,11.44,40.0,14.9,79.6,17.55,0.665,11.72,25.8,45.8,25.7
CHEM-TR-0151,img_train_0151_var10,train,166.25,193.7,185.7,167.2,75.6,-0.35,10.41,42.0,13.3,75.7,20.47,0.471,18.53,29.2,57.1,37.7
CHEM-TR-0152,img_train_0152_var01,train,0.0,243.9,239.8,223.3,94.65,-1.45,8.48,48.0,8.2,95.3,2.43,0.521,16.76,34.9,35.6,31.8
CHEM-TR-0152,img_train_0152_var02,train,0.0,244.2,239.5,222.1,94.55,-1.35,8.97,46.0,9.0,95.7,2.35,0.974,0.92,33.2,42.1,20.7
CHEM-TR-0152,img_train_0152_var05,train,0.0,245.8,239.7,221.5,94.71,-0.97,9.5,46.0,9.8,96.1,2.02,0.969,1.08,22.7,49.2,31.9
CHEM-TR-0152,img_train_0152_var06,train,0.0,243.5,239.7,222.8,94.56,-1.58,8.61,48.0,8.6,95.3,2.56,0.524,16.67,20.9,56.0,20.1
CHEM-TR-0152,img_train_0152_var07,train,0.0,245.9,242.2,223.3,95.39,-1.93,9.56,52.0,9.0,96.1,2.57,0.471,18.53,26.2,32.8,9.1
CHEM-TR-0152,img_train_0152_var09,train,0.0,244.6,240.5,222.1,94.84,-1.73,9.36,50.0,9.0,95.7,2.54,0.574,14.92,25.3,78.2,19.0
CHEM-TR-0152,img_train_0152_var10,train,0.0,240.8,243.2,227.1,95.34,-3.56,7.46,72.0,6.7,95.3,4.39,0.12,30.79,32.0,47.4,17.8
CHEM-TR-0153,img_train_0153_var01,train,22.97,238.3,232.3,215.2,92.15,-0.88,9.06,44.0,9.8,93.3,4.09,0.559,15.45,19.3,49.8,6.0
CHEM-TR-0153,img_train_0153_var02,train,22.97,237.9,232.1,214.4,92.04,-1.04,9.3,46.0,9.8,92.9,4.26,0.973,0.94,25.2,42.9,8.2
CHEM-TR-0153,img_train_0153_var03,train,22.97,238.5,234.0,224.1,92.8,-0.18,5.35,42.0,5.9,93.3,4.9,0.337,23.19,33.6,56.1,32.3
CHEM-TR-0153,img_train_0153_var05,train,22.97,238.7,232.6,214.8,92.24,-0.94,9.4,46.0,10.2,93.3,4.05,0.957,1.5,31.1,54.2,35.4
CHEM-TR-0153,img_train_0153_var06,train,22.97,238.8,233.0,214.6,92.34,-1.1,9.65,46.0,10.2,93.3,4.05,0.552,15.68,23.0,38.8,29.6
CHEM-TR-0153,img_train_0153_var07,train,22.97,238.5,233.5,216.3,92.47,-1.2,8.93,46.0,9.4,93.3,3.92,0.963,1.31,28.1,65.7,38.9
CHEM-TR-0153,img_train_0153_var09,train,22.97,238.5,232.9,215.7,92.32,-0.99,9.02,44.0,9.8,93.3,3.97,0.609,13.67,29.4,44.9,6.8
CHEM-TR-0153,img_train_0153_var10,train,22.97,240.4,235.4,218.5,93.17,-1.17,8.81,46.0,9.0,94.1,3.29,0.978,0.77,24.1,45.9,5.6
CHEM-TR-0154,img_train_0154_var01,train,1782.62,54.4,39.3,26.5,17.21,5.0,11.24,28.0,51.8,21.2,78.95,0.1,54.25,28.9,49.7,35.3
CHEM-TR-0154,img_train_0154_var02,train,1782.62,57.0,42.4,28.6,18.53,4.51,11.61,30.0,49.8,22.0,77.62,0.977,0.8,28.9,71.4,37.7
CHEM-TR-0154,img_train_0154_var05,train,1782.62,52.1,37.9,24.0,16.39,4.47,11.8,28.0,55.7,20.4,79.76,0.959,1.44,30.9,30.3,6.7
CHEM-TR-0154,img_train_0154_var07,train,1782.62,58.1,42.3,26.7,18.61,4.9,13.0,30.0,55.3,22.7,77.62,0.1,38.03,19.3,60.2,17.7
CHEM-TR-0154,img_train_0154_var09,train,1782.62,59.1,43.0,27.9,18.99,5.06,12.7,30.0,54.1,23.1,77.23,0.923,2.69,23.9,73.4,35.1
CHEM-TR-0154,img_train_0154_var10,train,1782.62,53.8,38.3,24.2,16.74,5.1,12.16,28.0,54.9,20.8,79.46,0.1,44.66,19.3,53.8,35.7
CHEM-TR-0155,img_train_0155_var01,train,853.09,111.0,91.0,69.7,40.07,4.82,15.32,30.0,37.3,43.1,56.45,0.985,0.52,20.5,64.4,25.4
CHEM-TR-0155,img_train_0155_var02,train,853.09,105.2,87.0,66.8,38.27,4.22,14.56,32.0,37.3,41.2,58.12,0.1,36.72,21.6,63.2,20.7
CHEM-TR-0155,img_train_0155_var03,train,853.09,114.7,102.1,135.3,45.49,12.07,-16.53,262.0,24.3,52.9,57.77,0.1,44.72,31.9,40.8,6.9
CHEM-TR-0155,img_train_0155_var04,train,853.09,115.6,92.5,69.9,41.0,5.97,16.58,30.0,40.0,45.1,55.79,0.1,48.65,24.0,61.1,13.5
CHEM-TR-0155,img_train_0155_var05,train,853.09,105.3,87.6,65.6,38.42,3.72,15.49,34.0,38.0,41.2,58.03,0.244,26.47,32.5,31.1,10.8
CHEM-TR-0155,img_train_0155_var06,train,853.09,106.5,88.1,68.3,38.75,4.37,14.29,32.0,35.7,41.6,57.62,0.1,43.44,20.9,71.5,18.0
CHEM-TR-0155,img_train_0155_var07,train,853.09,105.6,87.4,66.4,38.41,4.07,14.99,32.0,37.3,41.2,58.01,0.1,34.05,31.8,54.6,33.9
CHEM-TR-0155,img_train_0155_var08,train,853.09,118.0,102.0,89.0,44.34,4.13,9.7,26.0,24.7,46.3,51.79,0.1,47.76,33.2,44.2,11.2
CHEM-TR-0155,img_train_0155_var09,train,853.09,105.3,88.3,67.6,38.66,3.59,14.61,34.0,36.1,41.2,57.7,0.1,33.78,24.8,55.7,6.9
CHEM-TR-0155,img_train_0155_var10,train,853.09,97.1,80.6,61.1,35.41,3.7,14.04,32.0,37.3,38.0,60.88,0.1,31.82,34.4,59.4,34.2
CHEM-TR-0156,img_train_0156_var01,train,1419.11,68.1,51.3,35.5,22.82,5.08,12.86,30.0,48.6,26.7,73.42,0.1,48.48,21.0,35.3,30.7
CHEM-TR-0156,img_train_0156_var02,train,1419.11,67.3,51.0,34.8,22.64,4.75,13.06,30.0,49.4,26.3,73.6,0.1,49.01,20.2,55.9,26.4
CHEM-TR-0156,img_train_0156_var03,train,1419.11,75.3,60.5,79.7,27.77,10.49,-9.14,288.0,23.9,31.0,71.3,0.983,0.6,22.3,46.4,8.4
CHEM-TR-0156,img_train_0156_var05,train,1419.11,66.9,50.8,34.9,22.53,4.68,12.91,30.0,48.6,25.9,73.69,0.1,37.52,26.4,74.6,27.8
CHEM-TR-0156,img_train_0156_var06,train,1419.11,69.2,52.0,36.3,23.2,5.23,12.91,30.0,47.8,27.1,73.06,0.1,51.28,23.7,42.9,36.4
CHEM-TR-0156,img_train_0156_var07,train,1419.11,72.1,54.0,37.3,24.17,5.52,13.57,28.0,48.6,28.2,72.15,0.1,36.68,28.1,37.8,11.7
CHEM-TR-0156,img_train_0156_var08,train,1419.11,74.0,60.0,48.0,26.45,4.04,9.72,28.0,35.3,29.0,69.64,0.1,49.15,33.3,30.9,7.5
CHEM-TR-0156,img_train_0156_var09,train,1419.11,72.5,54.6,37.5,24.42,5.3,13.78,30.0,48.6,28.2,71.9,0.946,1.89,20.3,56.2,14.5
CHEM-TR-0156,img_train_0156_var10,train,1419.11,71.7,54.3,36.2,24.19,5.0,14.31,30.0,49.4,27.8,72.15,0.1,48.8,23.4,55.1,27.0
CHEM-TR-0157,img_train_0157_var05,train,1920.97,50.0,34.4,22.6,14.97,5.63,10.81,26.0,55.3,19.2,81.21,0.1,39.74,31.8,55.0,36.2
CHEM-TR-0157,img_train_0157_var07,train,1920.97,54.2,37.4,24.4,16.52,5.99,11.74,26.0,55.7,21.2,79.72,0.1,41.47,32.1,55.0,31.3
CHEM-TR-0157,img_train_0157_var08,train,1920.97,56.0,42.0,32.0,18.37,4.78,9.03,26.0,42.7,22.0,77.75,0.1,53.03,32.2,39.8,18.4
CHEM-TR-0157,img_train_0157_var09,train,1920.97,54.9,38.2,26.2,16.91,5.99,10.99,26.0,51.8,21.2,79.31,0.949,1.79,29.0,34.2,19.2
CHEM-TR-0157,img_train_0157_var10,train,1920.97,39.9,25.8,12.9,10.6,5.13,10.56,28.0,69.4,15.3,85.54,0.1,51.29,21.0,30.0,35.5
CHEM-TR-0158,img_train_0158_var01,train,370.95,165.8,152.4,130.2,63.59,1.19,13.47,38.0,21.2,64.7,32.72,0.36,22.4,31.1,77.3,27.5
CHEM-TR-0158,img_train_0158_var02,train,370.95,172.3,154.8,131.3,64.82,2.64,14.66,34.0,23.9,67.5,31.76,0.978,0.78,34.5,42.5,23.1
CHEM-TR-0158,img_train_0158_var03,train,370.95,160.3,145.8,93.0,60.61,-2.4,29.97,46.0,42.4,62.7,41.24,0.981,0.68,25.7,57.1,19.8
CHEM-TR-0158,img_train_0158_var04,train,370.95,178.5,159.0,136.6,66.61,3.52,14.35,32.0,23.5,69.8,30.03,0.986,0.48,31.3,69.6,10.7
CHEM-TR-0158,img_train_0158_var05,train,370.95,168.7,153.6,129.5,64.16,1.6,14.7,36.0,23.1,65.9,32.36,0.955,1.59,33.4,65.6,35.5
CHEM-TR-0158,img_train_0158_var06,train,370.95,169.9,154.9,131.2,64.64,1.59,14.44,36.0,22.4,66.3,31.85,0.351,22.72,24.6,48.9,6.0
CHEM-TR-0158,img_train_0158_var07,train,370.95,165.2,151.3,128.6,63.19,1.38,13.81,38.0,22.4,64.7,33.17,0.938,2.16,23.5,54.1,33.7
CHEM-TR-0158,img_train_0158_var08,train,370.95,167.0,164.0,157.0,67.43,-0.21,4.01,42.0,5.9,65.5,29.01,0.934,2.31,31.5,80.0,16.1
CHEM-TR-0158,img_train_0158_var09,train,370.95,165.3,152.3,129.6,63.5,1.0,13.68,38.0,22.0,64.7,32.84,0.489,17.9,19.9,50.0,35.6
CHEM-TR-0158,img_train_0158_var10,train,370.95,156.4,143.8,122.4,60.26,1.07,13.12,38.0,22.0,61.2,35.98,0.746,8.9,24.4,59.0,34.0
CHEM-TR-0159,img_train_0159_var01,train,42.16,234.1,228.1,208.0,90.61,-1.35,10.55,46.0,11.0,91.8,5.91,0.551,15.71,32.1,30.8,12.2
CHEM-TR-0159,img_train_0159_var02,train,42.16,232.5,226.1,207.2,89.95,-0.99,10.01,46.0,10.6,91.0,6.31,0.974,0.91,24.9,43.1,26.1
CHEM-TR-0159,img_train_0159_var03,train,42.16,234.3,226.4,215.8,90.35,0.9,6.08,34.0,8.2,91.8,6.37,0.567,15.16,31.3,51.7,15.3
CHEM-TR-0159,img_train_0159_var05,train,42.16,233.4,226.5,207.0,90.11,-0.92,10.37,44.0,11.8,91.4,6.21,0.956,1.53,25.9,67.2,17.3
CHEM-TR-0159,img_train_0159_var06,train,42.16,234.0,228.3,207.6,90.65,-1.56,10.82,46.0,11.4,91.8,6.01,0.585,14.51,25.1,55.9,27.6
CHEM-TR-0159,img_train_0159_var07,train,42.16,232.6,227.5,209.0,90.36,-1.4,9.66,48.0,10.2,91.0,5.99,0.968,1.12,22.6,61.8,4.2
CHEM-TR-0159,img_train_0159_var09,train,42.16,234.0,227.9,208.1,90.54,-1.22,10.39,44.0,11.0,91.8,5.89,0.63,12.95,24.4,67.2,19.5
CHEM-TR-0159,img_train_0159_var10,train,42.16,222.1,218.4,202.7,87.1,-1.44,8.19,48.0,9.0,87.1,9.14,0.218,27.38,31.9,71.1,11.2
CHEM-TR-0160,img_train_0160_var01,train,0.0,244.6,239.9,222.3,94.7,-1.39,9.08,46.0,9.0,95.7,2.3,0.438,19.68,32.3,76.1,36.2
CHEM-TR-0160,img_train_0160_var02,train,0.0,243.0,240.3,222.1,94.66,-2.19,9.11,54.0,8.2,94.9,3.01,0.939,2.15,25.9,46.7,26.0
CHEM-TR-0160,img_train_0160_var03,train,0.0,245.1,236.4,223.1,93.89,0.69,7.48,36.0,9.0,96.1,2.61,0.988,0.43,21.2,57.3,17.5
CHEM-TR-0160,img_train_0160_var05,train,0.0,246.0,239.9,221.6,94.77,-1.0,9.56,46.0,9.8,96.1,2.02,0.963,1.29,19.2,70.1,22.5
CHEM-TR-0160,img_train_0160_var06,train,0.0,245.1,239.8,222.4,94.7,-1.13,9.02,44.0,9.4,96.1,2.09,0.524,16.67,32.4,57.6,4.4
CHEM-TR-0160,img_train_0160_var07,train,0.0,246.1,241.1,222.9,95.11,-1.38,9.39,48.0,9.8,96.5,2.12,0.97,1.06,28.1,36.3,38.4
CHEM-TR-0160,img_train_0160_var09,train,0.0,244.6,239.4,223.9,94.61,-0.91,8.13,46.0,8.6,95.7,2.16,0.933,2.34,28.9,55.9,19.1
CHEM-TR-0160,img_train_0160_var10,train,0.0,232.1,233.6,218.9,92.09,-3.04,6.98,64.0,6.3,91.4,5.65,0.132,30.39,25.9,52.6,24.5
CHEM-TR-0161,img_train_0161_var01,train,1249.39,78.2,60.2,44.3,26.92,5.32,12.82,28.0,43.5,30.6,69.35,0.1,50.12,32.6,41.9,5.1
CHEM-TR-0161,img_train_0161_var02,train,1249.39,76.7,59.2,42.7,26.43,5.06,13.2,30.0,44.7,29.8,69.85,0.1,47.68,28.0,56.9,35.3
CHEM-TR-0161,img_train_0161_var05,train,1249.39,76.6,58.7,42.3,26.23,5.28,13.19,28.0,44.7,29.8,70.06,0.1,32.94,24.8,34.7,10.3
CHEM-TR-0161,img_train_0161_var06,train,1249.39,78.2,60.5,43.6,27.0,5.05,13.38,30.0,44.7,30.6,69.29,0.1,48.4,33.2,36.8,31.7
CHEM-TR-0161,img_train_0161_var07,train,1249.39,76.3,58.5,41.8,26.14,5.22,13.39,30.0,45.9,29.8,70.16,0.1,40.37,29.9,59.6,25.5
CHEM-TR-0161,img_train_0161_var08,train,1249.39,85.0,71.0,58.0,31.22,3.68,10.04,28.0,31.8,33.3,64.87,0.1,47.57,22.8,55.5,32.3
CHEM-TR-0161,img_train_0161_var09,train,1249.39,82.6,62.4,45.3,28.11,6.2,13.89,28.0,45.1,32.2,68.3,0.955,1.57,29.5,50.1,16.7
CHEM-TR-0161,img_train_0161_var10,train,1249.39,72.8,53.7,35.7,24.13,5.87,14.58,30.0,51.4,28.2,72.29,0.1,44.5,31.7,37.8,11.7
CHEM-TR-0162,img_train_0162_var02,train,1933.02,52.5,39.8,25.3,17.08,3.54,11.79,32.0,51.8,20.4,79.03,0.982,0.63,22.9,37.5,14.4
CHEM-TR-0162,img_train_0162_var05,train,1933.02,54.2,38.0,26.2,16.76,5.75,10.82,26.0,51.8,21.2,79.43,0.961,1.37,31.9,71.9,29.5
CHEM-TR-0162,img_train_0162_var07,train,1933.02,49.9,34.4,20.7,14.94,5.33,12.12,28.0,59.2,19.2,81.26,0.1,37.82,21.2,43.1,22.6
CHEM-TR-0162,img_train_0162_var08,train,1933.02,59.0,44.0,34.0,19.42,5.22,9.15,24.0,42.4,23.1,76.73,0.1,54.92,33.6,77.3,21.8
CHEM-TR-0162,img_train_0162_var09,train,1933.02,54.1,38.9,26.1,17.01,5.13,11.21,26.0,51.8,21.2,79.16,0.949,1.8,29.6,34.5,33.2
CHEM-TR-0162,img_train_0162_var10,train,1933.02,49.7,33.8,20.0,14.7,5.54,12.26,26.0,59.2,19.2,81.52,0.1,49.38,25.4,48.9,15.3
CHEM-TR-0163,img_train_0163_var01,train,0.0,245.2,240.1,222.0,94.79,-1.35,9.37,48.0,9.8,96.1,2.24,0.468,18.62,25.7,34.4,6.6
CHEM-TR-0163,img_train_0163_var02,train,0.0,241.1,240.0,222.0,94.44,-2.67,8.81,54.0,7.8,94.5,3.54,0.989,0.37,25.6,45.7,10.1
CHEM-TR-0163,img_train_0163_var03,train,0.0,245.4,241.1,235.5,95.36,0.47,3.18,36.0,3.9,96.1,5.86,0.982,0.64,34.1,31.2,36.1
CHEM-TR-0163,img_train_0163_var05,train,0.0,242.9,240.0,221.4,94.58,-2.19,9.33,54.0,8.6,94.9,3.06,0.957,1.5,22.8,36.0,25.5
CHEM-TR-0163,img_train_0163_var06,train,0.0,243.8,239.1,223.1,94.45,-1.14,8.3,48.0,8.2,95.3,2.36,0.56,15.42,30.3,61.1,24.0
CHEM-TR-0163,img_train_0163_var07,train,0.0,244.7,240.4,223.6,94.85,-1.39,8.62,48.0,8.6,95.7,2.24,0.963,1.31,26.1,66.2,20.5
CHEM-TR-0163,img_train_0163_var09,train,0.0,244.4,240.2,221.9,94.75,-1.68,9.35,50.0,9.4,95.7,2.54,0.594,14.23,21.4,58.9,26.9
CHEM-TR-0163,img_train_0163_var10,train,0.0,233.9,231.2,217.6,91.59,-1.44,6.96,52.0,7.1,91.4,5.23,0.975,0.89,31.9,41.5,21.2
CHEM-TR-0164,img_train_0164_var02,train,1867.74,50.9,36.9,24.6,15.93,4.58,10.77,28.0,52.2,19.6,80.19,0.1,52.7,30.5,68.2,28.6
CHEM-TR-0164,img_train_0164_var05,train,1867.74,51.1,36.6,22.4,15.81,4.68,12.1,28.0,56.9,20.0,80.36,0.963,1.28,24.2,36.7,22.3
CHEM-TR-0164,img_train_0164_var07,train,1867.74,50.5,36.0,22.3,15.55,4.72,11.81,30.0,56.1,19.6,80.61,0.1,46.94,30.9,33.8,13.4
CHEM-TR-0164,img_train_0164_var08,train,1867.74,57.0,44.0,34.0,19.17,4.23,8.77,26.0,40.4,22.4,76.92,0.1,53.78,24.5,75.4,7.8
CHEM-TR-0164,img_train_0164_var09,train,1867.74,56.9,40.6,26.5,17.93,5.37,12.25,28.0,53.7,22.0,78.29,0.954,1.6,24.5,54.3,7.5
CHEM-TR-0164,img_train_0164_var10,train,1867.74,50.9,36.0,21.8,15.6,4.89,12.21,32.0,58.0,19.6,80.58,0.1,45.21,28.0,77.4,8.6
CHEM-TR-0165,img_train_0165_var02,train,1536.07,66.3,50.0,34.1,22.18,4.86,12.9,28.0,48.6,25.9,74.05,0.978,0.78,24.8,38.0,29.5
CHEM-TR-0165,img_train_0165_var03,train,1536.07,69.1,58.1,82.6,26.52,10.46,-13.07,268.0,29.4,32.2,73.58,0.981,0.66,27.5,72.8,12.6
CHEM-TR-0165,img_train_0165_var05,train,1536.07,63.7,46.0,30.8,20.57,5.76,12.96,30.0,52.5,24.7,75.72,0.1,37.96,28.4,69.7,32.6
CHEM-TR-0165,img_train_0165_var06,train,1536.07,64.1,46.5,31.2,20.78,5.67,12.98,28.0,51.4,25.1,75.5,0.1,51.81,21.3,46.3,4.8
CHEM-TR-0165,img_train_0165_var07,train,1536.07,63.5,45.7,30.8,20.45,5.91,12.78,28.0,52.5,24.7,75.84,0.1,34.92,26.9,31.4,27.7
CHEM-TR-0165,img_train_0165_var09,train,1536.07,63.4,45.7,31.5,20.46,5.89,12.29,26.0,51.0,24.7,75.8,0.1,47.63,33.9,37.3,19.1
CHEM-TR-0165,img_train_0165_var10,train,1536.07,67.6,49.2,31.8,22.06,5.74,14.32,30.0,53.7,26.3,74.32,0.1,52.78,21.2,56.3,19.9
CHEM-TR-0166,img_train_0166_var01,train,29.08,235.7,230.8,212.5,91.49,-1.43,9.49,46.0,9.8,92.2,4.93,0.495,17.68,22.2,32.1,5.3
CHEM-TR-0166,img_train_0166_var02,train,29.08,239.7,231.0,212.4,91.86,-0.15,10.11,40.0,11.4,93.7,4.34,0.981,0.68,28.3,37.8,13.8
CHEM-TR-0166,img_train_0166_var05,train,29.08,237.3,230.1,211.6,91.42,-0.67,9.87,44.0,11.0,92.9,4.81,0.959,1.45,29.4,48.6,8.2
CHEM-TR-0166,img_train_0166_var06,train,29.08,236.2,229.9,213.2,91.35,-0.69,8.92,42.0,9.8,92.5,4.8,0.55,15.75,21.9,36.1,22.6
CHEM-TR-0166,img_train_0166_var07,train,29.08,238.4,231.8,213.6,91.98,-0.82,9.62,44.0,10.6,93.3,4.28,0.481,18.16,34.3,43.4,38.1
CHEM-TR-0166,img_train_0166_var09,train,29.08,234.9,230.6,212.5,91.41,-1.62,9.34,50.0,9.4,91.8,5.07,0.61,13.66,34.4,67.1,5.1
CHEM-TR-0166,img_train_0166_var10,train,29.08,239.3,234.0,217.5,92.69,-0.98,8.61,44.0,9.0,93.7,3.65,0.98,0.71,26.8,54.4,37.4
CHEM-TR-0167,img_train_0167_var01,train,331.43,177.1,161.8,137.5,67.23,1.64,14.66,36.0,22.7,69.4,29.34,0.339,23.14,21.7,37.4,5.5
CHEM-TR-0167,img_train_0167_var02,train,331.43,172.7,158.7,137.1,66.02,1.53,13.11,36.0,20.4,67.5,30.28,0.978,0.78,24.3,73.1,28.8
CHEM-TR-0167,img_train_0167_var03,train,331.43,186.2,179.9,213.0,74.74,8.7,-15.87,252.0,16.1,83.5,33.73,0.98,0.7,23.3,78.9,8.5
CHEM-TR-0167,img_train_0167_var04,train,331.43,187.4,168.3,145.2,70.03,3.19,14.46,32.0,22.4,73.3,26.67,0.417,20.42,27.6,67.3,28.9
CHEM-TR-0167,img_train_0167_var05,train,331.43,175.9,160.8,136.6,66.85,1.55,14.6,36.0,22.4,68.6,29.7,0.962,1.31,31.6,63.5,36.3
CHEM-TR-0167,img_train_0167_var06,train,331.43,177.2,162.4,137.5,67.4,1.3,14.9,38.0,22.7,69.4,29.21,0.349,22.78,26.9,33.4,14.6
CHEM-TR-0167,img_train_0167_var07,train,331.43,176.4,162.3,138.5,67.34,1.2,14.28,38.0,21.6,69.0,29.15,0.969,1.09,34.5,46.8,31.8
CHEM-TR-0167,img_train_0167_var08,train,331.43,192.0,187.0,180.0,76.1,0.5,4.16,36.0,6.3,75.3,20.48,0.985,0.51,22.0,59.8,7.7
CHEM-TR-0167,img_train_0167_var09,train,331.43,176.5,161.6,137.1,67.13,1.38,14.75,36.0,22.4,69.0,29.45,0.951,1.7,26.4,36.2,26.4
CHEM-TR-0167,img_train_0167_var10,train,331.43,169.5,154.6,132.2,64.55,1.73,13.74,36.0,22.0,66.3,31.83,0.714,10.01,31.2,49.2,38.1
CHEM-TR-0168,img_train_0168_var01,train,313.33,176.2,162.6,141.1,67.44,1.38,12.96,36.0,20.0,69.0,28.85,0.418,20.35,23.4,55.9,31.2
CHEM-TR-0168,img_train_0168_var02,train,313.33,175.9,162.0,141.0,67.26,1.54,12.75,38.0,19.6,68.6,29.0,0.982,0.64,27.6,59.9,26.6
CHEM-TR-0168,img_train_0168_var03,train,313.33,174.9,161.0,136.5,66.82,1.03,14.63,40.0,22.0,68.2,29.72,0.978,0.79,25.7,67.0,6.6
CHEM-TR-0168,img_train_0168_var04,train,313.33,189.4,172.0,149.3,71.26,2.57,13.95,34.0,21.2,74.1,25.32,0.439,19.65,26.7,31.5,22.6
CHEM-TR-0168,img_train_0168_var05,train,313.33,179.5,163.8,141.7,68.08,2.04,13.57,34.0,21.2,70.2,28.33,0.957,1.52,19.5,35.1,16.7
CHEM-TR-0168,img_train_0168_var06,train,313.33,180.4,164.9,141.5,68.43,1.78,14.17,36.0,21.6,70.6,28.08,0.457,19.02,20.9,78.5,20.4
CHEM-TR-0168,img_train_0168_var07,train,313.33,175.1,162.3,140.5,67.27,1.0,13.06,38.0,20.0,68.6,29.02,0.949,1.78,32.7,31.8,8.6
CHEM-TR-0168,img_train_0168_var08,train,313.33,183.0,179.0,172.0,73.08,0.15,4.07,38.0,5.9,71.8,23.45,0.899,3.55,24.2,58.6,21.4
CHEM-TR-0168,img_train_0168_var09,train,313.33,180.1,164.6,141.6,68.33,1.84,13.97,36.0,21.6,70.6,28.14,0.949,1.77,27.6,62.3,21.0
CHEM-TR-0168,img_train_0168_var10,train,313.33,165.4,153.1,134.3,63.81,1.34,11.48,36.0,18.8,64.7,32.3,0.971,1.01,28.9,60.5,33.5
CHEM-TR-0169,img_train_0169_var01,train,476.13,153.4,136.9,112.9,57.91,2.3,15.18,36.0,26.7,60.0,38.63,0.981,0.68,24.8,63.7,20.3
CHEM-TR-0169,img_train_0169_var02,train,476.13,154.0,137.2,113.1,58.04,2.44,15.24,36.0,26.7,60.4,38.52,0.978,0.78,22.0,34.5,24.2
CHEM-TR-0169,img_train_0169_var03,train,476.13,150.0,134.2,114.3,56.9,2.62,12.93,34.0,23.5,58.4,39.35,0.1,33.66,25.0,30.2,9.3
CHEM-TR-0169,img_train_0169_var04,train,476.13,167.5,146.4,122.3,61.97,4.03,15.71,32.0,27.1,65.5,34.86,0.222,27.24,35.0,57.8,33.6
CHEM-TR-0169,img_train_0169_var05,train,476.13,153.6,136.8,111.2,57.85,2.19,16.06,36.0,27.5,60.0,38.83,0.961,1.35,21.4,55.4,12.9
CHEM-TR-0169,img_train_0169_var06,train,476.13,153.4,136.9,113.0,57.92,2.28,15.11,34.0,26.3,60.0,38.61,0.984,0.57,24.5,74.2,18.5
CHEM-TR-0169,img_train_0169_var07,train,476.13,152.9,136.1,112.3,57.64,2.44,15.15,36.0,26.3,59.6,38.9,0.967,1.15,28.8,59.3,29.7
CHEM-TR-0169,img_train_0169_var08,train,476.13,166.0,156.0,145.0,64.91,1.71,7.07,32.0,12.5,65.1,31.17,0.139,30.14,29.2,44.2,7.5
CHEM-TR-0169,img_train_0169_var09,train,476.13,150.0,134.2,111.7,56.84,2.25,14.33,36.0,25.9,58.8,39.56,0.323,23.71,24.2,72.8,24.1
CHEM-TR-0169,img_train_0169_var10,train,476.13,152.4,136.0,113.9,57.58,2.56,14.11,34.0,25.5,59.6,38.81,0.375,21.86,26.0,59.4,33.3
CHEM-TR-0170,img_train_0170_var01,train,78.44,224.7,216.8,198.6,86.79,-0.34,9.9,42.0,11.8,87.8,9.29,0.623,13.21,33.1,48.8,18.4
CHEM-TR-0170,img_train_0170_var02,train,78.44,228.2,218.3,198.1,87.45,0.01,11.17,40.0,13.3,89.4,8.83,0.98,0.72,22.0,64.7,6.0
CHEM-TR-0170,img_train_0170_var03,train,78.44,225.8,216.8,202.8,86.98,0.68,8.02,36.0,10.2,88.2,9.07,0.72,9.8,26.6,72.5,19.0
CHEM-TR-0170,img_train_0170_var04,train,78.44,232.1,227.2,214.2,90.36,-0.55,6.93,44.0,7.8,91.0,6.1,0.994,0.23,29.6,31.8,29.8
CHEM-TR-0170,img_train_0170_var05,train,78.44,225.1,217.8,197.1,87.04,-0.96,11.06,42.0,12.5,88.2,9.31,0.959,1.44,19.5,59.1,27.6
CHEM-TR-0170,img_train_0170_var06,train,78.44,225.6,218.0,198.4,87.17,-0.69,10.59,44.0,12.2,88.2,9.05,0.584,14.58,20.1,79.7,23.6
CHEM-TR-0170,img_train_0170_var07,train,78.44,227.1,219.8,201.3,87.8,-0.63,9.98,42.0,11.4,89.0,8.34,0.97,1.06,19.6,70.7,6.8
CHEM-TR-0170,img_train_0170_var09,train,78.44,224.4,216.8,198.4,86.78,-0.51,10.02,42.0,11.8,87.8,9.33,0.665,11.74,21.0,65.7,18.1
CHEM-TR-0170,img_train_0170_var10,train,78.44,229.1,221.0,202.3,88.28,-0.38,10.16,40.0,11.8,89.8,7.86,0.211,27.62,29.0,73.6,28.0
CHEM-TR-0171,img_train_0171_var02,train,1633.98,60.3,47.6,32.7,20.66,3.3,11.71,32.0,46.7,23.5,75.44,0.977,0.79,31.5,74.7,10.5
CHEM-TR-0171,img_train_0171_var05,train,1633.98,63.7,46.5,30.8,20.71,5.45,13.14,30.0,52.5,24.7,75.57,0.1,38.68,25.1,43.5,28.6
CHEM-TR-0171,img_train_0171_var07,train,1633.98,58.2,41.9,26.6,18.5,5.21,12.92,28.0,55.3,22.7,77.74,0.1,37.14,31.2,39.8,21.1
CHEM-TR-0171,img_train_0171_var08,train,1633.98,67.0,51.0,40.0,22.7,5.36,9.74,24.0,40.4,26.3,73.46,0.1,52.16,24.0,31.1,20.0
CHEM-TR-0171,img_train_0171_var09,train,1633.98,59.1,43.1,28.2,19.02,5.09,12.55,30.0,52.5,23.1,77.2,0.949,1.77,24.3,51.2,23.9
CHEM-TR-0171,img_train_0171_var10,train,1633.98,49.9,34.5,20.2,14.95,5.17,12.48,28.0,59.2,19.2,81.26,0.1,50.04,28.7,54.3,5.9
CHEM-TR-0172,img_train_0172_var02,train,1804.39,53.5,38.1,24.3,16.65,5.1,11.97,28.0,54.9,20.8,79.54,0.1,54.09,22.1,50.4,26.0
CHEM-TR-0172,img_train_0172_var05,train,1804.39,54.8,37.4,24.5,16.61,6.26,11.81,26.0,55.7,21.2,79.65,0.1,39.24,28.5,46.6,11.9
CHEM-TR-0172,img_train_0172_var06,train,1804.39,59.4,42.7,28.3,18.95,5.49,12.39,28.0,52.5,23.1,77.29,0.985,0.52,21.1,35.8,18.5
CHEM-TR-0172,img_train_0172_var07,train,1804.39,58.0,41.0,25.5,18.18,5.61,13.2,28.0,56.9,22.7,78.1,0.967,1.16,33.2,62.1,24.0
CHEM-TR-0172,img_train_0172_var08,train,1804.39,61.0,46.0,36.0,20.34,5.16,9.08,24.0,41.2,23.9,75.8,0.1,53.13,27.0,61.8,16.6
CHEM-TR-0172,img_train_0172_var09,train,1804.39,58.1,40.9,27.2,18.21,5.91,12.14,26.0,53.3,22.7,78.04,0.948,1.84,27.8,53.6,23.1
CHEM-TR-0172,img_train_0172_var10,train,1804.39,46.0,29.9,17.1,12.89,6.01,11.61,24.0,63.1,18.0,83.33,0.1,48.76,29.9,30.7,16.2
CHEM-TR-0173,img_train_0173_var02,train,1860.72,51.7,36.8,23.5,15.99,4.93,11.58,28.0,54.9,20.0,80.17,0.1,53.72,34.1,58.7,9.9
CHEM-TR-0173,img_train_0173_var05,train,1860.72,57.3,39.4,26.3,17.6,6.46,11.9,26.0,54.5,22.4,78.68,0.962,1.34,30.3,74.5,9.4
CHEM-TR-0173,img_train_0173_var07,train,1860.72,50.9,34.8,20.2,15.2,5.53,12.81,28.0,60.0,19.6,81.05,0.1,37.09,27.0,67.8,17.4
CHEM-TR-0173,img_train_0173_var09,train,1860.72,56.6,41.4,26.7,18.13,4.77,12.3,30.0,53.7,22.0,78.06,0.952,1.69,30.9,60.4,19.3
CHEM-TR-0173,img_train_0173_var10,train,1860.72,42.2,27.8,14.7,11.63,5.12,11.14,28.0,66.7,16.5,84.52,0.1,51.93,19.7,33.4,31.2
CHEM-TR-0174,img_train_0174_var01,train,364.96,170.9,156.0,131.6,65.03,1.45,14.77,38.0,23.1,66.7,31.52,0.34,23.1,30.8,54.6,15.4
CHEM-TR-0174,img_train_0174_var02,train,364.96,166.9,152.8,130.6,63.8,1.49,13.54,36.0,21.6,65.1,32.53,0.981,0.67,28.8,65.3,21.1
CHEM-TR-0174,img_train_0174_var03,train,364.96,180.0,174.8,209.2,72.83,8.67,-16.71,248.0,16.9,82.0,35.56,0.98,0.72,25.9,34.2,32.7
CHEM-TR-0174,img_train_0174_var04,train,364.96,182.7,162.4,140.6,67.97,3.92,14.06,32.0,23.1,71.4,28.69,0.387,21.47,28.9,77.9,25.5
CHEM-TR-0174,img_train_0174_var05,train,364.96,170.4,155.4,131.8,64.82,1.65,14.38,36.0,23.1,66.7,31.66,0.959,1.45,19.6,53.4,10.2
CHEM-TR-0174,img_train_0174_var06,train,364.96,170.8,156.0,132.3,65.02,1.52,14.38,36.0,22.4,66.7,31.46,0.35,22.75,24.1,57.4,37.5
CHEM-TR-0174,img_train_0174_var07,train,364.96,170.5,155.8,132.0,64.93,1.48,14.42,36.0,23.1,66.7,31.55,0.962,1.33,28.3,34.4,25.2
CHEM-TR-0174,img_train_0174_var08,train,364.96,177.0,174.0,162.0,71.03,-1.09,6.53,48.0,8.6,69.4,25.14,0.779,7.75,23.7,63.5,11.1
CHEM-TR-0174,img_train_0174_var09,train,364.96,170.6,155.9,131.6,64.96,1.43,14.69,36.0,23.1,66.7,31.57,0.956,1.55,25.7,79.8,22.4
CHEM-TR-0174,img_train_0174_var10,train,364.96,172.0,157.0,133.7,65.44,1.66,14.2,36.0,22.7,67.5,31.02,0.981,0.65,28.7,57.4,29.2
CHEM-TR-0175,img_train_0175_var01,train,1327.5,78.6,60.1,41.9,26.88,5.33,14.33,30.0,47.5,30.6,69.49,0.1,53.17,31.2,63.4,8.3
CHEM-TR-0175,img_train_0175_var02,train,1327.5,73.3,54.7,37.7,24.54,5.68,13.85,28.0,49.4,28.6,71.81,0.1,46.37,23.2,43.8,8.9
CHEM-TR-0175,img_train_0175_var03,train,1327.5,79.2,68.3,100.0,31.26,11.98,-16.92,260.0,32.2,39.2,70.67,0.981,0.67,20.9,75.0,26.4
CHEM-TR-0175,img_train_0175_var05,train,1327.5,71.9,55.1,38.4,24.52,4.84,13.35,30.0,46.7,27.8,71.74,0.1,35.31,34.6,72.4,5.3
CHEM-TR-0175,img_train_0175_var06,train,1327.5,78.4,60.3,41.3,26.92,5.0,14.77,30.0,47.5,30.6,69.47,0.1,52.64,19.5,47.4,36.9
CHEM-TR-0175,img_train_0175_var07,train,1327.5,73.2,55.0,37.8,24.61,5.45,13.87,28.0,49.4,28.6,71.73,0.1,42.5,32.7,53.0,22.9
CHEM-TR-0175,img_train_0175_var08,train,1327.5,83.0,67.0,53.0,29.69,4.52,11.1,28.0,36.1,32.5,66.46,0.1,49.39,34.1,64.1,13.5
CHEM-TR-0175,img_train_0175_var09,train,1327.5,73.8,54.6,37.4,24.58,5.98,14.08,28.0,49.4,28.6,71.81,0.924,2.66,25.6,49.6,18.3
CHEM-TR-0175,img_train_0175_var10,train,1327.5,64.5,47.4,29.7,21.08,5.11,14.32,30.0,54.5,25.1,75.25,0.1,43.89,29.6,33.0,36.7
CHEM-TR-0176,img_train_0176_var01,train,231.73,193.6,181.9,159.4,74.42,0.38,12.98,38.0,17.6,75.7,21.94,0.546,15.9,23.6,79.7,33.8
CHEM-TR-0176,img_train_0176_var02,train,231.73,190.5,179.3,157.9,73.44,0.43,12.35,40.0,17.3,74.5,22.81,0.978,0.76,30.1,77.8,18.4
CHEM-TR-0176,img_train_0176_var03,train,231.73,194.4,185.6,197.4,76.39,5.27,-4.83,286.0,6.3,77.3,24.47,0.981,0.66,22.8,33.4,26.8
CHEM-TR-0176,img_train_0176_var04,train,231.73,212.1,197.6,175.4,80.37,1.41,12.97,36.0,17.6,83.1,16.15,1.0,0.0,26.9,66.0,14.1
CHEM-TR-0176,img_train_0176_var05,train,231.73,193.7,181.4,157.9,74.25,0.52,13.52,40.0,18.8,75.7,22.21,0.956,1.54,20.2,48.1,22.2
CHEM-TR-0176,img_train_0176_var06,train,231.73,190.7,179.7,158.8,73.57,0.42,12.06,40.0,16.9,74.5,22.64,0.542,16.03,33.0,49.5,36.2
CHEM-TR-0176,img_train_0176_var07,train,231.73,190.9,179.2,158.9,73.47,0.78,11.87,40.0,16.9,74.5,22.71,0.967,1.17,30.1,37.4,38.5
CHEM-TR-0176,img_train_0176_var08,train,231.73,204.0,206.0,198.0,82.41,-2.13,3.73,76.0,3.9,80.8,14.81,0.985,0.54,34.4,64.4,15.0
CHEM-TR-0176,img_train_0176_var09,train,231.73,190.3,179.6,158.7,73.52,0.3,12.04,40.0,16.9,74.5,22.69,0.602,13.94,23.5,73.2,19.1
CHEM-TR-0176,img_train_0176_var10,train,231.73,194.8,183.8,161.5,75.07,0.15,12.74,40.0,16.9,76.1,21.26,0.978,0.77,32.4,76.1,28.8
CHEM-TR-0177,img_train_0177_var01,train,754.18,120.8,101.6,78.8,44.28,4.04,15.76,32.0,34.9,47.1,52.28,0.1,37.16,21.4,48.5,38.4
CHEM-TR-0177,img_train_0177_var02,train,754.18,115.2,98.4,75.8,42.75,3.07,15.38,34.0,34.9,45.1,53.69,0.1,32.55,23.4,64.9,15.2
CHEM-TR-0177,img_train_0177_var03,train,754.18,115.8,98.2,75.5,42.75,3.42,15.56,34.0,34.9,45.1,53.73,0.1,40.72,26.7,42.0,35.2
CHEM-TR-0177,img_train_0177_var04,train,754.18,125.6,103.2,80.4,45.27,5.37,16.21,30.0,36.1,49.0,51.47,0.1,45.35,22.3,39.1,25.1
CHEM-TR-0177,img_train_0177_var05,train,754.18,119.8,101.0,77.9,43.99,3.85,15.88,32.0,35.3,46.7,52.57,0.959,1.43,34.6,40.3,13.8
CHEM-TR-0177,img_train_0177_var06,train,754.18,115.8,98.1,76.8,42.74,3.69,14.77,34.0,33.7,45.1,53.67,0.1,36.95,25.1,55.4,28.2
CHEM-TR-0177,img_train_0177_var07,train,754.18,120.4,100.2,76.7,43.8,4.4,16.36,32.0,36.9,47.1,52.86,0.964,1.24,25.7,67.1,31.2
CHEM-TR-0177,img_train_0177_var08,train,754.18,130.0,118.0,102.0,50.29,1.84,10.5,34.0,21.6,51.0,45.75,0.1,43.45,29.8,32.7,15.0
CHEM-TR-0177,img_train_0177_var09,train,754.18,115.2,98.3,77.1,42.76,3.33,14.58,34.0,32.9,45.1,53.61,0.1,32.2,20.2,44.3,24.4
CHEM-TR-0177,img_train_0177_var10,train,754.18,108.4,91.9,70.3,40.08,3.19,14.95,34.0,35.3,42.4,56.3,0.1,33.81,27.9,72.9,11.6
CHEM-TR-0178,img_train_0178_var01,train,1236.66,78.2,60.8,42.8,27.05,4.8,13.96,30.0,46.3,30.6,69.26,0.1,48.79,26.9,53.1,27.3
CHEM-TR-0178,img_train_0178_var02,train,1236.66,78.1,60.2,43.0,26.88,5.12,13.6,30.0,44.7,30.6,69.43,0.1,44.15,33.7,69.8,12.8
CHEM-TR-0178,img_train_0178_var03,train,1236.66,73.1,54.8,0.0,24.1,2.64,33.24,44.0,100.0,28.6,75.91,0.1,52.88,33.2,72.9,8.6
CHEM-TR-0178,img_train_0178_var05,train,1236.66,78.7,60.3,41.9,26.95,5.21,14.45,30.0,47.5,30.6,69.42,0.1,33.33,24.7,37.2,8.7
CHEM-TR-0178,img_train_0178_var06,train,1236.66,83.5,64.7,45.2,28.89,5.15,14.97,30.0,45.9,32.5,67.54,0.984,0.55,26.2,73.0,32.7
CHEM-TR-0178,img_train_0178_var07,train,1236.66,82.5,63.9,43.2,28.51,4.93,15.72,30.0,47.5,32.2,67.97,0.1,32.25,23.7,66.1,33.8
CHEM-TR-0178,img_train_0178_var08,train,1236.66,86.0,70.0,56.0,30.98,4.46,11.01,28.0,34.9,33.7,65.17,0.1,46.65,25.6,39.1,27.9
CHEM-TR-0178,img_train_0178_var09,train,1236.66,77.9,60.7,43.4,27.01,4.79,13.53,30.0,44.3,30.2,69.27,0.1,42.59,30.0,70.3,11.7
CHEM-TR-0178,img_train_0178_var10,train,1236.66,72.8,55.2,36.0,24.61,4.85,15.04,32.0,51.4,28.2,71.78,0.1,39.96,19.4,60.9,35.4
CHEM-TR-0179,img_train_0179_var01,train,1087.71,93.1,74.3,53.8,32.99,4.73,15.25,32.0,43.1,36.5,63.46,0.1,48.12,28.6,57.4,26.4
CHEM-TR-0179,img_train_0179_var02,train,1087.71,87.7,69.8,50.8,31.01,4.61,14.39,30.0,42.4,34.1,65.34,0.1,44.12,31.0,70.3,4.7
CHEM-TR-0179,img_train_0179_var04,train,1087.71,93.0,71.3,50.4,32.05,6.15,16.12,30.0,46.3,36.5,64.59,0.991,0.31,24.8,53.0,24.6
CHEM-TR-0179,img_train_0179_var05,train,1087.71,90.9,72.7,53.1,32.27,4.64,14.67,30.0,41.2,35.3,64.12,0.957,1.51,33.3,59.6,32.0
CHEM-TR-0179,img_train_0179_var06,train,1087.71,87.9,70.0,51.4,31.1,4.68,14.1,32.0,41.6,34.1,65.23,0.1,48.41,28.4,52.7,12.3
CHEM-TR-0179,img_train_0179_var07,train,1087.71,86.5,69.3,50.2,30.69,4.3,14.26,32.0,42.0,33.7,65.63,0.1,37.4,28.9,53.4,30.6
CHEM-TR-0179,img_train_0179_var08,train,1087.71,92.0,80.0,64.0,34.77,2.17,11.28,34.0,30.6,36.1,61.3,0.1,43.61,28.9,42.3,29.0
CHEM-TR-0179,img_train_0179_var09,train,1087.71,87.1,69.8,50.6,30.92,4.31,14.36,30.0,42.4,34.1,65.41,0.1,40.99,33.8,75.0,10.0
CHEM-TR-0179,img_train_0179_var10,train,1087.71,82.1,64.7,44.9,28.73,4.39,14.98,32.0,46.3,32.2,67.65,0.1,46.74,27.1,64.8,36.6
CHEM-TR-0180,img_train_0180_var01,train,364.23,167.6,153.4,131.5,64.04,1.53,13.43,36.0,21.6,65.5,32.28,0.343,23.0,19.8,62.4,27.7
CHEM-TR-0180,img_train_0180_var02,train,364.23,166.8,152.1,130.3,63.6,1.79,13.46,36.0,21.6,65.1,32.73,0.98,0.7,29.0,39.4,25.6
CHEM-TR-0180,img_train_0180_var03,train,364.23,164.2,150.3,112.5,62.5,-0.78,21.81,44.0,31.8,64.3,35.89,0.981,0.66,27.5,54.0,32.6
CHEM-TR-0180,img_train_0180_var04,train,364.23,176.2,159.7,137.2,66.6,2.36,13.93,34.0,22.4,69.0,29.87,0.315,23.96,34.1,50.7,7.5
CHEM-TR-0180,img_train_0180_var05,train,364.23,170.6,155.7,131.5,64.9,1.5,14.65,36.0,23.1,66.7,31.62,0.966,1.2,35.0,67.6,17.6
CHEM-TR-0180,img_train_0180_var06,train,364.23,167.2,153.6,131.5,64.07,1.3,13.47,36.0,21.6,65.5,32.25,0.36,22.39,32.8,74.6,20.7
CHEM-TR-0180,img_train_0180_var07,train,364.23,170.3,155.2,131.9,64.76,1.73,14.22,36.0,23.1,66.7,31.7,0.97,1.05,27.7,48.4,25.6
CHEM-TR-0180,img_train_0180_var08,train,364.23,172.0,164.0,157.0,67.84,1.63,4.66,28.0,8.6,67.5,28.51,0.984,0.57,24.6,32.9,16.5
CHEM-TR-0180,img_train_0180_var09,train,364.23,171.2,155.4,131.4,64.9,1.88,14.71,36.0,23.5,67.1,31.65,0.949,1.8,34.5,49.2,32.6
CHEM-TR-0180,img_train_0180_var10,train,364.23,162.3,148.2,125.6,62.05,1.46,13.87,38.0,22.7,63.5,34.31,0.98,0.7,26.7,37.8,38.1
CHEM-TR-0181,img_train_0181_var01,train,76.34,225.2,217.3,199.3,86.99,-0.34,9.83,42.0,11.4,88.2,9.09,0.572,14.97,26.0,76.2,22.1
CHEM-TR-0181,img_train_0181_var02,train,76.34,232.5,217.6,198.1,87.6,1.96,11.41,34.0,14.5,91.0,8.86,0.977,0.79,19.1,50.3,15.5
CHEM-TR-0181,img_train_0181_var04,train,76.34,228.1,225.8,214.3,89.7,-1.22,5.87,48.0,6.3,89.4,7.24,0.67,11.56,21.2,72.9,18.4
CHEM-TR-0181,img_train_0181_var05,train,76.34,224.3,215.8,198.9,86.53,0.06,9.37,40.0,11.8,87.8,9.49,0.955,1.56,29.9,41.6,17.9
CHEM-TR-0181,img_train_0181_var06,train,76.34,225.9,217.7,197.9,87.1,-0.49,10.72,42.0,12.5,88.2,9.12,0.608,13.72,28.5,79.8,11.8
CHEM-TR-0181,img_train_0181_var07,train,76.34,225.5,217.9,201.6,87.2,-0.15,8.96,40.0,10.6,88.2,8.82,0.968,1.13,27.1,34.2,38.8
CHEM-TR-0181,img_train_0181_var08,train,76.34,218.7,205.9,180.3,83.13,0.27,14.35,40.0,17.3,85.5,13.94,0.983,0.61,30.1,57.3,27.6
CHEM-TR-0181,img_train_0181_var09,train,76.34,223.9,217.6,198.1,86.91,-1.1,10.33,46.0,11.4,87.5,9.33,0.668,11.62,26.6,39.7,31.7
CHEM-TR-0181,img_train_0181_var10,train,76.34,219.2,211.1,193.8,84.8,-0.13,9.54,42.0,11.8,85.9,11.23,0.227,27.07,30.1,34.4,16.3
CHEM-TR-0182,img_train_0182_var01,train,0.0,243.9,239.5,223.8,94.57,-1.18,8.1,48.0,8.2,95.3,2.38,0.529,16.48,23.1,55.1,33.6
CHEM-TR-0182,img_train_0182_var02,train,0.0,243.0,239.2,222.7,94.41,-1.52,8.45,48.0,8.6,95.3,2.63,0.976,0.86,19.9,74.0,22.2
CHEM-TR-0182,img_train_0182_var03,train,0.0,244.9,236.3,224.0,93.85,0.84,6.99,38.0,8.6,95.7,2.96,0.209,27.69,26.7,73.2,7.3
CHEM-TR-0182,img_train_0182_var05,train,0.0,243.4,239.1,222.3,94.41,-1.42,8.64,48.0,8.6,95.3,2.52,0.962,1.32,24.9,42.2,29.4
CHEM-TR-0182,img_train_0182_var06,train,0.0,245.0,240.1,221.9,94.76,-1.38,9.34,48.0,9.8,96.1,2.28,0.515,16.98,34.5,49.8,6.3
CHEM-TR-0182,img_train_0182_var07,train,0.0,243.8,240.3,223.5,94.75,-1.66,8.51,52.0,8.2,95.3,2.54,0.966,1.19,20.6,66.4,16.2
CHEM-TR-0182,img_train_0182_var09,train,0.0,243.4,239.5,223.5,94.53,-1.39,8.19,48.0,8.2,95.3,2.53,0.565,15.21,30.9,40.2,25.5
CHEM-TR-0182,img_train_0182_var10,train,0.0,236.4,234.8,218.0,92.69,-2.31,8.34,54.0,8.2,92.5,4.39,0.162,29.32,29.7,38.0,4.2
CHEM-TR-0183,img_train_0183_var01,train,430.73,157.1,141.8,118.4,59.69,1.87,14.56,36.0,24.7,61.6,36.76,0.322,23.72,26.4,50.5,7.5
CHEM-TR-0183,img_train_0183_var02,train,430.73,163.1,144.5,119.4,61.0,2.91,15.92,34.0,27.1,63.9,35.76,0.979,0.75,29.5,33.2,16.6
CHEM-TR-0183,img_train_0183_var03,train,430.73,160.6,144.8,122.4,60.91,2.21,14.06,34.0,23.9,62.7,35.49,0.2,27.99,27.6,35.7,21.6
CHEM-TR-0183,img_train_0183_var04,train,430.73,169.5,152.4,128.1,63.86,2.39,15.1,36.0,24.3,66.3,32.77,0.989,0.4,19.6,46.2,31.1
CHEM-TR-0183,img_train_0183_var05,train,430.73,160.1,143.2,119.4,60.35,2.47,14.98,36.0,25.5,62.7,36.2,0.958,1.48,22.3,72.9,34.1
CHEM-TR-0183,img_train_0183_var06,train,430.73,160.5,145.0,120.0,60.9,1.71,15.39,36.0,25.5,62.7,35.7,0.984,0.58,21.3,63.0,36.7
CHEM-TR-0183,img_train_0183_var07,train,430.73,160.3,144.3,118.9,60.67,1.79,15.71,38.0,26.3,62.7,35.98,0.969,1.1,32.2,76.7,8.3
CHEM-TR-0183,img_train_0183_var08,train,430.73,171.0,168.0,151.0,68.68,-1.95,9.17,52.0,11.8,67.1,27.43,0.986,0.51,19.9,75.4,34.4
CHEM-TR-0183,img_train_0183_var09,train,430.73,157.1,142.2,119.4,59.83,1.79,14.19,36.0,24.3,61.6,36.56,0.396,21.13,31.4,75.7,8.0
CHEM-TR-0183,img_train_0183_var10,train,430.73,161.6,145.7,121.4,61.22,1.94,15.05,36.0,24.7,63.1,35.33,0.359,22.44,30.2,38.4,22.2
CHEM-TR-0184,img_train_0184_var01,train,1247.84,82.1,64.0,46.0,28.54,5.01,14.0,30.0,45.1,32.2,67.8,0.983,0.6,34.0,65.9,7.2
CHEM-TR-0184,img_train_0184_var02,train,1247.84,80.6,63.3,44.3,28.12,4.56,14.47,32.0,45.1,31.4,68.22,0.978,0.77,33.3,37.3,29.2
CHEM-TR-0184,img_train_0184_var05,train,1247.84,81.9,63.4,45.2,28.33,5.19,14.24,30.0,44.3,31.8,68.03,0.961,1.35,34.5,62.5,27.4
CHEM-TR-0184,img_train_0184_var07,train,1247.84,82.2,61.2,44.0,27.68,6.59,14.15,28.0,47.5,32.2,68.78,0.1,33.15,19.9,47.6,20.6
CHEM-TR-0184,img_train_0184_var09,train,1247.84,77.6,59.9,43.2,26.72,5.12,13.24,28.0,44.3,30.2,69.56,0.1,42.77,32.0,64.0,8.6
CHEM-TR-0184,img_train_0184_var10,train,1247.84,77.7,58.7,42.2,26.36,5.84,13.45,28.0,45.5,30.2,69.99,0.1,41.47,33.8,42.6,10.7
CHEM-TR-0185,img_train_0185_var05,train,1931.24,49.5,34.8,21.8,15.04,4.96,11.45,28.0,57.3,19.2,81.12,0.1,36.73,28.4,56.8,32.6
CHEM-TR-0185,img_train_0185_var07,train,1931.24,54.5,37.8,24.7,16.71,5.84,11.8,26.0,55.7,21.2,79.52,0.97,1.05,20.5,39.8,36.1
CHEM-TR-0185,img_train_0185_var08,train,1931.24,58.0,42.0,33.0,18.65,5.93,8.77,22.0,43.1,22.7,77.54,0.1,54.22,31.5,65.2,30.2
CHEM-TR-0185,img_train_0185_var09,train,1931.24,50.1,35.0,23.3,15.2,5.33,10.68,24.0,54.1,19.6,80.96,0.1,51.32,28.3,67.5,38.7
CHEM-TR-0185,img_train_0185_var10,train,1931.24,44.1,29.4,16.5,12.45,5.21,11.29,28.0,63.5,17.3,83.71,0.1,53.83,33.8,41.5,7.0
CHEM-TR-0186,img_train_0186_var01,train,196.62,198.2,187.7,166.7,76.48,0.14,11.97,40.0,16.1,77.6,19.75,0.574,14.9,22.9,55.6,30.7
CHEM-TR-0186,img_train_0186_var02,train,196.62,202.8,189.0,166.7,77.19,1.2,13.04,38.0,17.6,79.2,19.25,0.98,0.71,28.5,39.9,23.8
CHEM-TR-0186,img_train_0186_var04,train,196.62,223.2,208.9,187.7,84.42,1.48,12.3,34.0,16.1,87.5,12.08,0.991,0.33,29.3,54.4,18.3
CHEM-TR-0186,img_train_0186_var05,train,196.62,200.0,188.5,166.6,76.83,0.38,12.54,40.0,16.5,78.0,19.49,0.959,1.45,22.7,42.4,17.4
CHEM-TR-0186,img_train_0186_var06,train,196.62,201.2,188.6,167.2,76.97,0.89,12.43,38.0,16.9,78.8,19.34,0.562,15.32,32.0,76.7,18.2
CHEM-TR-0186,img_train_0186_var07,train,196.62,200.6,189.1,166.9,77.02,0.38,12.65,40.0,16.9,78.4,19.33,0.967,1.17,30.8,71.6,32.4
CHEM-TR-0186,img_train_0186_var08,train,196.62,201.9,188.6,174.0,77.16,2.25,9.05,32.0,14.1,78.8,18.92,0.338,23.18,20.7,79.6,15.3
CHEM-TR-0186,img_train_0186_var09,train,196.62,197.8,186.8,166.2,76.19,0.45,11.86,38.0,15.7,77.3,20.02,0.643,12.51,24.4,68.3,13.1
CHEM-TR-0186,img_train_0186_var10,train,196.62,192.1,181.0,161.4,74.09,0.62,11.42,38.0,16.1,75.3,22.04,0.476,18.34,21.7,44.9,38.3
CHEM-TR-0187,img_train_0187_var01,train,342.07,171.4,158.0,135.5,65.68,1.14,13.53,36.0,21.2,67.1,30.66,0.384,21.56,28.0,38.8,24.9
CHEM-TR-0187,img_train_0187_var02,train,342.07,175.1,159.5,135.6,66.42,1.79,14.54,36.0,22.7,68.6,30.12,0.978,0.78,25.8,71.4,13.4
CHEM-TR-0187,img_train_0187_var03,train,342.07,171.4,157.6,139.4,65.68,1.94,11.39,34.0,18.8,67.1,30.45,0.983,0.58,31.5,47.6,33.4
CHEM-TR-0187,img_train_0187_var04,train,342.07,178.4,162.2,140.7,67.54,2.36,13.36,34.0,21.2,69.8,28.85,0.985,0.53,30.6,36.2,11.2
CHEM-TR-0187,img_train_0187_var05,train,342.07,169.9,157.0,134.5,65.27,0.95,13.49,40.0,20.8,66.3,31.06,0.954,1.62,27.3,49.9,27.7
CHEM-TR-0187,img_train_0187_var06,train,342.07,171.0,157.5,134.9,65.52,1.17,13.64,38.0,21.6,67.1,30.84,0.354,22.62,21.4,43.9,21.0
CHEM-TR-0187,img_train_0187_var07,train,342.07,170.4,157.0,135.2,65.31,1.28,13.15,36.0,20.8,66.7,30.98,0.969,1.08,27.3,40.4,25.3
CHEM-TR-0187,img_train_0187_var08,train,342.07,177.0,169.0,165.0,69.78,2.15,3.08,20.0,6.7,69.4,26.93,0.982,0.62,24.1,51.4,18.2
CHEM-TR-0187,img_train_0187_var09,train,342.07,171.3,158.3,136.2,65.79,1.05,13.27,38.0,20.4,67.1,30.52,0.518,16.88,34.6,61.0,28.2
CHEM-TR-0187,img_train_0187_var10,train,342.07,160.9,148.9,128.6,62.18,0.96,12.33,38.0,20.0,62.7,33.99,0.979,0.73,20.2,48.3,25.4
CHEM-TR-0188,img_train_0188_var01,train,70.71,226.3,219.0,200.8,87.53,-0.56,9.82,42.0,11.4,88.6,8.58,0.608,13.71,27.3,56.5,18.2
CHEM-TR-0188,img_train_0188_var02,train,70.71,225.4,218.9,200.1,87.43,-0.97,10.08,44.0,11.0,88.2,8.76,0.977,0.81,19.9,41.4,27.9
CHEM-TR-0188,img_train_0188_var03,train,70.71,223.0,216.7,188.2,86.4,-2.53,14.84,48.0,15.7,87.5,11.64,0.885,4.03,27.6,60.1,25.2
CHEM-TR-0188,img_train_0188_var04,train,70.71,233.6,228.7,212.5,90.81,-1.08,8.47,46.0,9.0,91.4,5.45,0.994,0.19,32.5,77.9,29.0
CHEM-TR-0188,img_train_0188_var05,train,70.71,228.1,220.2,199.8,87.95,-0.73,10.98,44.0,12.5,89.4,8.38,0.963,1.29,34.2,68.1,8.2
CHEM-TR-0188,img_train_0188_var06,train,70.71,226.6,218.9,200.5,87.53,-0.49,10.0,42.0,11.4,88.6,8.59,0.612,13.57,34.9,34.0,28.1
CHEM-TR-0188,img_train_0188_var07,train,70.71,228.2,220.7,201.2,88.13,-0.74,10.52,42.0,11.8,89.4,8.11,0.967,1.15,33.7,69.1,20.8
CHEM-TR-0188,img_train_0188_var09,train,70.71,228.2,220.0,200.3,87.93,-0.51,10.68,42.0,12.2,89.4,8.3,0.626,13.09,34.5,64.3,9.6
CHEM-TR-0188,img_train_0188_var10,train,70.71,229.9,223.1,204.0,88.92,-0.88,10.17,46.0,11.0,89.8,7.31,0.981,0.68,23.4,40.5,16.5
CHEM-TR-0189,img_train_0189_var01,train,1374.18,70.6,53.6,38.1,23.89,5.13,12.66,28.0,45.9,27.5,72.35,0.1,47.46,24.6,42.2,10.6
CHEM-TR-0189,img_train_0189_var02,train,1374.18,70.0,53.5,37.8,23.79,4.84,12.74,30.0,47.1,27.5,72.44,0.1,47.79,31.9,67.5,31.4
CHEM-TR-0189,img_train_0189_var05,train,1374.18,74.9,55.8,40.6,25.13,6.13,12.78,26.0,45.9,29.0,71.19,0.961,1.36,19.1,62.0,24.9
CHEM-TR-0189,img_train_0189_var06,train,1374.18,71.1,53.3,37.8,23.85,5.55,12.81,28.0,47.8,27.8,72.43,0.1,53.71,21.5,40.8,35.7
CHEM-TR-0189,img_train_0189_var07,train,1374.18,74.3,56.5,38.7,25.23,5.15,14.13,30.0,48.6,29.0,71.11,0.1,36.74,25.9,61.9,23.4
CHEM-TR-0189,img_train_0189_var08,train,1374.18,74.0,63.0,48.0,27.36,2.1,10.97,34.0,35.3,29.0,68.69,0.1,47.3,20.2,33.3,32.1
CHEM-TR-0189,img_train_0189_var09,train,1374.18,74.9,56.6,39.3,25.33,5.46,13.89,30.0,47.5,29.0,71.01,0.915,2.98,34.8,50.5,25.0
CHEM-TR-0189,img_train_0189_var10,train,1374.18,65.2,48.2,31.2,21.44,5.11,13.86,30.0,52.2,25.5,74.86,0.1,53.32,22.2,75.2,16.7
CHEM-TR-0190,img_train_0190_var01,train,1746.01,61.0,45.0,29.2,19.88,4.85,13.07,30.0,51.8,23.5,76.35,0.986,0.5,23.5,30.9,15.2
CHEM-TR-0190,img_train_0190_var02,train,1746.01,54.6,39.8,27.0,17.38,4.88,11.12,28.0,51.8,21.2,78.77,0.1,52.52,23.0,70.7,4.2
CHEM-TR-0190,img_train_0190_var05,train,1746.01,58.8,42.8,28.7,18.91,5.18,12.03,28.0,51.8,22.7,77.29,0.961,1.35,31.7,77.6,36.9
CHEM-TR-0190,img_train_0190_var06,train,1746.01,55.1,40.6,26.5,17.71,4.49,11.87,28.0,52.5,21.6,78.44,0.1,54.34,32.6,35.8,24.5
CHEM-TR-0190,img_train_0190_var07,train,1746.01,53.4,39.2,24.9,16.99,4.4,12.01,32.0,54.9,20.8,79.16,0.1,47.88,22.9,31.1,7.0
CHEM-TR-0190,img_train_0190_var09,train,1746.01,59.7,42.9,27.8,19.02,5.49,12.81,28.0,54.1,23.1,77.24,0.948,1.83,29.8,77.4,11.7
CHEM-TR-0190,img_train_0190_var10,train,1746.01,48.1,34.0,19.5,14.53,4.48,12.34,28.0,60.4,18.8,81.64,0.1,54.42,34.7,57.4,9.5
CHEM-TR-0191,img_train_0191_var02,train,1948.86,49.1,35.2,21.7,15.09,4.47,11.6,30.0,57.3,19.2,81.05,0.1,51.78,33.1,30.6,4.6
CHEM-TR-0191,img_train_0191_var03,train,1948.86,55.6,45.8,68.4,20.8,9.84,-12.51,266.0,33.7,26.7,78.77,0.98,0.69,21.3,70.0,23.0
CHEM-TR-0191,img_train_0191_var05,train,1948.86,54.6,37.6,25.5,16.69,6.16,11.19,24.0,53.7,21.2,79.54,0.96,1.39,21.1,71.2,34.4
CHEM-TR-0191,img_train_0191_var07,train,1948.86,54.4,37.7,25.3,16.66,5.99,11.3,24.0,53.7,21.2,79.56,0.969,1.08,33.1,69.4,22.7
CHEM-TR-0191,img_train_0191_var08,train,1948.86,57.0,44.0,34.0,19.17,4.23,8.77,26.0,40.4,22.4,76.92,0.1,54.7,23.6,74.0,8.5
CHEM-TR-0191,img_train_0191_var09,train,1948.86,50.9,35.0,21.8,15.26,5.58,11.8,26.0,58.0,19.6,80.95,0.951,1.73,20.9,32.5,35.2
CHEM-TR-0191,img_train_0191_var10,train,1948.86,44.5,28.4,15.7,12.18,6.07,11.39,26.0,65.9,17.3,84.04,0.1,53.28,33.6,43.6,12.8
CHEM-TR-0192,img_train_0192_var02,train,1492.15,65.2,48.8,34.1,21.69,5.09,12.27,28.0,47.8,25.5,74.52,0.1,47.33,23.7,36.6,17.9
CHEM-TR-0192,img_train_0192_var03,train,1492.15,70.4,51.7,27.8,23.1,5.04,18.29,34.0,61.6,27.5,73.63,0.985,0.53,24.3,70.3,14.0
CHEM-TR-0192,img_train_0192_var04,train,1492.15,66.5,46.4,30.3,21.03,6.9,13.95,26.0,54.5,25.9,75.41,0.987,0.46,24.9,34.2,10.3
CHEM-TR-0192,img_train_0192_var05,train,1492.15,66.3,47.8,32.2,21.49,6.04,13.26,26.0,51.4,25.9,74.84,0.1,35.85,20.7,43.0,27.8
CHEM-TR-0192,img_train_0192_var06,train,1492.15,65.6,48.7,33.9,21.71,5.33,12.41,28.0,49.4,25.5,74.52,0.1,53.79,21.7,52.7,26.0
CHEM-TR-0192,img_train_0192_var07,train,1492.15,64.6,47.8,32.0,21.25,5.19,13.08,30.0,51.4,25.1,75.01,0.1,35.79,19.2,46.0,4.1
CHEM-TR-0192,img_train_0192_var09,train,1492.15,64.7,47.5,32.1,21.2,5.44,12.93,28.0,50.2,25.1,75.07,0.922,2.72,32.6,52.7,15.0
CHEM-TR-0192,img_train_0192_var10,train,1492.15,64.4,47.2,31.5,21.03,5.43,13.09,30.0,51.4,25.1,75.24,0.1,47.42,34.4,35.9,20.7
CHEM-TR-0193,img_train_0193_var01,train,620.49,131.1,114.2,92.8,49.11,3.08,14.3,34.0,29.8,51.4,47.26,0.1,34.27,29.3,57.0,20.2
CHEM-TR-0193,img_train_0193_var02,train,620.49,131.3,113.4,91.8,48.9,3.49,14.57,34.0,30.6,51.4,47.52,0.134,30.3,28.4,43.6,36.4
CHEM-TR-0193,img_train_0193_var03,train,620.49,124.6,107.4,45.9,45.8,-1.12,36.18,48.0,63.5,48.6,57.11,0.1,36.04,30.7,36.5,16.5
CHEM-TR-0193,img_train_0193_var04,train,620.49,137.1,117.1,95.2,50.58,4.29,14.98,32.0,30.6,53.7,45.97,0.1,39.45,19.7,32.3,8.5
CHEM-TR-0193,img_train_0193_var05,train,620.49,131.5,113.4,92.7,48.95,3.72,14.09,32.0,29.8,51.4,47.43,0.358,22.46,25.4,51.6,24.6
CHEM-TR-0193,img_train_0193_var06,train,620.49,131.9,113.9,92.0,49.11,3.46,14.74,32.0,29.8,51.4,47.33,0.137,30.2,30.6,77.3,21.7
CHEM-TR-0193,img_train_0193_var07,train,620.49,135.4,115.9,93.6,50.03,4.06,15.15,32.0,31.0,52.9,46.52,0.376,21.84,23.0,31.7,33.6
CHEM-TR-0193,img_train_0193_var08,train,620.49,144.0,128.0,116.0,54.69,4.03,8.74,26.0,19.6,56.5,41.46,0.113,31.05,20.1,78.5,10.1
CHEM-TR-0193,img_train_0193_var09,train,620.49,131.2,114.1,91.9,49.09,3.09,14.74,34.0,30.6,51.4,47.33,0.196,28.13,24.9,69.5,11.4
CHEM-TR-0193,img_train_0193_var10,train,620.49,135.7,116.7,94.1,50.32,3.74,15.22,32.0,30.2,52.9,46.22,0.155,29.57,23.2,59.5,20.2
CHEM-TR-0194,img_train_0194_var01,train,1416.89,73.4,55.7,39.0,24.87,5.27,13.44,30.0,47.8,28.6,71.43,0.988,0.41,24.8,49.1,32.0
CHEM-TR-0194,img_train_0194_var02,train,1416.89,71.6,55.8,37.5,24.66,4.13,14.09,32.0,47.8,27.8,71.61,0.1,49.09,31.4,52.6,33.7
CHEM-TR-0194,img_train_0194_var05,train,1416.89,72.2,54.1,38.2,24.25,5.56,13.12,28.0,47.1,28.2,72.05,0.1,37.39,23.2,73.7,23.3
CHEM-TR-0194,img_train_0194_var06,train,1416.89,73.2,56.0,38.5,24.94,4.88,13.84,30.0,47.8,28.6,71.36,0.1,51.43,20.5,68.7,13.2
CHEM-TR-0194,img_train_0194_var07,train,1416.89,67.6,50.9,33.7,22.6,4.84,13.77,30.0,50.6,26.3,73.68,0.1,42.32,28.2,59.3,33.5
CHEM-TR-0194,img_train_0194_var08,train,1416.89,75.0,60.0,47.0,26.54,4.35,10.52,28.0,37.3,29.4,69.58,0.1,49.34,32.1,36.4,16.4
CHEM-TR-0194,img_train_0194_var09,train,1416.89,68.0,51.3,35.8,22.84,5.03,12.71,30.0,47.8,26.3,73.39,0.1,45.19,25.3,78.1,31.4
CHEM-TR-0194,img_train_0194_var10,train,1416.89,59.6,42.9,27.6,19.01,5.38,12.93,28.0,54.1,23.1,77.24,0.1,46.1,32.1,30.7,20.0
CHEM-TR-0195,img_train_0195_var01,train,611.73,137.1,117.6,95.3,50.72,4.01,15.14,32.0,30.6,53.7,45.83,0.1,37.03,32.9,60.1,12.6
CHEM-TR-0195,img_train_0195_var02,train,611.73,132.7,114.8,92.7,49.44,3.38,14.82,34.0,30.2,51.8,47.01,0.183,28.6,29.6,40.2,14.5
CHEM-TR-0195,img_train_0195_var03,train,611.73,136.6,117.8,96.6,50.75,3.82,14.39,32.0,29.4,53.3,45.69,0.1,39.62,28.3,78.4,33.0
CHEM-TR-0195,img_train_0195_var04,train,611.73,144.0,123.3,99.0,53.02,4.13,16.23,32.0,30.6,56.1,43.73,0.1,36.79,19.5,48.1,20.1
CHEM-TR-0195,img_train_0195_var05,train,611.73,132.0,113.2,92.0,48.92,3.91,14.46,32.0,29.8,51.4,47.52,0.372,21.99,20.8,72.2,7.8
CHEM-TR-0195,img_train_0195_var06,train,611.73,132.1,114.8,93.3,49.41,3.19,14.39,32.0,29.4,51.8,46.98,0.143,29.98,27.4,62.7,30.0
CHEM-TR-0195,img_train_0195_var07,train,611.73,136.6,117.9,94.9,50.74,3.59,15.37,32.0,31.0,53.3,45.81,0.194,28.21,23.2,78.5,33.6
CHEM-TR-0195,img_train_0195_var08,train,611.73,142.0,127.0,117.0,54.25,3.97,7.52,24.0,17.6,55.7,41.92,0.158,29.47,34.3,48.4,34.0
CHEM-TR-0195,img_train_0195_var09,train,611.73,133.0,115.1,92.9,49.57,3.38,14.89,34.0,31.0,52.2,46.89,0.216,27.44,30.7,57.4,16.9
CHEM-TR-0195,img_train_0195_var10,train,611.73,122.5,106.1,85.7,45.87,3.1,13.84,34.0,30.2,47.8,50.43,0.313,24.05,22.2,39.1,15.6
CHEM-TR-0196,img_train_0196_var02,train,1606.02,64.5,48.7,32.0,21.52,4.56,13.43,30.0,51.4,25.1,74.72,0.1,53.85,23.0,45.8,29.7
CHEM-TR-0196,img_train_0196_var04,train,1606.02,60.6,41.3,24.1,18.6,6.55,14.75,28.0,60.0,23.5,77.85,0.989,0.38,27.4,35.7,30.4
CHEM-TR-0196,img_train_0196_var05,train,1606.02,63.8,47.8,31.2,21.15,4.64,13.46,30.0,51.0,24.7,75.1,0.957,1.49,29.7,74.2,31.9
CHEM-TR-0196,img_train_0196_var06,train,1606.02,65.9,47.8,32.1,21.41,5.86,13.21,28.0,50.6,25.5,74.9,0.985,0.51,31.1,30.8,24.1
CHEM-TR-0196,img_train_0196_var07,train,1606.02,60.1,41.7,25.9,18.7,6.22,13.72,28.0,58.4,23.5,77.65,0.1,37.74,26.0,49.3,4.6
CHEM-TR-0196,img_train_0196_var09,train,1606.02,60.4,44.2,29.0,19.53,5.09,12.73,30.0,53.3,23.5,76.7,0.1,48.7,27.5,60.9,17.2
CHEM-TR-0196,img_train_0196_var10,train,1606.02,51.6,35.3,19.9,15.42,5.51,13.29,30.0,62.7,20.0,80.85,0.1,47.96,29.3,79.5,28.2
CHEM-TR-0197,img_train_0197_var01,train,0.0,244.9,239.2,223.3,94.57,-0.78,8.37,46.0,8.6,95.7,2.02,0.511,17.11,32.9,34.0,21.2
CHEM-TR-0197,img_train_0197_var02,train,0.0,240.6,240.2,221.0,94.44,-3.13,9.31,60.0,7.8,94.1,3.96,0.314,24.01,33.6,57.0,28.8
CHEM-TR-0197,img_train_0197_var03,train,0.0,242.2,237.7,214.4,93.77,-2.33,11.8,50.0,11.8,94.9,4.56,0.845,5.44,28.6,78.7,31.2
CHEM-TR-0197,img_train_0197_var05,train,0.0,244.7,239.2,221.8,94.51,-1.05,9.04,46.0,9.4,95.7,2.15,0.959,1.43,33.8,49.2,16.6
CHEM-TR-0197,img_train_0197_var06,train,0.0,244.7,239.9,222.9,94.71,-1.22,8.76,46.0,9.0,95.7,2.16,0.562,15.33,27.5,69.3,26.2
CHEM-TR-0197,img_train_0197_var07,train,0.0,246.0,241.3,223.5,95.17,-1.39,9.13,46.0,9.4,96.5,2.07,0.966,1.18,24.1,65.6,18.1
CHEM-TR-0197,img_train_0197_var09,train,0.0,244.5,239.2,223.5,94.54,-0.9,8.24,46.0,8.6,95.7,2.16,0.59,14.35,34.1,48.9,19.4
CHEM-TR-0197,img_train_0197_var10,train,0.0,231.3,230.8,217.3,91.27,-2.17,6.62,56.0,5.9,90.6,5.93,0.975,0.87,31.7,74.1,14.1
CHEM-TR-0198,img_train_0198_var01,train,0.0,244.8,240.0,222.1,94.72,-1.37,9.2,46.0,9.0,95.7,2.27,0.512,17.07,23.0,78.6,4.9
CHEM-TR-0198,img_train_0198_var02,train,0.0,240.1,240.1,222.3,94.4,-3.05,8.61,60.0,7.5,94.1,3.91,0.986,0.48,23.1,34.1,11.3
CHEM-TR-0198,img_train_0198_var03,train,0.0,241.1,237.0,210.2,93.43,-3.07,13.51,52.0,12.9,94.5,6.3,0.824,6.17,33.4,56.7,7.2
CHEM-TR-0198,img_train_0198_var05,train,0.0,243.1,238.9,221.7,94.33,-1.5,8.83,46.0,9.0,95.3,2.61,0.954,1.61,24.3,76.4,33.1
CHEM-TR-0198,img_train_0198_var06,train,0.0,245.7,240.6,221.9,94.94,-1.44,9.62,48.0,9.8,96.1,2.3,0.542,16.04,20.5,38.6,18.6
CHEM-TR-0198,img_train_0198_var07,train,0.0,244.4,239.9,225.1,94.75,-1.02,7.7,44.0,7.8,95.7,2.36,0.968,1.11,33.9,61.5,36.0
CHEM-TR-0198,img_train_0198_var09,train,0.0,243.6,239.3,223.6,94.5,-1.22,8.12,48.0,8.2,95.3,2.45,0.589,14.39,23.4,67.6,26.3
CHEM-TR-0198,img_train_0198_var10,train,0.0,242.5,243.3,227.5,95.52,-2.98,7.53,64.0,6.7,95.3,3.81,0.986,0.51,28.3,54.6,23.9
CHEM-TR-0199,img_train_0199_var01,train,1181.5,81.1,63.7,46.1,28.34,4.72,13.65,30.0,43.1,31.8,67.95,0.1,53.71,23.1,36.2,14.1
CHEM-TR-0199,img_train_0199_var02,train,1181.5,85.4,67.4,47.6,29.96,4.67,14.94,32.0,44.7,33.3,66.44,0.982,0.64,29.6,54.7,28.5
CHEM-TR-0199,img_train_0199_var03,train,1181.5,75.4,58.6,12.3,25.66,1.98,29.79,44.0,83.9,29.4,73.36,0.1,50.93,31.4,41.2,21.3
CHEM-TR-0199,img_train_0199_var05,train,1181.5,80.1,62.8,44.5,27.93,4.59,14.08,30.0,45.1,31.4,68.38,0.1,32.46,30.5,62.5,17.4
CHEM-TR-0199,img_train_0199_var06,train,1181.5,81.9,64.0,46.2,28.53,4.95,13.87,30.0,43.1,31.8,67.79,0.1,44.75,33.9,41.5,31.2
CHEM-TR-0199,img_train_0199_var07,train,1181.5,80.3,62.8,44.1,27.95,4.64,14.39,30.0,45.1,31.4,68.39,0.113,31.06,23.6,41.4,20.3
CHEM-TR-0199,img_train_0199_var09,train,1181.5,86.5,67.0,48.7,30.0,5.57,14.35,30.0,44.3,33.7,66.41,0.1,42.44,24.0,31.8,38.0
CHEM-TR-0199,img_train_0199_var10,train,1181.5,72.8,54.9,38.7,24.56,5.45,13.23,28.0,47.1,28.2,71.74,0.1,42.44,25.2,75.7,10.3
CHEM-TR-0200,img_train_0200_var01,train,636.29,129.9,111.3,90.5,48.17,3.89,14.32,32.0,30.2,50.6,48.24,0.1,35.61,30.3,47.5,8.8
CHEM-TR-0200,img_train_0200_var02,train,636.29,129.1,111.7,90.2,48.18,3.33,14.48,32.0,30.2,50.6,48.22,0.134,30.31,19.3,38.8,36.1
CHEM-TR-0200,img_train_0200_var03,train,636.29,135.9,119.3,132.0,52.0,8.8,-4.59,312.0,11.8,52.9,46.79,0.983,0.61,30.6,71.6,37.6
CHEM-TR-0200,img_train_0200_var04,train,636.29,140.9,119.2,95.9,51.53,4.79,15.96,32.0,32.2,54.9,45.22,0.1,38.59,22.6,67.9,29.5
CHEM-TR-0200,img_train_0200_var05,train,636.29,128.3,111.4,89.2,47.99,3.01,14.79,34.0,30.6,50.2,48.42,0.36,22.4,26.6,70.4,31.9
CHEM-TR-0200,img_train_0200_var06,train,636.29,129.5,111.9,89.8,48.26,3.31,14.81,34.0,31.0,50.6,48.17,0.1,32.29,33.5,58.8,32.5
CHEM-TR-0200,img_train_0200_var07,train,636.29,133.0,114.6,91.3,49.41,3.42,15.6,32.0,31.8,52.2,47.15,0.343,22.98,31.1,64.0,30.9
CHEM-TR-0200,img_train_0200_var08,train,636.29,185.4,94.2,46.4,50.22,33.34,42.94,20.0,75.3,72.5,65.77,0.144,29.95,32.6,50.2,23.0
CHEM-TR-0200,img_train_0200_var09,train,636.29,133.7,114.8,91.4,49.54,3.62,15.69,32.0,31.8,52.2,47.04,0.124,30.65,28.6,60.9,34.7
CHEM-TR-0200,img_train_0200_var10,train,636.29,123.7,106.4,84.6,46.03,3.29,14.76,34.0,31.8,48.2,50.38,0.188,28.41,20.0,66.5,5.6
CHEM-TR-0201,img_train_0201_var01,train,397.33,165.7,150.4,126.4,62.94,1.75,14.7,36.0,23.5,64.7,33.57,0.22,27.29,31.0,45.9,38.3
CHEM-TR-0201,img_train_0201_var02,train,397.33,169.0,149.2,125.3,62.92,3.5,15.37,32.0,25.9,66.3,33.82,0.979,0.75,32.3,67.5,17.4
CHEM-TR-0201,img_train_0201_var03,train,397.33,176.1,166.3,192.4,69.8,8.55,-12.08,264.0,13.7,75.3,34.58,0.982,0.63,21.5,67.9,6.8
CHEM-TR-0201,img_train_0201_var04,train,397.33,176.5,160.3,136.2,66.75,2.01,14.7,36.0,22.7,69.0,29.84,0.33,23.44,21.7,67.9,32.6
CHEM-TR-0201,img_train_0201_var05,train,397.33,165.4,149.7,125.6,62.72,1.87,14.87,36.0,24.3,64.7,33.82,0.959,1.44,34.3,78.6,25.2
CHEM-TR-0201,img_train_0201_var06,train,397.33,162.2,147.9,125.2,61.95,1.52,13.95,36.0,22.7,63.5,34.42,0.346,22.9,32.9,37.2,33.4
CHEM-TR-0201,img_train_0201_var07,train,397.33,165.6,149.3,124.7,62.63,2.01,15.22,36.0,24.7,64.7,33.98,0.971,1.01,33.7,77.5,7.9
CHEM-TR-0201,img_train_0201_var08,train,397.33,167.0,159.0,149.0,65.89,1.12,6.25,34.0,10.6,65.5,30.24,0.921,2.75,21.5,40.9,37.1
CHEM-TR-0201,img_train_0201_var09,train,397.33,162.0,147.8,124.5,61.88,1.43,14.24,36.0,23.5,63.5,34.53,0.426,20.09,33.7,66.9,37.5
CHEM-TR-0201,img_train_0201_var10,train,397.33,157.1,141.5,118.9,59.63,2.12,14.2,36.0,24.7,61.6,36.78,0.779,7.75,28.5,36.1,16.8
CHEM-TR-0202,img_train_0202_var01,train,115.74,218.5,207.9,187.1,83.77,0.21,11.61,38.0,14.1,85.5,12.51,0.608,13.73,27.4,79.6,5.7
CHEM-TR-0202,img_train_0202_var02,train,115.74,216.1,206.0,187.6,83.11,0.41,10.43,40.0,13.3,84.7,12.97,0.978,0.76,30.9,54.6,13.9
CHEM-TR-0202,img_train_0202_var03,train,115.74,217.5,207.7,180.8,83.52,-1.03,14.63,44.0,16.9,85.1,13.78,0.983,0.6,22.1,62.0,10.3
CHEM-TR-0202,img_train_0202_var04,train,115.74,225.0,223.3,206.0,88.63,-2.37,8.65,54.0,8.6,88.2,7.92,0.696,10.63,31.1,55.1,7.4
CHEM-TR-0202,img_train_0202_var05,train,115.74,215.5,205.6,186.5,82.94,0.25,10.72,40.0,13.3,84.3,13.18,0.956,1.52,29.2,39.6,4.7
CHEM-TR-0202,img_train_0202_var06,train,115.74,218.0,207.6,187.0,83.66,0.18,11.51,40.0,13.7,85.1,12.6,0.619,13.33,33.9,47.2,29.3
CHEM-TR-0202,img_train_0202_var07,train,115.74,217.9,208.6,187.9,83.94,-0.25,11.44,42.0,13.7,85.1,12.33,0.63,12.95,32.6,76.9,34.4
CHEM-TR-0202,img_train_0202_var09,train,115.74,218.0,208.2,186.9,83.8,-0.13,11.77,42.0,14.5,85.5,12.53,0.652,12.19,27.6,39.7,27.6
CHEM-TR-0202,img_train_0202_var10,train,115.74,216.5,208.8,190.6,83.92,-0.41,9.95,42.0,12.2,84.7,12.15,0.979,0.74,21.0,68.4,24.6
CHEM-TR-0203,img_train_0203_var01,train,1725.72,62.0,43.8,30.2,19.65,6.33,12.12,26.0,51.0,23.9,76.64,0.981,0.66,20.0,61.5,38.8
CHEM-TR-0203,img_train_0203_var03,train,1725.72,60.6,43.8,7.7,19.14,3.59,24.29,40.0,88.2,23.5,78.43,0.981,0.67,32.9,41.5,12.9
CHEM-TR-0203,img_train_0203_var05,train,1725.72,60.0,43.2,29.4,19.21,5.61,12.03,28.0,51.8,23.5,77.02,0.962,1.31,21.3,70.4,14.2
CHEM-TR-0203,img_train_0203_var06,train,1725.72,56.8,40.6,27.3,17.95,5.47,11.72,26.0,51.8,22.0,78.26,0.1,54.02,28.0,69.2,28.9
CHEM-TR-0203,img_train_0203_var07,train,1725.72,54.8,39.2,25.8,17.2,5.24,11.65,28.0,53.7,21.2,78.99,0.1,47.13,31.1,32.4,20.1
CHEM-TR-0203,img_train_0203_var09,train,1725.72,56.0,40.2,27.0,17.7,5.29,11.55,28.0,52.5,21.6,78.49,0.1,47.7,22.2,33.2,23.8
CHEM-TR-0203,img_train_0203_var10,train,1725.72,47.5,32.5,18.5,13.96,5.14,12.22,28.0,61.6,18.4,82.23,0.1,50.96,20.1,44.4,26.3
CHEM-TR-0204,img_train_0204_var01,train,482.74,149.8,133.4,111.1,56.57,2.55,14.27,34.0,25.5,58.4,39.83,0.269,25.58,32.5,38.7,34.5
CHEM-TR-0204,img_train_0204_var02,train,482.74,150.0,132.6,110.7,56.39,3.01,14.23,34.0,26.7,58.8,40.03,0.296,24.65,24.0,37.1,23.1
CHEM-TR-0204,img_train_0204_var03,train,482.74,158.8,142.6,160.8,61.17,9.4,-7.37,294.0,11.4,62.7,39.5,0.1,33.6,31.4,31.9,9.3
CHEM-TR-0204,img_train_0204_var04,train,482.74,168.3,146.0,121.0,61.92,4.39,16.35,32.0,27.8,65.9,35.08,0.219,27.33,28.5,33.3,24.6
CHEM-TR-0204,img_train_0204_var05,train,482.74,150.0,133.3,110.6,56.55,2.63,14.54,34.0,26.7,58.8,39.89,0.423,20.19,22.9,78.7,9.8
CHEM-TR-0204,img_train_0204_var06,train,482.74,154.0,136.0,112.2,57.7,2.95,15.3,34.0,26.7,60.0,38.89,0.14,30.08,25.8,43.2,8.3
CHEM-TR-0204,img_train_0204_var07,train,482.74,153.2,135.3,110.5,57.42,2.75,15.88,34.0,28.2,60.0,39.25,0.969,1.09,29.5,52.7,31.1
CHEM-TR-0204,img_train_0204_var08,train,482.74,159.0,154.0,138.0,63.6,-1.03,9.05,46.0,13.3,62.4,32.44,0.787,7.46,27.5,67.7,21.3
CHEM-TR-0204,img_train_0204_var09,train,482.74,153.2,135.8,111.0,57.54,2.57,15.74,34.0,28.2,60.0,39.1,0.947,1.84,32.9,57.3,16.9
CHEM-TR-0204,img_train_0204_var10,train,482.74,154.2,136.4,113.4,57.85,2.98,14.79,34.0,26.7,60.4,38.67,0.283,25.1,21.1,72.6,27.2
CHEM-TR-0205,img_train_0205_var02,train,1642.48,59.0,42.8,29.5,18.96,5.4,11.59,26.0,51.0,23.1,77.24,0.1,51.26,27.2,40.4,9.4
CHEM-TR-0205,img_train_0205_var03,train,1642.48,63.9,46.8,16.3,20.59,3.92,22.09,38.0,74.5,24.7,76.61,0.983,0.6,25.3,48.5,16.9
CHEM-TR-0205,img_train_0205_var05,train,1642.48,57.6,42.6,28.6,18.67,4.71,11.76,28.0,51.0,22.4,77.49,0.1,37.04,28.0,47.9,21.4
CHEM-TR-0205,img_train_0205_var06,train,1642.48,59.3,43.4,29.0,19.17,5.04,12.18,28.0,51.0,23.1,77.03,0.1,53.22,34.7,46.6,35.5
CHEM-TR-0205,img_train_0205_var07,train,1642.48,63.6,46.6,30.5,20.73,5.28,13.35,30.0,52.5,24.7,75.55,0.966,1.18,33.4,75.3,19.3
CHEM-TR-0205,img_train_0205_var09,train,1642.48,58.9,42.3,28.0,18.74,5.51,12.33,30.0,53.3,22.7,77.49,0.1,47.1,20.4,64.1,7.6
CHEM-TR-0205,img_train_0205_var10,train,1642.48,50.0,34.5,19.8,14.95,5.23,12.76,30.0,62.0,19.6,81.27,0.1,50.27,31.2,74.3,4.2
CHEM-TR-0206,img_train_0206_var01,train,174.49,204.0,192.3,172.3,78.27,0.75,11.58,38.0,15.3,79.6,17.92,0.578,14.77,27.7,31.5,38.0
CHEM-TR-0206,img_train_0206_var02,train,174.49,203.4,191.8,171.2,78.07,0.63,11.85,38.0,15.7,79.6,18.16,0.977,0.8,24.5,66.3,29.4
CHEM-TR-0206,img_train_0206_var03,train,174.49,206.1,193.5,188.4,79.12,3.55,4.13,16.0,8.6,80.8,17.83,0.668,11.62,25.4,62.8,15.1
CHEM-TR-0206,img_train_0206_var04,train,174.49,220.6,207.2,185.0,83.73,1.01,12.72,38.0,16.1,86.3,12.83,0.604,13.84,20.9,77.9,18.9
CHEM-TR-0206,img_train_0206_var05,train,174.49,202.9,192.1,170.8,78.08,0.24,12.09,42.0,15.7,79.2,18.19,0.964,1.27,20.5,33.3,12.1
CHEM-TR-0206,img_train_0206_var06,train,174.49,204.0,192.7,172.5,78.37,0.58,11.57,38.0,15.3,79.6,17.82,0.62,13.3,32.6,75.0,26.9
CHEM-TR-0206,img_train_0206_var07,train,174.49,202.9,192.1,171.9,78.1,0.4,11.54,40.0,15.3,79.2,18.08,0.968,1.14,34.3,43.6,33.7
CHEM-TR-0206,img_train_0206_var09,train,174.49,205.8,194.5,171.9,78.97,0.21,12.8,40.0,16.5,80.4,17.45,0.635,12.76,23.5,56.2,27.8
CHEM-TR-0206,img_train_0206_var10,train,174.49,191.1,181.9,164.1,74.3,0.25,10.21,38.0,14.1,74.9,21.74,0.403,20.91,31.7,61.3,36.5
CHEM-TR-0207,img_train_0207_var01,train,0.0,244.9,240.9,222.6,94.96,-1.72,9.29,50.0,9.0,95.7,2.47,0.496,17.64,22.8,33.4,12.2
CHEM-TR-0207,img_train_0207_var02,train,0.0,241.7,240.8,222.8,94.71,-2.78,8.79,56.0,7.8,94.5,3.53,0.984,0.56,27.1,48.4,35.4
CHEM-TR-0207,img_train_0207_var03,train,0.0,245.8,237.5,226.6,94.28,0.98,6.25,34.0,7.8,96.1,3.28,0.31,24.14,19.4,77.3,23.8
CHEM-TR-0207,img_train_0207_var05,train,0.0,246.1,239.5,222.2,94.69,-0.67,9.13,42.0,9.8,96.5,1.76,0.965,1.24,22.1,72.5,35.6
CHEM-TR-0207,img_train_0207_var06,train,0.0,245.5,240.3,221.8,94.86,-1.35,9.56,48.0,9.8,96.1,2.24,0.519,16.84,19.2,79.6,34.5
CHEM-TR-0207,img_train_0207_var07,train,0.0,244.2,238.9,223.1,94.42,-0.89,8.27,42.0,8.6,95.7,2.23,0.968,1.13,26.7,63.8,30.3
CHEM-TR-0207,img_train_0207_var09,train,0.0,243.7,240.4,222.9,94.77,-1.87,8.84,52.0,8.6,95.3,2.67,0.6,14.0,27.1,32.7,9.4
CHEM-TR-0207,img_train_0207_var10,train,0.0,224.7,223.3,210.5,88.74,-1.75,6.43,56.0,6.3,87.8,8.02,0.976,0.84,32.0,78.8,9.3
CHEM-TR-0208,img_train_0208_var02,train,1328.36,72.7,54.8,38.7,24.51,5.5,13.15,28.0,47.1,28.2,71.78,0.1,50.87,25.5,71.8,15.7
CHEM-TR-0208,img_train_0208_var03,train,1328.36,64.2,46.7,0.0,20.47,3.12,29.07,44.0,100.0,25.1,78.19,0.1,52.25,33.8,35.8,35.6
CHEM-TR-0208,img_train_0208_var05,train,1328.36,72.7,55.1,38.7,24.61,5.22,13.3,30.0,47.1,28.2,71.67,0.1,33.57,34.6,63.3,10.4
CHEM-TR-0208,img_train_0208_var06,train,1328.36,74.2,55.4,39.9,24.93,5.93,12.97,28.0,47.5,29.0,71.39,0.1,49.24,20.8,43.2,35.1
CHEM-TR-0208,img_train_0208_var07,train,1328.36,72.3,55.0,37.7,24.53,4.99,13.81,30.0,48.6,28.2,71.77,0.1,42.11,24.9,62.7,14.7
CHEM-TR-0208,img_train_0208_var08,train,1328.36,81.0,64.0,52.0,28.55,5.35,10.14,24.0,35.7,31.8,67.63,0.1,48.12,33.8,35.9,31.2
CHEM-TR-0208,img_train_0208_var09,train,1328.36,72.3,55.3,38.8,24.63,4.9,13.24,30.0,47.1,28.2,71.63,0.1,45.61,24.0,70.1,14.8
CHEM-TR-0208,img_train_0208_var10,train,1328.36,64.8,47.2,30.5,21.08,5.45,13.8,30.0,52.9,25.1,75.24,0.1,41.32,20.9,39.8,19.4
CHEM-TR-0209,img_train_0209_var01,train,35.37,235.2,228.5,211.0,90.86,-0.68,9.34,42.0,10.2,92.2,5.28,0.528,16.53,28.1,69.6,33.1
CHEM-TR-0209,img_train_0209_var02,train,35.37,237.3,229.2,210.0,91.16,-0.44,10.35,42.0,11.8,92.9,5.11,0.983,0.6,22.1,32.2,29.0
CHEM-TR-0209,img_train_0209_var03,train,35.37,236.0,224.2,202.8,89.65,0.55,11.89,38.0,14.5,92.5,6.98,0.725,9.62,22.0,70.2,27.8
CHEM-TR-0209,img_train_0209_var05,train,35.37,235.9,228.8,210.1,90.96,-0.73,9.95,44.0,10.6,92.2,5.27,0.956,1.52,32.9,36.0,28.1
CHEM-TR-0209,img_train_0209_var06,train,35.37,234.8,228.6,210.8,90.84,-0.86,9.4,46.0,10.2,91.8,5.35,0.616,13.43,21.0,57.6,29.1
CHEM-TR-0209,img_train_0209_var07,train,35.37,234.4,229.3,211.8,91.02,-1.26,9.15,46.0,9.8,91.8,5.28,0.968,1.13,20.2,41.7,8.0
CHEM-TR-0209,img_train_0209_var09,train,35.37,235.9,228.6,211.1,90.94,-0.48,9.43,42.0,10.2,92.2,5.17,0.641,12.58,27.7,63.7,17.7
CHEM-TR-0209,img_train_0209_var10,train,35.37,227.0,222.4,206.5,88.57,-1.13,8.36,46.0,9.4,89.0,7.63,0.221,27.25,25.5,43.0,37.2
CHEM-TR-0210,img_train_0210_var01,train,205.78,196.3,185.1,165.1,75.6,0.62,11.58,38.0,15.7,76.9,20.56,0.496,17.65,32.9,65.6,20.2
CHEM-TR-0210,img_train_0210_var02,train,205.78,194.9,185.0,163.6,75.41,-0.08,12.12,40.0,16.1,76.1,20.83,0.974,0.91,22.7,46.1,17.2
CHEM-TR-0210,img_train_0210_var03,train,205.78,196.6,185.8,172.1,75.98,1.45,8.35,32.0,12.2,76.9,20.05,0.983,0.61,20.9,79.4,18.5
CHEM-TR-0210,img_train_0210_var04,train,205.78,220.8,204.9,181.1,83.06,1.7,13.83,36.0,17.6,86.3,13.86,0.993,0.25,25.7,47.1,21.8
CHEM-TR-0210,img_train_0210_var05,train,205.78,194.6,183.7,163.1,75.05,0.42,11.86,38.0,16.1,76.1,21.14,0.951,1.71,20.0,68.5,25.3
CHEM-TR-0210,img_train_0210_var06,train,205.78,196.2,185.7,165.4,75.75,0.32,11.61,38.0,15.7,76.9,20.42,0.529,16.49,30.7,44.0,15.3
CHEM-TR-0210,img_train_0210_var07,train,205.78,196.4,184.9,165.3,75.57,0.76,11.44,36.0,15.7,76.9,20.58,0.965,1.24,26.5,30.1,12.8
CHEM-TR-0210,img_train_0210_var08,train,205.78,203.0,202.0,202.0,81.4,0.34,0.12,0.0,0.4,79.6,17.09,0.981,0.68,32.8,57.3,17.1
CHEM-TR-0210,img_train_0210_var09,train,205.78,199.1,186.6,165.2,76.22,0.88,12.44,38.0,17.3,78.0,20.08,0.592,14.28,27.8,47.8,24.0
CHEM-TR-0210,img_train_0210_var10,train,205.78,191.6,179.5,159.6,73.62,0.97,11.73,38.0,16.9,74.9,22.55,0.981,0.65,22.5,46.9,20.3
CHEM-TR-0211,img_train_0211_var02,train,1795.11,55.0,42.5,28.5,18.32,3.44,11.36,32.0,49.0,21.6,77.77,0.1,54.04,19.1,66.3,37.7
CHEM-TR-0211,img_train_0211_var03,train,1795.11,58.8,50.5,80.8,23.13,11.32,-17.17,256.0,37.6,31.4,78.18,0.983,0.6,30.9,33.7,33.8
CHEM-TR-0211,img_train_0211_var05,train,1795.11,54.4,37.8,24.2,16.69,5.7,12.12,26.0,55.7,21.2,79.54,0.1,35.69,32.0,48.7,21.2
CHEM-TR-0211,img_train_0211_var07,train,1795.11,52.6,37.0,22.6,16.16,5.18,12.48,30.0,57.6,20.4,80.05,0.1,45.31,27.8,36.3,4.4
CHEM-TR-0211,img_train_0211_var09,train,1795.11,54.0,39.0,25.0,17.03,4.82,12.0,30.0,55.7,21.2,79.14,0.1,50.4,22.1,68.3,8.4
CHEM-TR-0211,img_train_0211_var10,train,1795.11,53.7,36.9,22.9,16.28,5.84,12.46,28.0,58.4,20.8,79.97,0.1,49.27,26.9,51.6,23.5
CHEM-TR-0212,img_train_0212_var01,train,267.1,187.8,173.6,150.6,71.56,1.31,13.66,38.0,19.6,73.3,24.89,0.395,21.18,30.6,54.2,17.4
CHEM-TR-0212,img_train_0212_var02,train,267.1,185.1,171.3,150.2,70.7,1.45,12.66,36.0,18.8,72.5,25.58,0.981,0.66,33.9,79.4,37.1
CHEM-TR-0212,img_train_0212_var03,train,267.1,188.1,175.0,175.5,72.55,4.75,1.43,0.0,7.1,73.7,25.01,0.983,0.6,21.4,31.8,21.1
CHEM-TR-0212,img_train_0212_var04,train,267.1,204.1,189.7,166.5,77.47,1.26,13.55,36.0,18.8,80.0,19.1,0.989,0.4,19.8,38.4,31.6
CHEM-TR-0212,img_train_0212_var05,train,267.1,187.3,173.6,150.7,71.52,1.14,13.54,38.0,19.6,73.3,24.91,0.967,1.17,30.1,51.9,20.3
CHEM-TR-0212,img_train_0212_var06,train,267.1,184.5,172.1,150.8,70.88,0.91,12.58,38.0,18.4,72.2,25.38,0.534,16.32,21.5,44.2,37.8
CHEM-TR-0212,img_train_0212_var07,train,267.1,184.4,171.6,150.7,70.76,1.1,12.46,38.0,18.4,72.2,25.48,0.965,1.24,29.9,45.8,33.2
CHEM-TR-0212,img_train_0212_var08,train,267.1,204.0,198.0,196.0,80.3,1.72,1.74,16.0,3.9,80.0,17.34,0.988,0.41,20.9,52.8,26.8
CHEM-TR-0212,img_train_0212_var09,train,267.1,184.8,171.8,151.3,70.85,1.22,12.26,36.0,18.0,72.2,25.37,0.594,14.2,31.1,57.4,4.9
CHEM-TR-0212,img_train_0212_var10,train,267.1,185.2,172.4,151.4,71.04,1.11,12.48,38.0,18.4,72.5,25.21,0.979,0.74,21.4,40.6,27.1
CHEM-TR-0213,img_train_0213_var02,train,1532.72,64.4,52.3,34.4,22.66,2.43,13.29,36.0,47.1,25.1,73.49,0.1,54.03,29.5,34.9,27.2
CHEM-TR-0213,img_train_0213_var05,train,1532.72,62.1,47.1,30.5,20.69,4.26,13.24,32.0,51.8,24.3,75.52,0.1,38.17,23.7,62.7,32.1
CHEM-TR-0213,img_train_0213_var06,train,1532.72,62.7,47.7,31.6,20.97,4.22,12.94,30.0,49.8,24.3,75.23,0.1,52.16,29.2,49.4,29.1
CHEM-TR-0213,img_train_0213_var07,train,1532.72,67.5,50.2,33.9,22.37,5.29,13.36,30.0,50.6,26.3,73.91,0.1,36.32,27.1,34.6,10.0
CHEM-TR-0213,img_train_0213_var09,train,1532.72,62.1,46.7,30.0,20.57,4.39,13.44,30.0,53.3,24.3,75.66,0.1,47.95,25.2,48.1,21.8
CHEM-TR-0213,img_train_0213_var10,train,1532.72,66.7,50.2,32.8,22.26,4.78,13.88,32.0,51.4,25.9,74.03,0.1,46.08,25.4,59.8,38.0
CHEM-TR-0214,img_train_0214_var01,train,1514.22,65.6,48.0,33.6,21.46,5.78,12.31,26.0,49.4,25.5,74.8,0.1,54.16,23.9,36.5,24.9
CHEM-TR-0214,img_train_0214_var02,train,1514.22,66.1,50.7,35.0,22.41,4.4,12.6,30.0,47.1,25.9,73.78,0.977,0.8,21.0,74.3,36.8
CHEM-TR-0214,img_train_0214_var03,train,1514.22,69.5,57.8,80.5,26.39,10.23,-11.87,272.0,28.6,31.4,73.32,0.982,0.62,35.0,41.6,30.9
CHEM-TR-0214,img_train_0214_var04,train,1514.22,64.7,46.7,30.1,20.91,5.74,13.9,28.0,52.9,25.1,75.43,0.989,0.39,22.7,45.6,25.0
CHEM-TR-0214,img_train_0214_var05,train,1514.22,64.6,47.7,32.4,21.22,5.31,12.76,28.0,50.2,25.1,75.03,0.1,37.59,19.7,66.4,8.6
CHEM-TR-0214,img_train_0214_var06,train,1514.22,69.9,51.7,35.5,23.18,5.65,13.42,28.0,49.4,27.1,73.14,0.984,0.56,28.0,61.2,13.9
CHEM-TR-0214,img_train_0214_var07,train,1514.22,67.7,50.2,34.0,22.42,5.38,13.35,30.0,49.4,26.3,73.87,0.1,34.28,28.1,76.8,21.6
CHEM-TR-0214,img_train_0214_var08,train,1514.22,71.0,57.0,43.0,25.08,3.8,11.06,30.0,39.6,27.8,71.03,0.1,51.06,31.8,77.3,18.2
CHEM-TR-0214,img_train_0214_var09,train,1514.22,68.5,50.2,35.2,22.53,6.01,12.7,28.0,48.6,26.7,73.77,0.939,2.15,24.8,58.8,28.9
CHEM-TR-0214,img_train_0214_var10,train,1514.22,67.3,49.3,32.8,22.07,5.61,13.66,30.0,52.2,26.3,74.25,0.1,49.13,30.6,36.8,14.7
CHEM-TR-0215,img_train_0215_var01,train,141.53,210.0,200.2,180.6,80.97,0.13,11.03,40.0,14.1,82.4,15.17,0.622,13.25,31.6,45.6,37.8
CHEM-TR-0215,img_train_0215_var02,train,141.53,208.8,199.7,180.1,80.73,-0.12,10.95,40.0,13.3,81.6,15.41,0.98,0.69,28.8,42.7,36.9
CHEM-TR-0215,img_train_0215_var03,train,141.53,198.4,189.0,94.7,75.62,-9.2,48.28,54.0,52.5,77.6,45.3,0.98,0.7,28.8,59.1,36.9
CHEM-TR-0215,img_train_0215_var04,train,141.53,227.2,219.3,198.8,87.62,-0.7,11.01,44.0,12.9,89.0,8.7,0.678,11.26,27.3,58.9,32.0
CHEM-TR-0215,img_train_0215_var05,train,141.53,208.9,199.4,179.6,80.65,-0.02,11.1,42.0,14.1,81.6,15.5,0.963,1.31,26.1,63.8,4.4
CHEM-TR-0215,img_train_0215_var06,train,141.53,210.1,200.6,180.1,81.06,-0.13,11.43,40.0,14.1,82.4,15.15,0.614,13.53,28.2,61.5,22.8
CHEM-TR-0215,img_train_0215_var07,train,141.53,213.1,202.8,180.7,81.91,-0.11,12.33,40.0,15.7,83.5,14.49,0.969,1.09,34.6,54.6,24.3
CHEM-TR-0215,img_train_0215_var09,train,141.53,209.2,200.3,179.7,80.92,-0.36,11.41,42.0,14.5,82.0,15.3,0.935,2.26,28.1,74.2,37.2
CHEM-TR-0215,img_train_0215_var10,train,141.53,210.6,202.1,183.0,81.57,-0.3,10.6,42.0,12.9,82.4,14.54,0.978,0.77,31.6,78.5,9.4
CHEM-TR-0216,img_train_0216_var02,train,1616.17,60.2,43.8,28.6,19.38,5.22,12.79,28.0,53.3,23.5,76.86,0.1,51.67,23.3,34.2,6.1
CHEM-TR-0216,img_train_0216_var05,train,1616.17,64.1,47.1,31.5,20.98,5.36,13.0,30.0,51.4,25.1,75.28,0.958,1.45,22.2,37.1,36.3
CHEM-TR-0216,img_train_0216_var06,train,1616.17,61.2,44.5,29.9,19.78,5.4,12.45,28.0,52.5,23.9,76.46,0.1,53.16,35.0,55.3,5.1
CHEM-TR-0216,img_train_0216_var07,train,1616.17,60.4,42.6,28.6,19.07,6.11,12.36,26.0,53.3,23.5,77.21,0.1,36.5,20.9,38.3,34.1
CHEM-TR-0216,img_train_0216_var08,train,1616.17,66.0,52.0,40.0,22.89,4.21,9.97,28.0,39.2,25.9,73.21,0.1,47.06,29.4,77.6,12.6
CHEM-TR-0216,img_train_0216_var09,train,1616.17,59.2,43.7,28.4,19.24,4.72,12.66,30.0,52.5,23.1,76.96,0.917,2.9,33.8,40.7,19.2
CHEM-TR-0216,img_train_0216_var10,train,1616.17,53.8,37.9,22.9,16.6,5.25,12.86,30.0,58.4,20.8,79.64,0.1,53.68,26.1,66.9,5.6
CHEM-TR-0217,img_train_0217_var01,train,1232.57,83.4,64.9,45.2,28.94,5.0,15.04,30.0,45.9,32.5,67.48,0.1,54.33,27.0,57.3,18.4
CHEM-TR-0217,img_train_0217_var02,train,1232.57,78.7,60.5,43.3,27.05,5.3,13.65,30.0,44.7,30.6,69.27,0.1,46.01,25.8,50.8,18.6
CHEM-TR-0217,img_train_0217_var05,train,1232.57,77.9,59.8,41.6,26.7,5.12,14.26,30.0,46.7,30.2,69.65,0.1,33.71,21.1,78.6,22.1
CHEM-TR-0217,img_train_0217_var06,train,1232.57,78.9,60.8,43.3,27.16,5.16,13.8,30.0,44.7,30.6,69.16,0.1,47.39,27.5,61.5,4.7
CHEM-TR-0217,img_train_0217_var07,train,1232.57,78.6,60.6,42.3,27.05,5.04,14.28,30.0,46.3,30.6,69.3,0.1,31.78,29.5,77.2,35.5
CHEM-TR-0217,img_train_0217_var09,train,1232.57,81.9,63.9,45.2,28.47,4.91,14.43,30.0,44.3,31.8,67.89,0.946,1.89,20.8,65.7,31.7
CHEM-TR-0217,img_train_0217_var10,train,1232.57,73.1,55.1,37.0,24.62,5.25,14.4,30.0,50.6,28.6,71.74,0.1,44.54,34.3,34.4,17.5
CHEM-TR-0218,img_train_0218_var01,train,464.83,151.7,136.3,114.1,57.61,2.1,14.07,36.0,24.3,59.2,38.76,0.296,24.64,20.6,67.3,15.7
CHEM-TR-0218,img_train_0218_var02,train,464.83,157.6,139.3,114.2,58.97,2.87,15.92,34.0,27.5,61.6,37.75,0.978,0.79,29.7,71.6,5.8
CHEM-TR-0218,img_train_0218_var03,train,464.83,145.4,129.6,69.3,54.39,-2.32,34.59,48.0,52.5,56.9,48.93,0.197,28.1,31.8,36.7,9.7
CHEM-TR-0218,img_train_0218_var04,train,464.83,165.8,145.6,121.7,61.57,3.73,15.41,32.0,26.7,64.7,35.17,0.175,28.88,33.4,67.0,21.6
CHEM-TR-0218,img_train_0218_var05,train,464.83,151.6,135.7,113.6,57.44,2.34,14.08,34.0,25.1,59.2,38.94,0.509,17.18,29.2,41.6,8.5
CHEM-TR-0218,img_train_0218_var06,train,464.83,155.8,138.6,115.2,58.64,2.66,14.89,34.0,25.9,60.8,37.88,0.23,26.96,27.0,46.7,14.9
CHEM-TR-0218,img_train_0218_var07,train,464.83,150.8,134.9,112.2,57.11,2.29,14.39,34.0,25.5,58.8,39.3,0.971,1.0,19.7,33.3,7.4
CHEM-TR-0218,img_train_0218_var08,train,464.83,157.0,154.0,140.0,63.49,-1.45,7.74,50.0,11.0,61.6,32.59,0.984,0.56,19.9,33.1,33.1
CHEM-TR-0218,img_train_0218_var09,train,464.83,155.0,139.1,114.3,58.7,1.92,15.45,36.0,26.3,60.8,37.88,0.949,1.78,34.1,79.6,31.0
CHEM-TR-0218,img_train_0218_var10,train,464.83,155.2,138.6,115.5,58.6,2.41,14.67,34.0,25.9,60.8,37.88,0.836,5.74,34.4,78.7,4.6
CHEM-TR-0219,img_train_0219_var01,train,450.23,157.4,141.2,117.1,59.53,2.1,15.12,36.0,25.5,61.6,37.01,0.988,0.43,24.3,71.2,33.9
CHEM-TR-0219,img_train_0219_var02,train,450.23,154.4,137.8,115.5,58.29,2.61,14.21,34.0,25.5,60.4,38.13,0.27,25.56,20.9,77.4,18.1
CHEM-TR-0219,img_train_0219_var03,train,450.23,157.6,140.5,109.7,59.2,1.58,18.82,38.0,30.6,61.6,38.1,0.175,28.89,28.6,59.0,33.6
CHEM-TR-0219,img_train_0219_var04,train,450.23,163.4,142.9,120.5,60.6,4.09,14.73,30.0,26.3,63.9,36.04,0.988,0.43,29.2,49.2,15.8
CHEM-TR-0219,img_train_0219_var05,train,450.23,154.7,138.0,115.0,58.38,2.5,14.63,36.0,25.5,60.4,38.09,0.539,16.12,32.4,32.6,17.0
CHEM-TR-0219,img_train_0219_var06,train,450.23,154.0,138.5,116.5,58.47,2.18,13.92,36.0,24.3,60.0,37.89,0.261,25.86,27.5,40.2,13.8
CHEM-TR-0219,img_train_0219_var07,train,450.23,157.7,140.7,116.4,59.4,2.46,15.3,36.0,26.3,61.6,37.19,0.969,1.09,21.1,37.2,8.3
CHEM-TR-0219,img_train_0219_var08,train,450.23,164.0,157.0,146.0,65.03,0.58,6.66,36.0,11.0,64.3,31.06,0.766,8.18,19.1,32.7,26.4
CHEM-TR-0219,img_train_0219_var09,train,450.23,157.6,140.1,116.1,59.24,2.64,15.25,36.0,26.3,61.6,37.35,0.955,1.57,31.9,74.1,9.2
CHEM-TR-0219,img_train_0219_var10,train,450.23,145.0,130.4,110.2,55.31,2.13,12.96,36.0,23.5,56.5,40.91,0.341,23.06,22.9,33.6,18.5
CHEM-TR-0220,img_train_0220_var01,train,189.64,202.8,190.7,167.7,77.66,0.42,13.16,40.0,17.3,79.2,18.81,0.508,17.21,24.9,75.4,14.4
CHEM-TR-0220,img_train_0220_var02,train,189.64,199.7,188.7,168.5,76.9,0.48,11.63,38.0,15.7,78.0,19.28,0.975,0.87,34.0,65.8,38.3
CHEM-TR-0220,img_train_0220_var03,train,189.64,203.3,190.7,157.8,77.48,-0.83,18.25,44.0,22.7,79.6,20.74,0.985,0.52,25.4,51.9,38.4
CHEM-TR-0220,img_train_0220_var04,train,189.64,214.4,199.9,178.0,81.21,1.46,12.81,36.0,17.3,83.9,15.3,0.985,0.54,29.7,72.8,29.5
CHEM-TR-0220,img_train_0220_var05,train,189.64,198.9,188.6,166.6,76.76,-0.08,12.43,42.0,16.1,77.6,19.55,0.955,1.57,34.5,40.8,17.5
CHEM-TR-0220,img_train_0220_var06,train,189.64,203.0,190.7,168.0,77.68,0.57,13.03,38.0,17.3,79.6,18.76,0.582,14.64,26.8,54.3,7.7
CHEM-TR-0220,img_train_0220_var07,train,189.64,200.4,189.1,168.1,77.03,0.48,12.02,40.0,16.1,78.4,19.21,0.966,1.2,24.4,68.3,30.7
CHEM-TR-0220,img_train_0220_var08,train,189.64,198.0,200.0,200.0,80.45,-0.69,-0.24,180.0,1.2,78.4,18.13,0.979,0.75,22.8,49.4,35.1
CHEM-TR-0220,img_train_0220_var09,train,189.64,200.7,189.4,168.6,77.15,0.5,11.93,40.0,16.1,78.4,19.08,0.641,12.58,24.5,39.6,23.7
CHEM-TR-0220,img_train_0220_var10,train,189.64,196.2,183.8,162.8,75.21,0.89,12.28,38.0,17.3,76.9,21.05,0.983,0.61,26.9,63.9,20.5
CHEM-TR-0221,img_train_0221_var01,train,180.73,201.1,191.3,170.7,77.74,-0.06,11.66,40.0,15.3,78.8,18.46,0.609,13.68,31.6,33.8,28.1
CHEM-TR-0221,img_train_0221_var02,train,180.73,201.2,191.2,169.8,77.68,-0.06,12.06,42.0,16.1,78.8,18.58,0.976,0.86,25.4,53.8,33.7
CHEM-TR-0221,img_train_0221_var03,train,180.73,208.8,200.6,210.2,81.72,4.58,-3.76,288.0,4.7,82.4,19.58,0.981,0.68,24.7,60.4,4.5
CHEM-TR-0221,img_train_0221_var04,train,180.73,222.5,208.7,187.0,84.31,1.19,12.49,36.0,15.7,87.1,12.22,0.635,12.79,25.2,59.0,37.6
CHEM-TR-0221,img_train_0221_var05,train,180.73,200.2,190.1,169.7,77.33,0.1,11.58,40.0,15.7,78.4,18.85,0.958,1.45,27.2,70.1,28.8
CHEM-TR-0221,img_train_0221_var06,train,180.73,203.8,192.6,170.9,78.3,0.31,12.36,40.0,16.1,79.6,18.02,0.611,13.61,34.5,55.7,37.2
CHEM-TR-0221,img_train_0221_var07,train,180.73,204.5,194.3,172.7,78.83,-0.05,12.17,42.0,15.7,80.0,17.47,0.65,12.25,23.8,54.2,5.1
CHEM-TR-0221,img_train_0221_var08,train,180.73,200.0,205.0,203.0,81.98,-2.08,0.4,156.0,2.4,80.4,16.65,0.983,0.61,19.0,52.6,34.6
CHEM-TR-0221,img_train_0221_var09,train,180.73,201.9,191.3,171.1,77.81,0.32,11.52,40.0,14.9,78.8,18.36,0.644,12.45,27.9,41.8,26.8
CHEM-TR-0221,img_train_0221_var10,train,180.73,198.2,185.5,165.4,75.86,1.16,11.79,36.0,16.5,77.6,20.34,0.979,0.72,31.6,79.2,23.3
CHEM-TR-0222,img_train_0222_var01,train,1084.49,87.9,69.7,50.6,31.0,4.74,14.46,30.0,42.4,34.1,65.37,0.1,50.03,22.2,73.4,15.9
CHEM-TR-0222,img_train_0222_var02,train,1084.49,91.1,73.6,53.6,32.55,4.24,14.75,32.0,41.6,35.7,63.82,0.981,0.65,24.4,40.2,26.6
CHEM-TR-0222,img_train_0222_var03,train,1084.49,107.7,95.8,139.3,43.32,14.47,-22.32,256.0,31.8,54.5,62.86,0.1,50.67,22.9,39.9,19.7
CHEM-TR-0222,img_train_0222_var05,train,1084.49,92.1,73.1,53.3,32.52,4.96,14.9,30.0,42.4,36.1,63.91,0.1,31.88,28.5,40.5,25.1
CHEM-TR-0222,img_train_0222_var06,train,1084.49,87.8,70.2,51.7,31.16,4.54,14.0,32.0,41.6,34.1,65.16,0.1,45.44,26.1,42.8,19.8
CHEM-TR-0222,img_train_0222_var07,train,1084.49,86.6,68.6,49.5,30.51,4.68,14.48,30.0,43.1,33.7,65.85,0.102,31.42,28.9,58.1,18.2
CHEM-TR-0222,img_train_0222_var08,train,1084.49,95.0,82.0,66.0,35.72,2.6,11.39,34.0,30.6,37.3,60.36,0.1,44.26,22.0,37.9,26.7
CHEM-TR-0222,img_train_0222_var09,train,1084.49,88.0,69.3,50.6,30.91,5.05,14.34,30.0,43.1,34.5,65.47,0.1,38.77,34.4,41.5,31.1
CHEM-TR-0222,img_train_0222_var10,train,1084.49,82.1,64.2,44.7,28.58,4.74,14.88,32.0,46.3,32.2,67.81,0.1,43.29,23.5,57.4,25.0
CHEM-TR-0223,img_train_0223_var01,train,1833.46,53.4,38.1,25.4,16.66,5.25,11.21,28.0,52.9,20.8,79.51,0.1,53.18,21.6,72.9,33.6
CHEM-TR-0223,img_train_0223_var02,train,1833.46,56.6,40.8,28.7,17.99,5.47,10.79,26.0,49.8,22.0,78.19,0.981,0.67,23.9,44.0,13.7
CHEM-TR-0223,img_train_0223_var04,train,1833.46,52.7,34.0,19.3,15.16,6.91,13.4,26.0,63.5,20.4,81.21,0.989,0.39,27.4,58.8,13.2
CHEM-TR-0223,img_train_0223_var05,train,1833.46,57.2,38.9,27.3,17.48,6.81,11.12,22.0,52.5,22.4,78.8,0.958,1.49,28.4,58.4,27.6
CHEM-TR-0223,img_train_0223_var06,train,1833.46,53.0,38.2,25.6,16.66,4.94,11.03,28.0,52.9,20.8,79.49,0.1,52.21,30.2,49.9,28.6
CHEM-TR-0223,img_train_0223_var07,train,1833.46,57.7,40.4,26.2,17.98,5.92,12.5,28.0,54.5,22.4,78.29,0.1,50.92,30.5,73.5,23.2
CHEM-TR-0223,img_train_0223_var09,train,1833.46,57.7,40.3,27.4,17.97,6.14,11.65,26.0,52.5,22.4,78.28,0.95,1.75,24.3,41.7,9.1
CHEM-TR-0223,img_train_0223_var10,train,1833.46,45.9,30.3,18.0,13.01,5.78,11.22,28.0,62.4,17.6,83.19,0.1,47.55,33.7,39.4,18.3
CHEM-TR-0224,img_train_0224_var01,train,576.32,141.3,123.3,98.6,52.74,2.97,16.03,34.0,30.6,55.3,43.9,0.1,35.22,29.8,57.7,20.0
CHEM-TR-0224,img_train_0224_var02,train,576.32,136.8,119.5,96.8,51.24,2.98,14.97,34.0,29.4,53.3,45.22,0.2,27.99,28.1,47.0,21.1
CHEM-TR-0224,img_train_0224_var03,train,576.32,155.2,143.8,182.0,61.88,11.95,-18.37,258.0,21.6,71.4,45.21,0.1,34.56,25.2,42.6,29.8
CHEM-TR-0224,img_train_0224_var04,train,576.32,149.2,128.1,104.0,54.93,4.29,16.08,32.0,31.0,58.4,41.85,0.1,35.14,20.1,71.9,32.1
CHEM-TR-0224,img_train_0224_var05,train,576.32,140.0,122.1,96.6,52.28,2.8,16.51,36.0,31.4,54.9,44.42,0.959,1.44,29.7,73.2,11.6
CHEM-TR-0224,img_train_0224_var06,train,576.32,140.7,123.1,98.8,52.64,2.86,15.78,36.0,30.2,54.9,43.95,0.1,31.58,24.4,31.6,24.9
CHEM-TR-0224,img_train_0224_var07,train,576.32,138.2,121.6,98.1,51.98,2.59,15.24,34.0,29.0,54.1,44.51,0.421,20.26,31.2,49.2,36.3
CHEM-TR-0224,img_train_0224_var08,train,576.32,147.0,138.0,123.0,57.86,0.71,9.24,38.0,16.5,57.6,38.14,0.1,36.59,33.2,70.8,33.1
CHEM-TR-0224,img_train_0224_var09,train,576.32,140.7,122.4,98.1,52.45,3.14,15.93,34.0,30.2,54.9,44.18,0.944,1.97,19.3,73.6,28.6
CHEM-TR-0224,img_train_0224_var10,train,576.32,132.2,114.8,92.2,49.39,3.13,15.03,34.0,30.2,51.8,47.07,0.1,32.54,26.8,73.1,34.4
CHEM-TR-0225,img_train_0225_var01,train,475.71,153.8,136.7,113.1,57.89,2.61,15.01,34.0,26.3,60.0,38.64,0.205,27.84,27.4,48.2,21.8
CHEM-TR-0225,img_train_0225_var02,train,475.71,154.4,136.7,112.7,57.93,2.81,15.3,34.0,27.5,60.4,38.66,0.979,0.72,21.6,57.5,36.3
CHEM-TR-0225,img_train_0225_var03,train,475.71,166.2,162.6,212.6,68.73,11.84,-24.93,244.0,23.5,83.1,44.98,0.15,29.76,20.3,74.1,32.6
CHEM-TR-0225,img_train_0225_var04,train,475.71,158.0,137.8,115.3,58.64,3.98,14.88,32.0,26.7,61.6,37.98,0.983,0.6,22.0,60.9,7.0
CHEM-TR-0225,img_train_0225_var05,train,475.71,149.6,134.0,110.6,56.71,2.03,14.74,36.0,26.3,58.4,39.74,0.506,17.3,23.8,36.9,31.2
CHEM-TR-0225,img_train_0225_var06,train,475.71,153.1,137.1,112.7,57.95,2.02,15.34,36.0,26.7,60.0,38.6,0.986,0.5,25.3,33.2,35.1
CHEM-TR-0225,img_train_0225_var07,train,475.71,153.8,135.8,112.2,57.64,2.98,15.21,34.0,26.7,60.0,38.94,0.964,1.26,26.6,75.5,18.3
CHEM-TR-0225,img_train_0225_var08,train,475.71,162.0,150.0,142.0,62.88,3.0,5.81,24.0,12.2,63.5,33.37,0.104,31.35,31.4,38.8,29.3
CHEM-TR-0225,img_train_0225_var09,train,475.71,153.2,136.9,112.1,57.87,2.12,15.55,36.0,26.7,60.0,38.72,0.919,2.83,26.6,39.1,35.4
CHEM-TR-0225,img_train_0225_var10,train,475.71,142.7,127.8,106.7,54.29,2.16,13.52,34.0,25.5,55.7,41.99,0.348,22.83,28.2,48.0,21.8
CHEM-TR-0226,img_train_0226_var01,train,281.21,181.6,168.4,147.2,69.59,1.24,12.66,38.0,18.8,71.0,26.67,0.513,17.04,31.4,76.6,38.9
CHEM-TR-0226,img_train_0226_var02,train,281.21,185.9,170.2,148.4,70.46,2.09,13.31,36.0,20.0,72.5,25.95,0.98,0.71,24.7,63.9,31.5
CHEM-TR-0226,img_train_0226_var03,train,281.21,185.2,170.5,147.4,70.45,1.47,13.84,36.0,20.4,72.5,26.02,0.958,1.47,20.9,55.8,19.4
CHEM-TR-0226,img_train_0226_var04,train,281.21,195.2,177.6,155.2,73.35,2.66,13.78,34.0,20.4,76.5,23.25,0.984,0.56,31.0,31.5,19.9
CHEM-TR-0226,img_train_0226_var05,train,281.21,184.8,169.4,146.1,70.1,1.72,14.06,36.0,20.8,72.2,26.42,0.957,1.5,23.8,66.6,26.0
CHEM-TR-0226,img_train_0226_var06,train,281.21,182.1,168.6,148.0,69.71,1.38,12.43,36.0,19.2,71.4,26.53,0.475,18.36,28.5,70.3,25.8
CHEM-TR-0226,img_train_0226_var07,train,281.21,185.2,171.2,149.1,70.68,1.4,13.21,36.0,19.6,72.5,25.68,0.834,5.82,34.7,57.6,32.1
CHEM-TR-0226,img_train_0226_var08,train,281.21,198.0,194.0,187.0,78.57,0.14,4.01,38.0,5.5,77.6,18.13,0.524,16.67,31.6,51.6,35.0
CHEM-TR-0226,img_train_0226_var09,train,281.21,185.1,171.6,147.5,70.73,0.87,14.16,38.0,20.4,72.5,25.79,0.947,1.86,22.6,73.4,6.4
CHEM-TR-0226,img_train_0226_var10,train,281.21,171.2,160.6,140.9,66.47,0.5,11.67,38.0,18.0,67.1,29.65,0.976,0.84,19.8,66.0,21.2
CHEM-TR-0227,img_train_0227_var01,train,0.0,245.2,240.4,222.6,94.86,-1.38,9.15,46.0,9.4,96.1,2.2,0.454,19.12,28.1,61.3,31.4
CHEM-TR-0227,img_train_0227_var02,train,0.0,238.1,240.3,221.7,94.3,-3.93,8.76,66.0,7.8,94.1,4.75,0.985,0.51,26.7,38.2,15.7
CHEM-TR-0227,img_train_0227_var03,train,0.0,243.7,239.9,228.9,94.77,-0.58,5.73,44.0,6.3,95.3,3.66,0.943,2.0,25.4,51.8,30.8
CHEM-TR-0227,img_train_0227_var05,train,0.0,243.6,239.2,222.4,94.44,-1.35,8.65,48.0,8.6,95.3,2.45,0.959,1.42,24.8,38.1,22.7
CHEM-TR-0227,img_train_0227_var06,train,0.0,245.7,240.1,221.9,94.82,-1.18,9.45,48.0,9.8,96.1,2.1,0.54,16.11,30.6,64.7,12.8
CHEM-TR-0227,img_train_0227_var07,train,0.0,245.1,240.2,224.6,94.85,-1.0,8.1,46.0,8.6,96.1,2.09,0.963,1.3,24.6,58.9,13.7
CHEM-TR-0227,img_train_0227_var08,train,0.0,240.6,222.4,194.2,89.38,1.84,16.09,36.0,19.2,94.1,9.79,0.987,0.45,29.0,79.9,5.7
CHEM-TR-0227,img_train_0227_var09,train,0.0,245.6,239.2,221.8,94.58,-0.8,9.19,46.0,9.8,96.1,1.93,0.57,15.04,30.1,72.8,23.4
CHEM-TR-0227,img_train_0227_var10,train,0.0,242.0,243.2,226.8,95.42,-3.21,7.74,68.0,7.1,95.3,3.96,0.986,0.49,23.5,56.7,31.0
CHEM-TR-0228,img_train_0228_var01,train,241.89,189.0,177.4,155.5,72.77,0.48,12.72,38.0,18.0,74.1,23.53,0.529,16.49,21.6,74.7,30.6
CHEM-TR-0228,img_train_0228_var02,train,241.89,192.9,179.4,156.1,73.63,0.95,13.65,38.0,18.8,75.3,22.85,0.981,0.67,22.0,62.3,27.8
CHEM-TR-0228,img_train_0228_var03,train,241.89,193.7,175.8,163.9,72.94,4.44,8.42,24.0,15.7,75.7,23.4,0.983,0.59,32.1,34.6,22.5
CHEM-TR-0228,img_train_0228_var04,train,241.89,203.8,187.0,165.8,76.74,2.5,12.9,34.0,18.8,79.6,19.75,0.529,16.49,21.4,38.7,21.8
CHEM-TR-0228,img_train_0228_var05,train,241.89,188.5,176.6,154.6,72.49,0.58,12.78,38.0,18.0,73.7,23.81,0.961,1.36,26.5,48.5,14.3
CHEM-TR-0228,img_train_0228_var06,train,241.89,191.9,178.6,155.6,73.32,0.92,13.49,38.0,18.8,74.9,23.12,0.986,0.5,28.1,70.8,24.9
CHEM-TR-0228,img_train_0228_var07,train,241.89,191.6,178.5,155.0,73.26,0.8,13.68,38.0,18.8,74.9,23.22,0.97,1.06,22.8,36.9,18.0
CHEM-TR-0228,img_train_0228_var08,train,241.89,192.0,195.0,185.0,78.31,-2.86,4.66,78.0,5.1,76.5,18.52,0.984,0.57,19.3,71.0,35.9
CHEM-TR-0228,img_train_0228_var09,train,241.89,188.4,177.0,155.7,72.61,0.48,12.39,40.0,17.6,73.7,23.63,0.587,14.46,26.1,37.5,4.4
CHEM-TR-0228,img_train_0228_var10,train,241.89,182.6,171.8,150.4,70.65,0.26,12.4,40.0,17.6,71.4,25.58,0.978,0.79,31.8,58.7,15.2
CHEM-TR-0229,img_train_0229_var02,train,1935.94,50.4,34.5,22.4,15.06,5.77,11.12,26.0,56.1,19.6,81.14,0.1,52.79,33.9,31.1,27.1
CHEM-TR-0229,img_train_0229_var05,train,1935.94,51.5,34.9,22.8,15.35,6.07,11.21,24.0,56.9,20.0,80.87,0.1,36.66,30.5,71.5,19.4
CHEM-TR-0229,img_train_0229_var07,train,1935.94,54.2,36.7,22.6,16.28,6.26,12.61,26.0,59.2,21.2,80.01,0.1,39.31,22.2,71.7,33.7
CHEM-TR-0229,img_train_0229_var08,train,1935.94,57.0,44.0,33.0,19.15,4.08,9.42,28.0,42.0,22.4,76.93,0.1,54.95,32.3,56.3,30.6
CHEM-TR-0229,img_train_0229_var09,train,1935.94,51.3,34.7,23.5,15.29,6.21,10.66,24.0,54.9,20.0,80.93,0.95,1.74,31.8,73.8,4.4
CHEM-TR-0230,img_train_0230_var01,train,119.19,214.6,206.0,186.5,82.97,-0.32,10.75,42.0,12.9,83.9,13.17,0.595,14.19,34.3,66.6,34.1
CHEM-TR-0230,img_train_0230_var02,train,119.19,225.9,207.1,185.9,84.16,3.13,12.92,34.0,17.6,88.2,12.75,0.978,0.78,21.1,54.6,28.2
CHEM-TR-0230,img_train_0230_var04,train,119.19,223.6,222.2,207.6,88.29,-2.05,7.34,56.0,7.1,87.5,8.29,0.997,0.11,27.9,73.0,12.6
CHEM-TR-0230,img_train_0230_var05,train,119.19,214.5,205.8,186.1,82.89,-0.3,10.84,40.0,12.9,83.9,13.26,0.956,1.53,25.0,71.7,22.8
CHEM-TR-0230,img_train_0230_var06,train,119.19,214.6,205.8,186.5,82.92,-0.22,10.7,40.0,12.9,83.9,13.21,0.626,13.1,34.5,38.6,38.2
CHEM-TR-0230,img_train_0230_var07,train,119.19,214.4,205.2,186.2,82.74,-0.0,10.6,40.0,12.9,83.9,13.37,0.967,1.15,30.8,62.0,13.2
CHEM-TR-0230,img_train_0230_var09,train,119.19,215.1,205.3,185.7,82.81,0.1,10.96,40.0,14.1,84.3,13.34,0.67,11.56,25.0,49.7,31.7
CHEM-TR-0230,img_train_0230_var10,train,119.19,218.3,209.5,190.0,84.23,-0.24,10.74,40.0,12.9,85.5,11.92,0.978,0.78,26.4,64.5,38.8
CHEM-TR-0231,img_train_0231_var01,train,1639.56,59.5,43.4,29.0,19.18,5.18,12.19,28.0,51.0,23.1,77.03,0.1,54.01,22.5,79.1,15.0
CHEM-TR-0231,img_train_0231_var02,train,1639.56,58.9,43.3,28.2,19.06,4.79,12.6,30.0,51.8,22.7,77.14,0.1,51.16,24.7,60.5,28.2
CHEM-TR-0231,img_train_0231_var05,train,1639.56,63.2,46.9,31.5,20.8,4.99,12.74,28.0,51.0,24.7,75.43,0.962,1.34,28.6,51.7,28.4
CHEM-TR-0231,img_train_0231_var06,train,1639.56,60.1,43.7,30.1,19.37,5.44,11.74,26.0,50.2,23.5,76.84,0.1,53.63,24.9,31.9,13.1
CHEM-TR-0231,img_train_0231_var07,train,1639.56,63.5,46.5,30.7,20.68,5.34,13.12,30.0,52.5,24.7,75.59,0.1,37.63,26.9,62.0,23.0
CHEM-TR-0231,img_train_0231_var08,train,1639.56,68.0,53.0,41.0,23.46,4.67,10.12,26.0,39.6,26.7,72.67,0.1,53.38,34.7,34.7,12.7
CHEM-TR-0231,img_train_0231_var09,train,1639.56,64.1,46.4,31.6,20.75,5.84,12.65,28.0,51.4,25.1,75.53,0.945,1.92,24.4,56.0,11.4
CHEM-TR-0231,img_train_0231_var10,train,1639.56,53.1,36.4,22.1,16.03,5.79,12.65,28.0,58.4,20.8,80.23,0.1,44.79,28.6,41.0,22.1
CHEM-TR-0232,img_train_0232_var01,train,175.22,203.1,192.4,172.5,78.22,0.41,11.37,38.0,15.3,79.6,17.94,0.584,14.56,23.3,43.2,14.3
CHEM-TR-0232,img_train_0232_var02,train,175.22,201.8,192.2,171.2,78.04,-0.19,11.8,42.0,14.9,78.8,18.19,0.978,0.78,20.0,54.0,29.0
CHEM-TR-0232,img_train_0232_var03,train,175.22,214.4,209.1,234.7,84.99,6.61,-11.91,252.0,10.6,91.8,24.41,0.981,0.65,26.0,74.8,29.5
CHEM-TR-0232,img_train_0232_var04,train,175.22,218.8,204.4,184.5,82.85,1.74,11.7,36.0,15.7,85.5,13.48,0.98,0.69,30.5,53.3,31.9
CHEM-TR-0232,img_train_0232_var05,train,175.22,201.7,191.7,171.9,77.9,0.19,11.21,40.0,14.9,78.8,18.24,0.961,1.38,21.5,48.7,35.5
CHEM-TR-0232,img_train_0232_var06,train,175.22,204.7,193.5,171.8,78.63,0.29,12.33,40.0,16.1,80.0,17.69,0.605,13.81,19.7,50.3,38.5
CHEM-TR-0232,img_train_0232_var07,train,175.22,201.3,192.3,171.4,78.01,-0.35,11.68,42.0,14.9,78.8,18.21,0.969,1.1,31.0,34.8,31.9
CHEM-TR-0232,img_train_0232_var09,train,175.22,205.4,193.8,171.8,78.76,0.41,12.56,38.0,16.5,80.4,17.6,0.628,13.03,28.9,34.5,20.7
CHEM-TR-0232,img_train_0232_var10,train,175.22,192.3,183.5,165.3,74.87,-0.01,10.4,40.0,14.1,75.3,21.18,0.383,21.61,26.2,72.5,38.1
CHEM-TR-0233,img_train_0233_var01,train,170.78,206.0,195.0,173.0,79.15,0.17,12.46,42.0,16.1,80.4,17.2,0.56,15.42,23.6,38.4,9.3
CHEM-TR-0233,img_train_0233_var02,train,170.78,208.2,194.1,172.8,79.08,1.47,12.5,36.0,17.3,81.6,17.31,0.981,0.67,21.7,73.0,34.4
CHEM-TR-0233,img_train_0233_var03,train,170.78,197.2,187.9,136.4,75.82,-4.63,27.29,50.0,31.0,77.3,27.71,0.981,0.66,34.6,37.5,29.7
CHEM-TR-0233,img_train_0233_var04,train,170.78,226.5,212.3,189.9,85.6,1.25,12.84,38.0,16.5,88.6,11.11,0.994,0.2,26.8,33.3,7.9
CHEM-TR-0233,img_train_0233_var05,train,170.78,205.6,194.5,172.3,78.96,0.18,12.57,40.0,16.1,80.4,17.41,0.964,1.27,32.4,40.4,16.2
CHEM-TR-0233,img_train_0233_var06,train,170.78,203.3,193.8,172.8,78.6,-0.19,11.74,40.0,15.3,79.6,17.63,0.636,12.73,34.3,48.9,33.0
CHEM-TR-0233,img_train_0233_var07,train,170.78,203.3,193.6,173.3,78.57,-0.03,11.47,40.0,14.9,79.6,17.61,0.965,1.23,21.8,63.7,36.1
CHEM-TR-0233,img_train_0233_var08,train,170.78,199.0,205.0,201.0,81.85,-2.79,1.27,140.0,2.7,80.4,16.46,0.98,0.7,22.3,45.5,25.2
CHEM-TR-0233,img_train_0233_var09,train,170.78,205.7,194.3,172.8,78.93,0.42,12.25,40.0,16.1,80.4,17.38,0.631,12.91,23.4,79.8,31.7
CHEM-TR-0233,img_train_0233_var10,train,170.78,196.4,187.4,167.8,76.25,-0.15,11.06,42.0,14.9,76.9,19.87,0.44,19.61,27.5,37.5,26.0
CHEM-TR-0234,img_train_0234_var01,train,616.44,136.0,118.2,93.7,50.74,2.92,16.05,36.0,31.0,52.9,45.87,0.1,33.61,21.1,76.7,29.2
CHEM-TR-0234,img_train_0234_var02,train,616.44,136.8,118.2,93.0,50.79,3.22,16.53,34.0,31.8,53.3,45.91,0.983,0.61,30.1,72.0,10.6
CHEM-TR-0234,img_train_0234_var03,train,616.44,131.1,114.1,92.9,49.11,3.13,14.23,34.0,29.8,51.4,47.25,0.1,37.18,23.6,73.4,19.5
CHEM-TR-0234,img_train_0234_var04,train,616.44,146.0,123.1,98.0,53.16,4.91,17.03,32.0,32.5,56.9,43.81,0.1,36.79,34.2,43.7,18.6
CHEM-TR-0234,img_train_0234_var05,train,616.44,135.9,116.9,93.5,50.36,3.64,15.63,32.0,31.0,52.9,46.23,0.963,1.3,20.5,51.4,5.6
CHEM-TR-0234,img_train_0234_var06,train,616.44,135.5,117.6,94.2,50.53,3.16,15.45,34.0,30.2,52.9,46.0,0.985,0.53,24.8,42.8,6.0
CHEM-TR-0234,img_train_0234_var07,train,616.44,135.8,117.9,92.7,50.61,2.92,16.45,34.0,31.8,52.9,46.06,0.333,23.36,20.9,57.9,24.4
CHEM-TR-0234,img_train_0234_var08,train,616.44,143.0,128.0,114.0,54.55,3.31,9.68,28.0,20.4,56.1,41.55,0.174,28.9,28.3,73.3,21.1
CHEM-TR-0234,img_train_0234_var09,train,616.44,135.3,117.2,92.9,50.36,3.13,16.02,34.0,31.8,52.9,46.25,0.941,2.06,31.8,32.3,31.8
CHEM-TR-0234,img_train_0234_var10,train,616.44,132.8,116.3,93.4,49.9,2.62,15.04,36.0,29.4,51.8,46.54,0.23,26.94,30.8,37.6,30.4
CHEM-TR-0235,img_train_0235_var01,train,1105.9,92.5,72.6,52.8,32.41,5.41,15.08,30.0,43.5,36.1,64.07,0.1,47.63,33.7,51.0,17.3
CHEM-TR-0235,img_train_0235_var02,train,1105.9,90.0,72.3,52.4,32.03,4.39,14.75,32.0,42.4,35.3,64.35,0.1,45.46,31.1,62.9,37.5
CHEM-TR-0235,img_train_0235_var05,train,1105.9,86.5,68.1,49.7,30.34,5.01,14.12,30.0,43.1,33.7,66.01,0.1,33.07,31.8,46.0,29.3
CHEM-TR-0235,img_train_0235_var06,train,1105.9,86.2,68.4,50.3,30.42,4.74,13.86,30.0,42.0,33.7,65.9,0.1,46.71,29.2,47.9,21.1
CHEM-TR-0235,img_train_0235_var07,train,1105.9,90.7,72.0,50.5,31.97,4.6,15.92,32.0,44.3,35.3,64.53,0.1,32.1,23.4,43.1,12.3
CHEM-TR-0235,img_train_0235_var09,train,1105.9,90.9,72.0,52.0,32.04,4.9,15.05,32.0,42.4,35.3,64.4,0.951,1.72,19.8,77.9,36.0
CHEM-TR-0235,img_train_0235_var10,train,1105.9,81.5,63.3,43.5,28.21,4.82,15.14,32.0,47.1,31.8,68.2,0.1,43.56,25.9,34.9,36.3
CHEM-TR-0236,img_train_0236_var01,train,338.5,172.9,159.0,135.8,66.09,1.24,13.95,38.0,21.6,67.5,30.33,0.383,21.6,31.2,76.9,34.7
CHEM-TR-0236,img_train_0236_var02,train,338.5,177.6,160.8,137.0,67.0,2.27,14.62,34.0,22.7,69.4,29.59,0.979,0.75,22.8,66.2,29.3
CHEM-TR-0236,img_train_0236_var03,train,338.5,175.9,162.9,142.4,67.55,1.27,12.36,36.0,18.8,68.6,28.66,0.985,0.52,25.7,51.2,37.7
CHEM-TR-0236,img_train_0236_var04,train,338.5,180.4,164.2,142.4,68.28,2.27,13.47,34.0,21.2,70.6,28.13,0.985,0.51,19.8,60.4,15.2
CHEM-TR-0236,img_train_0236_var05,train,338.5,170.5,156.5,134.3,65.19,1.41,13.49,36.0,21.2,66.7,31.15,0.955,1.58,28.9,50.6,31.7
CHEM-TR-0236,img_train_0236_var06,train,338.5,172.0,158.3,136.7,65.86,1.39,13.12,36.0,20.8,67.5,30.43,0.481,18.18,31.3,31.3,14.5
CHEM-TR-0236,img_train_0236_var07,train,338.5,175.5,160.9,138.0,66.89,1.53,13.86,36.0,21.2,68.6,29.53,0.967,1.17,21.3,44.9,31.6
CHEM-TR-0236,img_train_0236_var08,train,338.5,177.0,175.0,167.0,71.42,-0.75,4.35,48.0,5.5,69.4,25.05,0.982,0.65,31.7,57.8,22.6
CHEM-TR-0236,img_train_0236_var09,train,338.5,171.6,158.3,136.1,65.79,1.15,13.36,38.0,20.4,67.1,30.53,0.504,17.35,33.6,34.9,27.5
CHEM-TR-0236,img_train_0236_var10,train,338.5,171.9,158.5,136.9,65.91,1.27,13.1,38.0,20.4,67.1,30.38,0.721,9.75,30.9,42.9,27.0
CHEM-TR-0237,img_train_0237_var01,train,49.06,231.9,225.5,206.6,89.73,-0.97,9.99,46.0,11.0,90.6,6.52,0.559,15.45,28.3,78.9,10.0
CHEM-TR-0237,img_train_0237_var02,train,49.06,238.0,225.7,205.6,90.25,0.85,11.35,38.0,13.3,92.9,6.22,0.98,0.68,24.3,67.3,9.3
CHEM-TR-0237,img_train_0237_var03,train,49.06,230.1,223.0,189.4,88.59,-3.04,17.36,48.0,17.6,90.2,11.72,0.835,5.76,28.0,72.1,17.5
CHEM-TR-0237,img_train_0237_var05,train,49.06,230.3,224.5,206.2,89.35,-1.09,9.66,46.0,10.6,90.2,6.87,0.963,1.3,31.9,51.6,32.2
CHEM-TR-0237,img_train_0237_var06,train,49.06,231.3,225.5,206.5,89.69,-1.22,9.97,46.0,11.0,90.6,6.61,0.565,15.21,34.6,50.5,13.2
CHEM-TR-0237,img_train_0237_var07,train,49.06,231.7,226.9,208.9,90.12,-1.43,9.37,46.0,9.8,90.6,6.2,0.963,1.28,22.6,42.4,13.8
CHEM-TR-0237,img_train_0237_var09,train,49.06,230.9,224.8,206.1,89.47,-1.06,9.87,46.0,10.6,90.2,6.77,0.939,2.14,33.6,59.5,26.5
CHEM-TR-0237,img_train_0237_var10,train,49.06,225.9,218.4,201.2,87.36,-0.32,9.36,42.0,10.6,88.2,8.69,0.169,29.07,24.9,32.6,19.2
CHEM-TR-0238,img_train_0238_var01,train,758.24,115.7,98.3,77.1,42.78,3.54,14.63,34.0,32.9,45.1,53.6,0.1,37.22,19.9,64.2,4.2
CHEM-TR-0238,img_train_0238_var02,train,758.24,121.2,101.8,78.7,44.37,4.08,15.94,32.0,35.7,47.5,52.22,0.1,35.67,26.6,44.1,32.4
CHEM-TR-0238,img_train_0238_var03,train,758.24,119.9,101.5,78.0,44.15,3.61,16.04,34.0,35.3,46.7,52.42,0.981,0.67,34.5,78.2,35.2
CHEM-TR-0238,img_train_0238_var04,train,758.24,120.8,99.2,77.8,43.61,5.29,15.41,30.0,35.7,47.1,53.0,0.1,45.77,30.3,34.8,31.6
CHEM-TR-0238,img_train_0238_var05,train,758.24,115.2,98.5,76.2,42.77,3.07,15.19,34.0,33.7,45.1,53.65,0.246,26.4,21.1,61.5,18.3
CHEM-TR-0238,img_train_0238_var06,train,758.24,121.0,101.8,79.5,44.39,4.11,15.48,32.0,34.9,47.5,52.14,0.1,38.12,29.6,69.4,8.3
CHEM-TR-0238,img_train_0238_var07,train,758.24,120.7,101.1,77.9,44.12,4.18,16.05,34.0,35.7,47.1,52.49,0.267,25.66,31.0,30.6,36.1
CHEM-TR-0238,img_train_0238_var08,train,758.24,150.5,131.1,162.4,57.48,13.39,-13.92,276.0,19.2,63.5,46.64,0.1,44.08,31.2,60.3,28.8
CHEM-TR-0238,img_train_0238_var09,train,758.24,115.5,98.0,76.3,42.68,3.49,14.96,34.0,33.7,45.1,53.74,0.1,32.44,29.7,44.9,36.4
CHEM-TR-0238,img_train_0238_var10,train,758.24,120.6,101.3,78.3,44.18,4.05,15.92,32.0,34.9,47.1,52.4,0.101,31.45,27.0,55.0,30.2
CHEM-TR-0239,img_train_0239_var01,train,138.62,210.7,201.7,180.7,81.42,-0.4,11.6,42.0,14.1,82.4,14.84,0.608,13.71,20.2,54.9,10.2
CHEM-TR-0239,img_train_0239_var02,train,138.62,213.1,201.7,182.0,81.65,0.68,11.27,36.0,14.5,83.5,14.53,0.979,0.75,23.1,36.9,33.9
CHEM-TR-0239,img_train_0239_var03,train,138.62,205.7,196.2,141.3,78.79,-5.01,28.79,52.0,31.4,80.4,26.8,0.978,0.77,29.2,60.5,4.0
CHEM-TR-0239,img_train_0239_var04,train,138.62,226.4,216.6,196.2,86.83,-0.02,11.26,40.0,13.3,88.6,9.46,0.599,14.04,25.0,75.9,28.7
CHEM-TR-0239,img_train_0239_var05,train,138.62,213.0,203.2,181.2,81.99,-0.25,12.16,42.0,14.5,83.1,14.38,0.966,1.19,19.9,32.1,22.6
CHEM-TR-0239,img_train_0239_var06,train,138.62,213.0,202.4,181.0,81.8,0.11,12.02,40.0,14.9,83.5,14.52,0.624,13.16,23.6,79.6,12.7
CHEM-TR-0239,img_train_0239_var07,train,138.62,213.6,203.2,182.5,82.08,0.16,11.59,40.0,14.5,83.5,14.16,0.967,1.15,22.3,42.8,31.1
CHEM-TR-0239,img_train_0239_var09,train,138.62,210.7,201.7,180.7,81.42,-0.38,11.62,42.0,14.1,82.4,14.84,0.678,11.27,33.3,66.9,18.0
CHEM-TR-0239,img_train_0239_var10,train,138.62,193.5,186.7,169.1,75.87,-0.65,9.78,42.0,12.5,75.7,20.18,0.977,0.81,21.1,36.0,35.8
CHEM-TR-0240,img_train_0240_var01,train,1139.77,88.9,69.5,50.8,31.06,5.39,14.46,30.0,43.1,34.5,65.35,0.986,0.51,23.0,51.6,33.2
CHEM-TR-0240,img_train_0240_var02,train,1139.77,83.5,65.0,47.6,29.04,5.24,13.69,30.0,43.5,32.5,67.29,0.1,43.28,34.2,41.9,35.8
CHEM-TR-0240,img_train_0240_var03,train,1139.77,80.0,61.3,21.8,27.11,3.18,26.71,42.0,73.3,31.0,71.18,0.1,50.87,32.5,46.8,20.4
CHEM-TR-0240,img_train_0240_var04,train,1139.77,88.5,66.4,46.2,30.02,6.58,15.95,28.0,47.8,34.5,66.62,0.992,0.27,26.3,46.8,21.1
CHEM-TR-0240,img_train_0240_var05,train,1139.77,82.5,65.8,47.8,29.16,4.32,13.68,30.0,42.7,32.2,67.11,0.1,33.49,34.4,78.4,16.5
CHEM-TR-0240,img_train_0240_var06,train,1139.77,89.2,69.4,50.0,31.03,5.49,14.94,30.0,45.1,34.9,65.43,0.986,0.48,30.0,57.2,18.2
CHEM-TR-0240,img_train_0240_var07,train,1139.77,83.4,65.8,47.2,29.25,4.66,14.17,30.0,43.5,32.5,67.08,0.1,31.97,29.6,62.4,37.2
CHEM-TR-0240,img_train_0240_var08,train,1139.77,96.0,78.0,64.0,34.61,5.21,11.13,26.0,33.3,37.6,61.61,0.1,54.16,34.2,54.8,16.6
CHEM-TR-0240,img_train_0240_var09,train,1139.77,86.9,68.3,49.7,30.45,5.07,14.3,30.0,43.1,33.7,65.92,0.925,2.64,21.2,44.4,5.7
CHEM-TR-0240,img_train_0240_var10,train,1139.77,77.0,59.5,41.0,26.5,4.83,14.39,30.0,48.2,30.2,69.84,0.1,45.46,28.9,52.7,9.3
CHEM-TR-0241,img_train_0241_var01,train,109.46,219.4,209.5,188.8,84.29,-0.02,11.48,40.0,14.1,85.9,11.98,0.605,13.83,23.4,64.7,31.6
CHEM-TR-0241,img_train_0241_var02,train,109.46,221.8,209.7,188.8,84.55,0.72,11.88,38.0,14.9,86.7,11.81,0.978,0.77,32.6,41.5,36.8
CHEM-TR-0241,img_train_0241_var03,train,109.46,212.1,204.0,161.0,81.72,-4.01,22.49,50.0,23.9,83.1,20.16,0.9,3.52,26.0,40.8,24.4
CHEM-TR-0241,img_train_0241_var04,train,109.46,229.8,224.9,205.0,89.38,-1.7,10.33,48.0,11.0,89.8,7.1,0.596,14.14,33.7,65.5,20.1
CHEM-TR-0241,img_train_0241_var05,train,109.46,218.2,210.2,189.7,84.4,-0.68,11.15,44.0,13.3,85.5,11.86,0.959,1.43,27.2,53.3,32.1
CHEM-TR-0241,img_train_0241_var06,train,109.46,217.3,209.3,189.5,84.09,-0.55,10.79,42.0,12.9,85.1,12.09,0.652,12.19,20.9,39.4,22.5
CHEM-TR-0241,img_train_0241_var07,train,109.46,217.2,208.1,189.4,83.78,-0.02,10.43,40.0,12.9,85.1,12.31,0.97,1.03,20.2,49.8,12.8
CHEM-TR-0241,img_train_0241_var09,train,109.46,218.8,209.6,189.3,84.27,-0.2,11.16,42.0,13.3,85.5,11.95,0.658,11.96,26.9,31.2,36.2
CHEM-TR-0241,img_train_0241_var10,train,109.46,217.2,210.8,192.4,84.53,-0.91,9.89,44.0,11.4,85.1,11.59,0.974,0.9,33.4,50.6,6.5
CHEM-TR-0242,img_train_0242_var01,train,382.58,167.7,153.5,129.4,64.04,1.2,14.58,38.0,22.7,65.5,32.45,0.351,22.7,21.5,41.0,23.2
CHEM-TR-0242,img_train_0242_var02,train,382.58,170.5,153.1,128.1,64.15,2.36,15.49,36.0,24.7,66.7,32.56,0.976,0.83,25.1,73.1,26.9
CHEM-TR-0242,img_train_0242_var03,train,382.58,170.7,157.2,169.7,66.29,7.24,-4.71,304.0,7.8,66.7,33.41,0.982,0.64,28.6,65.0,37.7
CHEM-TR-0242,img_train_0242_var04,train,382.58,174.5,156.2,132.5,65.42,2.91,14.85,34.0,24.3,68.2,31.23,0.983,0.59,23.8,33.8,22.0
CHEM-TR-0242,img_train_0242_var05,train,382.58,162.2,149.4,127.2,62.38,1.03,13.44,38.0,21.6,63.5,33.92,0.956,1.55,22.8,37.2,10.8
CHEM-TR-0242,img_train_0242_var06,train,382.58,164.0,150.5,128.3,62.88,1.24,13.51,38.0,21.6,63.9,33.43,0.423,20.18,24.5,58.6,36.2
CHEM-TR-0242,img_train_0242_var07,train,382.58,167.6,152.8,129.7,63.83,1.65,14.14,36.0,22.7,65.5,32.6,0.967,1.14,24.8,60.2,31.7
CHEM-TR-0242,img_train_0242_var08,train,382.58,183.0,178.0,166.0,72.67,-0.36,6.76,42.0,9.4,71.8,23.45,0.783,7.6,26.5,61.0,21.7
CHEM-TR-0242,img_train_0242_var09,train,382.58,163.9,149.7,127.4,62.62,1.55,13.65,36.0,22.0,63.9,33.72,0.931,2.4,31.1,31.2,6.5
CHEM-TR-0242,img_train_0242_var10,train,382.58,159.0,144.3,122.3,60.64,1.78,13.73,36.0,23.1,62.4,35.7,0.982,0.62,22.2,69.7,30.1
CHEM-TR-0243,img_train_0243_var01,train,167.62,204.9,194.2,174.0,78.87,0.32,11.52,40.0,14.9,80.0,17.32,0.582,14.62,25.4,71.7,31.0
CHEM-TR-0243,img_train_0243_var02,train,167.62,211.9,196.1,173.9,79.94,1.89,13.16,36.0,18.0,82.7,16.65,0.979,0.74,20.6,36.1,8.7
CHEM-TR-0243,img_train_0243_var04,train,167.62,225.7,213.2,192.3,85.83,0.86,11.91,38.0,14.5,88.2,10.58,0.997,0.11,33.1,56.7,31.2
CHEM-TR-0243,img_train_0243_var05,train,167.62,204.5,194.2,173.1,78.81,0.09,11.92,40.0,15.3,80.0,17.44,0.953,1.65,21.2,76.4,22.8
CHEM-TR-0243,img_train_0243_var06,train,167.62,204.5,194.6,174.2,78.95,0.03,11.5,40.0,14.9,80.0,17.24,0.623,13.19,23.5,37.2,36.9
CHEM-TR-0243,img_train_0243_var07,train,167.62,204.8,194.6,176.0,79.0,0.47,10.62,38.0,13.7,80.0,17.08,0.708,10.23,29.6,41.2,9.6
CHEM-TR-0243,img_train_0243_var08,train,167.62,208.0,211.0,215.0,84.43,-0.28,-2.33,214.0,3.1,84.3,16.21,0.983,0.61,32.9,58.1,28.5
CHEM-TR-0243,img_train_0243_var09,train,167.62,206.2,195.9,173.6,79.4,-0.1,12.51,40.0,16.1,80.8,16.98,0.691,10.81,28.8,66.4,14.9
CHEM-TR-0243,img_train_0243_var10,train,167.62,188.9,180.7,162.7,73.78,-0.18,10.24,42.0,13.7,73.7,22.26,0.451,19.21,26.8,37.9,34.4
CHEM-TR-0244,img_train_0244_var01,train,213.42,194.9,183.9,162.8,75.12,0.36,12.11,40.0,16.5,76.1,21.11,0.547,15.85,25.7,62.1,24.9
CHEM-TR-0244,img_train_0244_var02,train,213.42,198.1,186.4,163.7,76.06,0.35,12.99,40.0,17.6,77.6,20.34,0.984,0.58,32.3,50.7,9.7
CHEM-TR-0244,img_train_0244_var03,train,213.42,204.3,198.2,218.0,80.98,5.83,-9.08,258.0,9.0,85.5,24.1,0.982,0.64,25.8,49.9,32.5
CHEM-TR-0244,img_train_0244_var04,train,213.42,215.2,200.1,176.6,81.28,1.46,13.66,36.0,18.0,84.3,15.47,0.63,12.95,30.5,42.5,25.9
CHEM-TR-0244,img_train_0244_var05,train,213.42,197.1,186.2,163.1,75.9,0.04,13.09,40.0,17.3,77.3,20.52,0.963,1.29,19.9,57.0,20.8
CHEM-TR-0244,img_train_0244_var06,train,213.42,194.6,183.9,163.0,75.1,0.26,11.96,38.0,16.1,76.1,21.11,0.577,14.8,28.5,63.3,19.0
CHEM-TR-0244,img_train_0244_var07,train,213.42,194.4,183.2,162.9,74.9,0.52,11.77,40.0,16.5,76.1,21.28,0.963,1.29,34.9,33.0,17.1
CHEM-TR-0244,img_train_0244_var08,train,213.42,204.0,201.0,202.0,81.22,1.22,-0.13,340.0,1.6,80.0,17.39,0.986,0.49,32.4,44.1,14.3
CHEM-TR-0244,img_train_0244_var09,train,213.42,194.1,183.1,161.9,74.83,0.33,12.18,40.0,16.9,76.1,21.41,0.933,2.35,29.0,38.4,15.5
CHEM-TR-0244,img_train_0244_var10,train,213.42,185.5,175.9,155.8,72.07,0.02,11.53,40.0,16.1,72.5,24.07,0.976,0.84,26.8,69.8,24.3
CHEM-TR-0245,img_train_0245_var01,train,201.29,197.5,186.2,165.9,76.0,0.6,11.74,40.0,16.1,77.3,20.19,0.59,14.34,20.1,46.1,8.3
CHEM-TR-0245,img_train_0245_var02,train,201.29,197.1,185.5,166.0,75.78,0.86,11.37,38.0,16.1,77.3,20.36,0.975,0.89,22.9,30.7,11.0
CHEM-TR-0245,img_train_0245_var03,train,201.29,200.1,188.1,172.7,76.87,1.62,9.33,34.0,14.1,78.4,19.17,0.985,0.53,21.5,71.2,32.0
CHEM-TR-0245,img_train_0245_var04,train,201.29,219.1,204.2,183.5,82.81,1.81,12.17,34.0,16.5,85.9,13.63,0.995,0.18,32.6,70.4,29.5
CHEM-TR-0245,img_train_0245_var05,train,201.29,199.8,187.4,165.7,76.52,0.76,12.6,38.0,17.3,78.0,19.81,0.952,1.69,27.6,57.4,17.9
CHEM-TR-0245,img_train_0245_var06,train,201.29,197.7,186.1,166.2,75.99,0.76,11.54,38.0,15.7,77.3,20.17,0.55,15.76,30.6,44.6,25.5
CHEM-TR-0245,img_train_0245_var07,train,201.29,200.2,188.5,165.8,76.83,0.35,13.0,40.0,17.6,78.4,19.58,0.969,1.08,23.9,59.2,25.2
CHEM-TR-0245,img_train_0245_var09,train,201.29,197.5,185.8,165.9,75.9,0.79,11.58,38.0,16.1,77.3,20.27,0.639,12.63,25.6,58.9,32.4
CHEM-TR-0245,img_train_0245_var10,train,201.29,185.9,177.0,159.2,72.5,0.11,10.27,42.0,14.1,72.5,23.54,0.979,0.74,24.6,70.7,29.8
CHEM-TR-0246,img_train_0246_var01,train,384.45,168.2,151.5,128.3,63.52,2.38,14.51,34.0,23.9,65.9,33.0,0.986,0.49,33.2,66.9,36.8
CHEM-TR-0246,img_train_0246_var02,train,384.45,164.0,148.5,126.4,62.28,2.11,13.77,36.0,22.7,63.9,34.09,0.977,0.8,21.0,54.2,22.4
CHEM-TR-0246,img_train_0246_var03,train,384.45,189.1,180.7,231.1,75.79,13.06,-24.04,250.0,22.0,90.6,40.72,0.981,0.65,32.6,53.5,27.9
CHEM-TR-0246,img_train_0246_var04,train,384.45,177.2,157.5,136.5,66.11,3.83,13.65,30.0,23.1,69.4,30.43,0.323,23.68,32.0,37.9,17.7
CHEM-TR-0246,img_train_0246_var05,train,384.45,167.6,151.4,127.7,63.42,2.09,14.69,36.0,23.9,65.5,33.11,0.962,1.33,31.5,70.6,12.7
CHEM-TR-0246,img_train_0246_var06,train,384.45,167.9,152.3,128.0,63.69,1.79,14.89,38.0,23.9,65.5,32.87,0.346,22.9,24.9,30.4,30.0
CHEM-TR-0246,img_train_0246_var07,train,384.45,163.0,148.3,126.5,62.16,1.81,13.53,36.0,22.7,63.9,34.17,0.968,1.11,19.5,40.4,5.5
CHEM-TR-0246,img_train_0246_var08,train,384.45,168.0,166.0,157.0,68.04,-0.93,4.91,50.0,6.7,65.9,28.29,0.981,0.68,24.0,55.6,22.7
CHEM-TR-0246,img_train_0246_var09,train,384.45,167.6,151.2,127.5,63.35,2.22,14.71,36.0,23.9,65.5,33.19,0.936,2.26,24.2,37.2,11.6
CHEM-TR-0246,img_train_0246_var10,train,384.45,163.0,148.7,126.8,62.27,1.61,13.53,36.0,22.4,63.5,34.05,0.977,0.79,31.3,48.0,27.4
CHEM-TR-0247,img_train_0247_var01,train,1652.59,59.3,42.3,28.9,18.82,5.8,11.79,28.0,52.5,23.1,77.41,0.1,52.93,20.9,33.1,37.9
CHEM-TR-0247,img_train_0247_var02,train,1652.59,58.9,41.7,27.6,18.56,5.85,12.38,28.0,53.3,22.7,77.7,0.1,51.1,26.1,53.4,30.1
CHEM-TR-0247,img_train_0247_var03,train,1652.59,64.8,55.0,82.2,25.13,10.83,-14.92,262.0,34.1,32.2,75.51,0.983,0.59,22.6,45.5,27.2
CHEM-TR-0247,img_train_0247_var04,train,1652.59,59.7,39.3,22.7,17.84,7.3,14.75,28.0,62.7,23.1,78.67,0.991,0.32,19.3,69.3,15.1
CHEM-TR-0247,img_train_0247_var05,train,1652.59,58.7,41.3,27.7,18.41,6.06,12.05,28.0,53.3,22.7,77.85,0.1,37.26,19.0,38.3,27.0
CHEM-TR-0247,img_train_0247_var07,train,1652.59,58.8,41.8,27.1,18.55,5.69,12.7,28.0,53.3,22.7,77.71,0.1,44.21,21.2,38.7,38.4
CHEM-TR-0247,img_train_0247_var09,train,1652.59,58.6,42.0,27.8,18.6,5.5,12.27,28.0,53.3,22.7,77.63,0.922,2.74,24.1,36.0,12.8
CHEM-TR-0247,img_train_0247_var10,train,1652.59,62.4,44.4,28.3,19.86,5.9,13.63,28.0,54.9,24.3,76.47,0.1,47.8,31.3,48.1,22.3
CHEM-TR-0248,img_train_0248_var01,train,214.72,194.4,183.3,162.5,74.91,0.47,12.01,40.0,16.5,76.1,21.3,0.567,15.16,25.6,30.4,17.3
CHEM-TR-0248,img_train_0248_var02,train,214.72,194.7,182.5,161.8,74.71,0.89,12.07,38.0,16.9,76.1,21.51,0.977,0.79,34.3,70.3,36.4
CHEM-TR-0248,img_train_0248_var03,train,214.72,197.7,184.9,184.6,76.14,4.47,1.79,0.0,6.7,77.3,21.5,0.983,0.58,30.4,54.2,32.0
CHEM-TR-0248,img_train_0248_var04,train,214.72,218.2,201.4,176.7,81.86,1.89,14.47,36.0,19.2,85.5,15.22,0.988,0.43,24.9,43.6,18.8
CHEM-TR-0248,img_train_0248_var05,train,214.72,194.6,182.3,162.0,74.67,0.95,11.91,38.0,16.5,76.1,21.53,0.958,1.47,23.4,35.6,17.4
CHEM-TR-0248,img_train_0248_var06,train,214.72,195.0,183.2,163.4,74.96,0.89,11.56,38.0,16.5,76.5,21.2,0.532,16.37,31.8,64.1,16.7
CHEM-TR-0248,img_train_0248_var07,train,214.72,195.4,183.8,163.9,75.17,0.77,11.6,38.0,16.5,76.5,20.99,0.969,1.1,27.3,45.2,38.8
CHEM-TR-0248,img_train_0248_var08,train,214.72,209.0,213.0,205.0,84.77,-2.8,3.47,90.0,3.9,83.5,12.95,0.984,0.56,26.4,36.1,19.9
CHEM-TR-0248,img_train_0248_var09,train,214.72,198.0,184.7,163.1,75.6,1.13,12.68,36.0,17.6,77.6,20.74,0.614,13.51,29.7,48.7,28.4
CHEM-TR-0248,img_train_0248_var10,train,214.72,188.2,177.6,156.9,72.77,0.32,11.92,40.0,16.9,73.7,23.41,0.978,0.79,22.8,67.2,10.9
CHEM-TR-0249,img_train_0249_var01,train,327.55,173.2,160.8,138.5,66.66,0.75,13.26,38.0,20.4,67.8,29.65,0.427,20.07,31.8,72.0,24.9
CHEM-TR-0249,img_train_0249_var02,train,327.55,172.4,160.1,138.0,66.4,0.75,13.18,40.0,20.4,67.5,29.89,0.979,0.73,25.5,79.4,36.4
CHEM-TR-0249,img_train_0249_var03,train,327.55,185.7,177.3,202.5,73.7,7.81,-11.7,260.0,12.5,79.2,31.29,0.982,0.61,23.3,43.8,21.0
CHEM-TR-0249,img_train_0249_var04,train,327.55,184.5,166.7,144.2,69.31,2.8,14.0,34.0,21.6,72.2,27.25,0.985,0.54,30.9,69.7,20.0
CHEM-TR-0249,img_train_0249_var05,train,327.55,172.4,159.2,137.1,66.14,1.12,13.28,38.0,20.4,67.5,30.17,0.956,1.53,28.3,52.3,33.9
CHEM-TR-0249,img_train_0249_var06,train,327.55,176.8,162.8,138.7,67.51,1.08,14.38,38.0,21.6,69.0,29.0,0.985,0.52,26.7,40.1,37.4
CHEM-TR-0249,img_train_0249_var07,train,327.55,172.5,159.9,137.9,66.35,0.89,13.16,38.0,20.4,67.5,29.94,0.968,1.12,32.8,68.5,20.9
CHEM-TR-0249,img_train_0249_var08,train,327.55,184.0,176.0,172.0,72.38,2.13,3.06,20.0,6.7,72.2,24.41,0.98,0.69,33.1,38.2,28.5
CHEM-TR-0249,img_train_0249_var09,train,327.55,173.3,160.5,138.4,66.56,0.97,13.21,38.0,20.4,67.8,29.74,0.525,16.61,25.8,56.7,16.2
CHEM-TR-0249,img_train_0249_var10,train,327.55,169.2,155.5,133.5,64.79,1.35,13.35,36.0,21.2,66.3,31.52,0.981,0.68,30.0,43.7,17.3
CHEM-TR-0250,img_train_0250_var01,train,834.06,112.6,94.1,71.9,41.18,3.92,15.54,34.0,36.5,43.9,55.31,0.1,47.12,20.7,42.7,14.4
CHEM-TR-0250,img_train_0250_var02,train,834.06,111.5,93.7,71.8,40.93,3.73,15.24,34.0,36.1,43.5,55.52,0.979,0.75,25.1,53.6,32.8
CHEM-TR-0250,img_train_0250_var03,train,834.06,117.2,99.1,116.9,44.25,10.72,-7.31,304.0,15.3,45.9,55.21,0.98,0.69,21.1,40.0,38.1
CHEM-TR-0250,img_train_0250_var04,train,834.06,116.3,94.7,72.8,41.74,5.35,15.83,30.0,38.0,45.5,54.9,0.1,47.89,23.3,56.6,17.4
CHEM-TR-0250,img_train_0250_var05,train,834.06,111.4,91.5,70.4,40.29,4.74,15.21,30.0,36.9,43.5,56.22,0.957,1.49,22.6,55.6,31.6
CHEM-TR-0250,img_train_0250_var06,train,834.06,107.7,89.9,69.4,39.4,3.96,14.54,32.0,35.7,42.0,56.98,0.1,40.49,25.4,50.3,36.0
CHEM-TR-0250,img_train_0250_var07,train,834.06,112.4,93.0,70.9,40.83,4.34,15.68,32.0,37.6,43.9,55.71,0.18,28.7,31.9,59.5,8.3
CHEM-TR-0250,img_train_0250_var08,train,834.06,142.3,97.7,85.8,45.82,16.52,14.06,12.0,40.0,55.7,52.92,0.1,37.61,26.2,37.1,15.9
CHEM-TR-0250,img_train_0250_var09,train,834.06,107.9,89.9,70.2,39.46,4.12,14.12,30.0,34.5,42.0,56.89,0.1,35.19,34.7,41.9,7.1
CHEM-TR-0250,img_train_0250_var10,train,834.06,99.7,82.6,61.4,36.28,3.71,15.06,34.0,38.4,38.8,60.11,0.1,38.51,21.7,33.2,30.9
CHEM-TR-0251,img_train_0251_var01,train,1043.48,90.5,72.9,52.7,32.26,4.29,14.89,32.0,42.4,35.3,64.12,0.1,45.46,30.5,64.4,4.9
CHEM-TR-0251,img_train_0251_var02,train,1043.48,89.8,72.4,52.2,32.04,4.13,14.91,32.0,41.6,34.9,64.33,0.1,41.45,31.2,64.5,37.1
CHEM-TR-0251,img_train_0251_var03,train,1043.48,106.5,98.7,143.8,44.2,13.46,-23.68,250.0,31.4,56.1,62.6,0.1,52.06,34.4,62.8,24.9
CHEM-TR-0251,img_train_0251_var05,train,1043.48,94.0,76.0,55.5,33.62,4.36,15.05,30.0,41.6,36.9,62.79,0.962,1.32,27.5,47.8,38.9
CHEM-TR-0251,img_train_0251_var06,train,1043.48,95.1,76.5,56.1,33.9,4.63,15.04,30.0,41.2,37.3,62.53,0.985,0.51,33.4,63.7,6.5
CHEM-TR-0251,img_train_0251_var07,train,1043.48,94.9,75.1,53.9,33.43,5.08,15.83,32.0,43.5,36.9,63.11,0.1,41.52,20.4,53.7,22.5
CHEM-TR-0251,img_train_0251_var08,train,1043.48,99.0,84.0,69.0,36.79,3.61,11.07,30.0,30.2,38.8,59.33,0.1,42.91,33.7,30.8,13.4
CHEM-TR-0251,img_train_0251_var09,train,1043.48,89.7,71.8,52.9,31.86,4.58,14.25,30.0,41.6,34.9,64.48,0.1,40.47,26.8,78.2,17.2
CHEM-TR-0251,img_train_0251_var10,train,1043.48,85.8,67.5,46.6,30.03,4.61,15.67,32.0,45.9,33.3,66.43,0.1,42.77,34.7,38.4,25.9
CHEM-TR-0252,img_train_0252_var01,train,1051.96,95.0,76.3,56.0,33.84,4.66,15.02,30.0,41.2,37.3,62.59,0.1,47.23,30.5,75.6,12.9
CHEM-TR-0252,img_train_0252_var02,train,1051.96,93.4,75.1,55.2,33.28,4.6,14.75,32.0,40.8,36.5,63.12,0.1,45.52,22.7,60.1,34.5
CHEM-TR-0252,img_train_0252_var03,train,1051.96,89.0,70.7,50.0,31.42,4.57,15.4,30.0,43.9,34.9,65.02,0.1,49.32,23.5,50.6,6.4
CHEM-TR-0252,img_train_0252_var05,train,1051.96,94.2,74.1,54.2,33.08,5.4,15.13,30.0,42.7,36.9,63.41,0.958,1.47,30.3,72.0,15.0
CHEM-TR-0252,img_train_0252_var06,train,1051.96,89.9,72.6,53.7,32.15,4.28,14.11,32.0,40.4,34.9,64.17,0.1,44.39,33.5,69.8,20.0
CHEM-TR-0252,img_train_0252_var07,train,1051.96,93.2,74.0,54.9,32.94,5.13,14.5,30.0,42.0,36.5,63.47,0.964,1.26,30.8,70.5,30.4
CHEM-TR-0252,img_train_0252_var08,train,1051.96,100.0,85.0,71.0,37.23,3.76,10.46,28.0,29.0,39.2,58.88,0.1,43.69,20.9,60.3,27.2
CHEM-TR-0252,img_train_0252_var09,train,1051.96,94.2,75.5,55.4,33.5,4.68,14.97,30.0,41.6,36.9,62.92,0.955,1.57,29.1,30.8,15.1
CHEM-TR-0252,img_train_0252_var10,train,1051.96,81.5,64.3,45.7,28.56,4.53,14.19,32.0,44.3,31.8,67.76,0.1,40.35,21.1,67.0,28.6
CHEM-TR-0253,img_train_0253_var01,train,0.0,245.0,240.1,221.6,94.76,-1.47,9.53,48.0,9.8,96.1,2.39,0.483,18.11,27.9,57.5,18.5
CHEM-TR-0253,img_train_0253_var02,train,0.0,240.2,240.3,221.4,94.43,-3.24,9.11,60.0,7.8,94.1,4.06,0.985,0.51,31.6,42.2,11.7
CHEM-TR-0253,img_train_0253_var03,train,0.0,244.6,239.9,215.1,94.52,-2.49,12.52,50.0,11.8,95.7,4.85,0.843,5.49,19.8,36.5,25.2
CHEM-TR-0253,img_train_0253_var05,train,0.0,244.5,239.1,221.4,94.47,-1.16,9.21,46.0,9.4,95.7,2.27,0.953,1.64,30.1,32.4,5.0
CHEM-TR-0253,img_train_0253_var06,train,0.0,244.6,239.8,223.2,94.69,-1.22,8.61,46.0,8.6,95.7,2.2,0.547,15.85,27.7,41.2,38.4
CHEM-TR-0253,img_train_0253_var07,train,0.0,244.9,241.5,222.4,95.11,-2.08,9.62,52.0,9.0,95.7,2.8,0.53,16.44,22.3,43.5,14.1
CHEM-TR-0253,img_train_0253_var09,train,0.0,244.8,239.6,223.1,94.64,-1.04,8.57,46.0,8.6,95.7,2.1,0.585,14.52,34.6,37.1,12.0
CHEM-TR-0253,img_train_0253_var10,train,0.0,226.0,224.1,210.5,89.03,-1.73,6.92,52.0,7.1,88.6,7.61,0.976,0.85,20.2,59.8,35.5
CHEM-TR-0254,img_train_0254_var01,train,804.24,116.2,96.6,74.2,42.3,4.4,15.75,32.0,36.1,45.5,54.26,0.986,0.5,24.3,74.5,32.4
CHEM-TR-0254,img_train_0254_var02,train,804.24,110.5,92.5,72.1,40.52,3.98,14.49,32.0,34.5,43.1,55.86,0.1,35.77,19.1,40.2,23.8
CHEM-TR-0254,img_train_0254_var03,train,804.24,106.2,88.1,38.1,38.23,0.85,31.14,44.0,64.3,41.6,61.87,0.1,43.76,23.3,39.7,26.9
CHEM-TR-0254,img_train_0254_var04,train,804.24,114.9,94.1,72.7,41.45,5.07,15.43,32.0,36.9,44.7,55.12,0.1,47.7,21.8,48.1,38.0
CHEM-TR-0254,img_train_0254_var05,train,804.24,111.1,93.3,71.4,40.77,3.73,15.28,34.0,36.1,43.5,55.68,0.264,25.77,22.6,34.1,6.9
CHEM-TR-0254,img_train_0254_var06,train,804.24,111.2,93.5,71.6,40.84,3.69,15.26,34.0,36.1,43.5,55.61,0.1,35.6,25.4,33.8,35.3
CHEM-TR-0254,img_train_0254_var07,train,804.24,110.5,92.3,71.9,40.44,4.09,14.51,32.0,35.3,43.1,55.95,0.106,31.3,29.4,31.0,30.0
CHEM-TR-0254,img_train_0254_var08,train,804.24,126.0,111.0,95.0,47.79,3.13,11.07,30.0,24.7,49.4,48.33,0.1,45.22,30.6,41.9,34.9
CHEM-TR-0254,img_train_0254_var09,train,804.24,110.8,92.9,71.7,40.64,3.85,14.89,32.0,35.3,43.1,55.77,0.1,33.42,27.6,64.6,5.3
CHEM-TR-0254,img_train_0254_var10,train,804.24,101.9,85.4,65.4,37.41,3.54,14.19,34.0,35.7,39.6,58.9,0.1,35.87,29.4,54.2,5.5
CHEM-TR-0255,img_train_0255_var02,train,1685.74,59.7,45.5,32.0,19.92,4.29,11.23,30.0,47.5,23.1,76.21,0.1,53.36,33.3,46.4,11.6
CHEM-TR-0255,img_train_0255_var04,train,1685.74,57.7,38.1,24.4,17.23,7.32,12.73,26.0,58.0,22.4,79.15,0.987,0.45,28.2,53.8,37.2
CHEM-TR-0255,img_train_0255_var05,train,1685.74,56.0,40.4,28.0,17.78,5.29,10.98,28.0,51.0,21.6,78.39,0.1,38.29,32.2,33.5,17.6
CHEM-TR-0255,img_train_0255_var07,train,1685.74,61.4,43.7,29.0,19.52,5.97,12.72,28.0,54.1,23.9,76.77,0.1,37.94,25.1,49.6,19.7
CHEM-TR-0255,img_train_0255_var08,train,1685.74,64.0,51.0,40.0,22.34,3.91,9.18,28.0,37.6,25.1,73.74,0.1,52.71,23.1,58.3,34.4
CHEM-TR-0255,img_train_0255_var09,train,1685.74,56.8,41.4,28.0,18.2,5.0,11.55,28.0,51.8,22.0,77.97,0.1,49.2,28.3,55.1,31.7
CHEM-TR-0255,img_train_0255_var10,train,1685.74,61.1,43.7,28.5,19.47,5.76,12.97,28.0,54.1,23.9,76.81,0.1,45.67,34.5,72.8,36.5
CHEM-TR-0256,img_train_0256_var01,train,1055.4,89.4,71.7,53.4,31.82,4.56,13.82,30.0,40.4,34.9,64.49,0.1,44.23,20.1,33.3,33.0
CHEM-TR-0256,img_train_0256_var02,train,1055.4,94.2,75.5,55.7,33.5,4.78,14.73,30.0,41.6,36.9,62.91,0.1,41.92,29.8,50.1,7.5
CHEM-TR-0256,img_train_0256_var03,train,1055.4,105.3,87.5,116.5,39.9,13.27,-13.75,278.0,25.1,45.5,61.87,0.1,52.18,33.4,59.8,4.5
CHEM-TR-0256,img_train_0256_var05,train,1055.4,94.0,74.6,54.5,33.21,5.01,15.14,30.0,42.0,36.5,63.25,0.962,1.34,34.1,74.7,26.3
CHEM-TR-0256,img_train_0256_var06,train,1055.4,94.8,75.9,55.8,33.68,4.83,14.98,30.0,41.6,36.9,62.76,0.1,45.15,32.0,68.6,22.9
CHEM-TR-0256,img_train_0256_var07,train,1055.4,94.4,74.2,54.1,33.12,5.43,15.26,30.0,42.7,36.9,63.38,0.1,32.65,22.9,57.2,14.6
CHEM-TR-0256,img_train_0256_var08,train,1055.4,103.0,88.0,71.0,38.41,3.25,12.14,32.0,31.0,40.4,57.74,0.1,53.62,19.7,30.1,5.5
CHEM-TR-0256,img_train_0256_var09,train,1055.4,93.7,75.4,54.5,33.4,4.43,15.36,32.0,42.0,36.5,63.04,0.951,1.72,31.5,34.2,19.3
CHEM-TR-0256,img_train_0256_var10,train,1055.4,80.3,64.5,45.5,28.48,3.73,14.22,32.0,43.9,31.4,67.8,0.1,35.59,25.2,33.3,24.3
CHEM-TR-0257,img_train_0257_var01,train,449.4,158.5,141.6,117.2,59.73,2.38,15.31,36.0,25.9,62.0,36.86,0.152,29.67,20.3,50.1,32.1
CHEM-TR-0257,img_train_0257_var02,train,449.4,158.2,141.3,116.9,59.62,2.36,15.31,36.0,26.7,62.0,36.97,0.299,24.54,28.7,73.2,4.8
CHEM-TR-0257,img_train_0257_var03,train,449.4,157.7,141.8,105.3,59.47,0.29,21.66,42.0,32.9,61.6,38.66,0.981,0.66,28.6,74.9,16.9
CHEM-TR-0257,img_train_0257_var04,train,449.4,162.0,144.4,120.1,60.87,2.65,15.3,36.0,25.5,63.1,35.76,0.158,29.47,24.7,69.5,11.8
CHEM-TR-0257,img_train_0257_var05,train,449.4,158.1,140.9,116.1,59.49,2.42,15.6,34.0,26.7,62.0,37.15,0.962,1.34,25.8,31.9,36.8
CHEM-TR-0257,img_train_0257_var06,train,449.4,154.2,138.7,115.9,58.54,2.03,14.34,36.0,25.5,60.4,37.87,0.29,24.84,31.1,78.5,38.5
CHEM-TR-0257,img_train_0257_var07,train,449.4,152.9,137.7,113.4,58.08,1.72,15.14,36.0,25.5,59.6,38.43,0.972,0.97,22.3,42.7,36.7
CHEM-TR-0257,img_train_0257_var08,train,449.4,173.0,162.0,154.0,67.32,2.58,5.59,26.0,11.0,67.8,28.96,0.986,0.49,23.1,67.0,37.2
CHEM-TR-0257,img_train_0257_var09,train,449.4,157.6,141.4,116.3,59.58,1.97,15.61,36.0,26.3,61.6,37.04,0.924,2.65,20.0,33.6,36.1
CHEM-TR-0257,img_train_0257_var10,train,449.4,149.0,134.1,110.6,56.7,1.71,14.74,38.0,25.5,58.0,39.74,0.776,7.83,20.3,63.1,36.9
CHEM-TR-0258,img_train_0258_var01,train,167.27,207.4,195.8,174.0,79.47,0.44,12.4,38.0,16.1,81.2,16.88,0.567,15.15,29.7,38.2,34.5
CHEM-TR-0258,img_train_0258_var02,train,167.27,204.3,193.6,173.9,78.66,0.42,11.29,38.0,15.3,80.0,17.49,0.979,0.74,23.2,35.6,8.0
CHEM-TR-0258,img_train_0258_var03,train,167.27,207.6,195.3,186.9,79.67,2.86,5.79,26.0,10.2,81.2,16.81,0.601,13.96,22.1,45.6,30.7
CHEM-TR-0258,img_train_0258_var04,train,167.27,226.0,213.9,190.5,85.97,0.36,13.06,38.0,16.1,88.6,10.82,0.689,10.89,34.2,57.8,31.4
CHEM-TR-0258,img_train_0258_var05,train,167.27,207.4,195.2,173.2,79.3,0.65,12.59,38.0,16.5,81.2,17.08,0.963,1.29,33.3,62.3,23.0
CHEM-TR-0258,img_train_0258_var06,train,167.27,207.4,195.2,173.9,79.34,0.72,12.23,38.0,16.5,81.2,16.97,0.716,9.94,23.8,50.3,25.4
CHEM-TR-0258,img_train_0258_var07,train,167.27,204.3,194.9,174.4,78.99,-0.15,11.45,40.0,14.9,80.0,17.2,0.963,1.31,26.9,38.9,31.4
CHEM-TR-0258,img_train_0258_var09,train,167.27,203.7,194.4,173.7,78.81,-0.25,11.61,42.0,14.9,79.6,17.4,0.654,12.09,27.8,78.8,19.0
CHEM-TR-0258,img_train_0258_var10,train,167.27,204.6,195.3,176.4,79.18,0.08,10.65,40.0,13.7,80.0,16.91,0.975,0.86,27.3,47.8,17.9
CHEM-TR-0259,img_train_0259_var02,train,1924.84,54.9,39.5,25.3,17.29,5.05,12.12,28.0,53.7,21.2,78.9,0.979,0.75,28.2,73.9,23.1
CHEM-TR-0259,img_train_0259_var03,train,1924.84,55.1,39.0,0.0,16.83,3.25,24.49,42.0,100.0,21.6,80.72,0.984,0.54,33.3,37.1,20.1
CHEM-TR-0259,img_train_0259_var05,train,1924.84,49.6,34.7,22.6,15.02,5.21,10.86,26.0,55.3,19.2,81.14,0.1,36.28,24.4,41.4,11.7
CHEM-TR-0259,img_train_0259_var07,train,1924.84,53.6,37.6,22.3,16.48,5.24,13.11,30.0,58.4,20.8,79.77,0.1,40.17,34.9,62.0,15.2
CHEM-TR-0259,img_train_0259_var09,train,1924.84,49.6,34.7,22.5,15.02,5.18,10.96,26.0,55.3,19.2,81.14,0.1,51.18,26.2,33.7,12.7
CHEM-TR-0259,img_train_0259_var10,train,1924.84,49.5,34.2,20.0,14.79,5.22,12.37,28.0,59.2,19.2,81.42,0.1,50.85,26.7,65.9,35.4
CHEM-TR-0260,img_train_0260_var01,train,1867.49,57.7,41.3,27.9,18.29,5.54,11.74,28.0,52.5,22.4,77.92,0.982,0.62,21.7,34.0,19.0
CHEM-TR-0260,img_train_0260_var02,train,1867.49,56.2,40.6,26.5,17.84,5.09,12.07,28.0,53.7,22.0,78.35,0.978,0.78,34.5,36.5,29.3
CHEM-TR-0260,img_train_0260_var03,train,1867.49,57.5,40.6,3.6,17.71,3.74,24.17,42.0,94.9,22.4,79.81,0.981,0.66,33.1,36.9,12.4
CHEM-TR-0260,img_train_0260_var05,train,1867.49,55.3,40.4,25.3,17.62,4.59,12.54,30.0,54.5,21.6,78.57,0.964,1.28,20.6,32.3,13.9
CHEM-TR-0260,img_train_0260_var07,train,1867.49,55.7,39.3,24.3,17.34,5.42,12.87,30.0,56.5,21.6,78.91,0.1,38.26,25.6,65.1,37.0
CHEM-TR-0260,img_train_0260_var08,train,1867.49,59.0,46.0,33.0,20.02,3.72,10.63,30.0,43.9,23.1,76.07,0.1,52.0,25.1,74.2,33.5
CHEM-TR-0260,img_train_0260_var09,train,1867.49,53.1,37.1,23.9,16.28,5.58,11.7,28.0,56.5,20.8,79.93,0.1,50.24,25.0,49.6,34.1
CHEM-TR-0260,img_train_0260_var10,train,1867.49,50.8,35.3,21.6,15.34,5.3,12.03,28.0,58.0,19.6,80.86,0.1,46.25,27.5,31.2,9.9
CHEM-TR-0261,img_train_0261_var01,train,0.0,245.9,239.9,221.7,94.77,-1.03,9.48,46.0,9.8,96.1,2.02,0.49,17.84,25.6,61.2,7.2
CHEM-TR-0261,img_train_0261_var02,train,0.0,245.4,240.2,221.9,94.83,-1.35,9.45,48.0,9.8,96.1,2.23,0.981,0.68,26.1,31.0,35.8
CHEM-TR-0261,img_train_0261_var03,train,0.0,246.0,238.1,228.8,94.5,1.1,5.42,34.0,7.5,96.5,3.93,0.385,21.53,29.7,43.9,6.6
CHEM-TR-0261,img_train_0261_var05,train,0.0,243.4,239.0,222.7,94.39,-1.29,8.42,48.0,8.6,95.3,2.48,0.963,1.3,29.5,65.3,5.1
CHEM-TR-0261,img_train_0261_var06,train,0.0,244.6,239.3,223.7,94.58,-0.87,8.16,46.0,8.6,95.7,2.14,0.538,16.18,28.5,33.6,6.6
CHEM-TR-0261,img_train_0261_var07,train,0.0,243.9,239.8,222.4,94.62,-1.58,8.87,48.0,8.6,95.3,2.5,0.967,1.14,34.2,31.6,23.5
CHEM-TR-0261,img_train_0261_var09,train,0.0,243.7,239.4,224.2,94.55,-1.13,7.87,48.0,7.8,95.3,2.46,0.589,14.38,19.4,76.4,35.3
CHEM-TR-0261,img_train_0261_var10,train,0.0,231.6,233.5,218.1,92.0,-3.33,7.27,68.0,6.3,91.4,5.8,0.153,29.63,34.8,53.9,37.4
CHEM-TR-0262,img_train_0262_var01,train,685.8,122.8,106.3,84.4,45.93,2.88,14.74,34.0,31.0,47.8,50.45,0.1,34.82,21.0,72.1,18.3
CHEM-TR-0262,img_train_0262_var02,train,685.8,122.2,105.9,82.7,45.71,2.68,15.41,34.0,32.9,47.8,50.74,0.11,31.14,32.1,75.1,4.4
CHEM-TR-0262,img_train_0262_var03,train,685.8,137.8,133.2,180.2,57.57,12.05,-24.07,246.0,26.3,70.6,52.0,0.1,39.13,32.4,67.1,35.5
CHEM-TR-0262,img_train_0262_var04,train,685.8,127.6,107.5,85.0,46.75,4.37,15.55,32.0,32.9,49.8,49.83,0.1,43.37,27.3,62.1,8.4
CHEM-TR-0262,img_train_0262_var05,train,685.8,127.5,108.3,85.2,46.97,3.89,15.78,32.0,32.9,49.8,49.61,0.958,1.47,24.1,44.1,28.8
CHEM-TR-0262,img_train_0262_var06,train,685.8,128.0,110.0,85.5,47.5,3.14,16.32,34.0,32.9,49.8,49.12,0.985,0.51,20.0,55.4,18.6
CHEM-TR-0262,img_train_0262_var07,train,685.8,127.5,109.4,84.2,47.26,3.11,16.74,34.0,33.7,49.8,49.42,0.288,24.93,23.0,39.8,5.4
CHEM-TR-0262,img_train_0262_var08,train,685.8,137.0,121.0,108.0,51.92,3.93,9.39,26.0,21.2,53.7,44.21,0.1,39.4,33.0,70.8,18.0
CHEM-TR-0262,img_train_0262_var09,train,685.8,127.1,110.0,85.1,47.39,2.73,16.37,34.0,32.9,49.8,49.22,0.95,1.76,21.3,61.1,32.7
CHEM-TR-0262,img_train_0262_var10,train,685.8,117.4,100.2,77.5,43.52,3.19,15.44,34.0,34.1,45.9,52.94,0.1,38.69,29.6,35.0,38.8
CHEM-TR-0263,img_train_0263_var01,train,399.83,162.2,147.4,124.8,61.8,1.75,13.95,36.0,23.5,63.5,34.58,0.346,22.89,23.1,69.9,18.6
CHEM-TR-0263,img_train_0263_var02,train,399.83,161.5,147.0,124.3,61.6,1.61,13.99,36.0,23.1,63.1,34.78,0.975,0.89,19.8,52.6,16.9
CHEM-TR-0263,img_train_0263_var03,train,399.83,165.3,149.6,130.9,62.8,2.68,12.0,32.0,21.2,64.7,33.41,0.985,0.52,26.0,62.7,4.3
CHEM-TR-0263,img_train_0263_var04,train,399.83,170.9,151.9,130.3,63.9,3.55,13.94,32.0,23.5,66.7,32.62,0.987,0.47,20.8,76.7,16.8
CHEM-TR-0263,img_train_0263_var05,train,399.83,161.0,145.3,123.0,61.09,2.17,13.96,34.0,23.5,63.1,35.3,0.953,1.65,34.3,37.0,18.7
CHEM-TR-0263,img_train_0263_var06,train,399.83,165.9,150.0,125.8,62.85,1.91,14.92,38.0,24.3,64.7,33.7,0.367,22.16,32.0,55.9,19.1
CHEM-TR-0263,img_train_0263_var07,train,399.83,160.7,146.9,124.4,61.53,1.35,13.78,36.0,22.4,62.7,34.81,0.964,1.25,29.7,41.5,17.6
CHEM-TR-0263,img_train_0263_var08,train,399.83,170.0,162.0,154.0,67.07,1.46,5.19,30.0,9.4,66.7,29.2,0.981,0.67,20.5,56.7,19.8
CHEM-TR-0263,img_train_0263_var09,train,399.83,162.9,148.2,126.0,62.12,1.76,13.73,36.0,22.4,63.5,34.23,0.43,19.94,27.9,59.7,35.1
CHEM-TR-0263,img_train_0263_var10,train,399.83,156.5,141.6,119.2,59.6,1.84,13.96,36.0,23.5,61.2,36.76,0.769,8.07,21.3,42.8,37.0
CHEM-TR-0264,img_train_0264_var05,train,1763.92,60.3,42.0,26.9,18.82,6.29,13.15,26.0,56.9,23.5,77.51,0.959,1.42,20.2,67.9,23.5
CHEM-TR-0264,img_train_0264_var06,train,1763.92,60.7,43.1,29.4,19.26,6.06,12.11,28.0,51.8,23.5,77.0,0.986,0.5,29.1,55.5,15.6
CHEM-TR-0264,img_train_0264_var07,train,1763.92,58.9,41.3,26.4,18.4,5.99,12.94,28.0,55.3,22.7,77.89,0.1,38.17,27.0,44.0,25.0
CHEM-TR-0264,img_train_0264_var09,train,1763.92,59.9,42.3,28.2,18.89,6.05,12.37,28.0,52.5,23.1,77.38,0.948,1.83,23.5,72.3,16.5
CHEM-TR-0264,img_train_0264_var10,train,1763.92,45.6,30.0,17.6,12.89,5.74,11.3,28.0,62.4,17.6,83.31,0.1,43.83,20.9,35.9,27.2
CHEM-TR-0265,img_train_0265_var01,train,0.0,243.6,239.3,223.1,94.48,-1.29,8.35,48.0,8.2,95.3,2.44,0.54,16.11,24.6,75.3,15.7
CHEM-TR-0265,img_train_0265_var02,train,0.0,240.5,239.9,221.9,94.38,-2.85,8.76,56.0,7.8,94.1,3.73,0.989,0.38,23.0,75.5,16.6
CHEM-TR-0265,img_train_0265_var03,train,0.0,245.9,240.9,234.9,95.32,0.65,3.48,32.0,4.3,96.1,5.56,0.984,0.55,33.1,76.2,26.9
CHEM-TR-0265,img_train_0265_var05,train,0.0,244.8,238.4,222.3,94.33,-0.54,8.54,44.0,9.0,95.7,2.02,0.965,1.23,28.3,57.6,8.1
CHEM-TR-0265,img_train_0265_var06,train,0.0,244.9,239.8,222.3,94.7,-1.25,9.08,46.0,9.0,95.7,2.18,0.541,16.06,33.1,43.7,23.7
CHEM-TR-0265,img_train_0265_var07,train,0.0,245.2,240.9,222.1,94.98,-1.7,9.58,46.0,9.4,96.1,2.49,0.962,1.32,28.6,46.5,26.7
CHEM-TR-0265,img_train_0265_var09,train,0.0,244.1,240.7,223.4,94.89,-1.81,8.78,48.0,8.6,95.7,2.57,0.581,14.66,19.3,32.7,14.2
CHEM-TR-0265,img_train_0265_var10,train,0.0,244.4,242.3,226.6,95.37,-1.96,7.8,54.0,7.5,95.7,2.81,0.979,0.74,25.4,77.6,5.9
CHEM-TR-0266,img_train_0266_var01,train,1296.88,80.3,62.0,43.7,27.68,5.13,14.26,30.0,46.3,31.4,68.68,0.1,51.43,28.4,38.6,31.7
CHEM-TR-0266,img_train_0266_var02,train,1296.88,73.7,57.6,40.7,25.52,4.39,13.21,30.0,45.1,28.6,70.71,0.1,50.43,24.3,32.3,12.9
CHEM-TR-0266,img_train_0266_var05,train,1296.88,74.6,56.9,39.4,25.41,5.1,13.89,30.0,47.5,29.0,70.91,0.1,34.14,34.0,64.0,17.3
CHEM-TR-0266,img_train_0266_var06,train,1296.88,74.3,57.5,40.7,25.58,4.7,13.33,30.0,45.9,29.0,70.68,0.1,46.87,22.7,59.1,15.5
CHEM-TR-0266,img_train_0266_var07,train,1296.88,78.9,59.8,42.0,26.83,5.67,14.22,30.0,47.5,30.6,69.56,0.97,1.06,24.0,60.1,38.5
CHEM-TR-0266,img_train_0266_var08,train,1296.88,81.0,66.0,52.0,29.14,4.08,10.95,28.0,35.7,31.8,66.98,0.1,46.7,26.7,45.2,29.9
CHEM-TR-0266,img_train_0266_var09,train,1296.88,74.1,56.8,39.5,25.31,4.92,13.69,30.0,47.5,29.0,70.98,0.1,44.34,29.1,66.2,20.2
CHEM-TR-0266,img_train_0266_var10,train,1296.88,78.0,59.4,41.9,26.62,5.44,14.0,30.0,47.5,30.6,69.74,0.1,44.92,33.4,49.1,29.3
CHEM-TR-0267,img_train_0267_var02,train,1137.41,87.4,69.9,49.8,30.99,4.29,14.97,32.0,43.5,34.1,65.39,0.98,0.71,20.4,44.7,12.3
CHEM-TR-0267,img_train_0267_var03,train,1137.41,89.6,69.8,26.9,30.85,3.05,28.37,40.0,71.0,34.9,68.02,0.1,53.75,22.8,65.4,21.6
CHEM-TR-0267,img_train_0267_var05,train,1137.41,83.4,65.5,47.6,29.17,4.92,13.87,30.0,43.5,32.5,67.15,0.1,33.58,31.2,66.2,17.7
CHEM-TR-0267,img_train_0267_var06,train,1137.41,85.0,67.2,48.0,29.86,4.63,14.54,32.0,42.7,32.9,66.5,0.1,46.65,31.8,74.6,27.0
CHEM-TR-0267,img_train_0267_var07,train,1137.41,88.3,70.0,49.4,31.09,4.61,15.4,30.0,44.3,34.5,65.35,0.1,34.4,24.9,61.4,8.9
CHEM-TR-0267,img_train_0267_var09,train,1137.41,85.1,66.0,48.3,29.52,5.47,13.91,28.0,43.5,33.3,66.85,0.1,39.8,25.9,77.8,10.2
CHEM-TR-0267,img_train_0267_var10,train,1137.41,79.0,60.4,41.2,27.01,5.21,14.98,30.0,48.2,31.0,69.41,0.1,44.16,27.1,48.4,6.3
CHEM-TR-0268,img_train_0268_var01,train,1053.38,89.4,72.6,53.7,32.07,4.1,14.01,32.0,40.4,34.9,64.23,0.1,42.81,24.1,55.7,35.9
CHEM-TR-0268,img_train_0268_var02,train,1053.38,95.0,75.2,55.3,33.52,5.25,15.03,30.0,42.0,37.3,62.95,0.982,0.63,20.7,75.0,38.3
CHEM-TR-0268,img_train_0268_var03,train,1053.38,95.0,83.6,110.1,37.55,10.44,-13.48,264.0,24.7,43.1,63.41,0.1,50.76,33.1,65.0,6.0
CHEM-TR-0268,img_train_0268_var05,train,1053.38,90.0,71.4,53.8,31.79,5.09,13.59,30.0,40.4,34.9,64.54,0.1,32.46,22.4,71.4,25.2
CHEM-TR-0268,img_train_0268_var06,train,1053.38,89.6,71.4,52.7,31.72,4.8,14.17,30.0,41.6,34.9,64.63,0.1,47.86,32.3,66.2,24.9
CHEM-TR-0268,img_train_0268_var07,train,1053.38,93.5,74.5,54.8,33.13,4.93,14.82,30.0,42.0,36.5,63.29,0.1,31.5,32.5,53.5,9.4
CHEM-TR-0268,img_train_0268_var08,train,1053.38,98.0,83.0,69.0,36.39,3.78,10.51,28.0,29.4,38.4,59.72,0.1,44.1,20.5,76.5,24.9
CHEM-TR-0268,img_train_0268_var09,train,1053.38,94.1,74.9,55.2,33.31,5.02,14.85,30.0,41.6,36.9,63.12,0.925,2.63,19.6,54.4,6.3
CHEM-TR-0268,img_train_0268_var10,train,1053.38,79.1,61.8,44.2,27.5,4.76,13.68,30.0,44.3,31.0,68.79,0.1,41.29,33.9,37.3,31.0
CHEM-TR-0269,img_train_0269_var01,train,283.68,181.3,169.0,147.6,69.72,0.85,12.63,38.0,18.8,71.0,26.53,0.432,19.88,32.8,37.4,19.6
CHEM-TR-0269,img_train_0269_var02,train,283.68,185.7,170.7,147.5,70.57,1.59,13.94,36.0,20.4,72.5,25.93,0.982,0.63,20.2,34.6,37.8
CHEM-TR-0269,img_train_0269_var03,train,283.68,195.1,189.5,225.3,78.28,8.95,-17.13,250.0,16.1,88.2,32.68,0.98,0.7,20.7,64.6,34.1
CHEM-TR-0269,img_train_0269_var04,train,283.68,193.2,178.0,158.2,73.35,2.15,12.11,34.0,18.0,75.7,22.92,0.48,18.22,33.0,66.1,13.2
CHEM-TR-0269,img_train_0269_var05,train,283.68,180.8,167.6,146.6,69.3,1.24,12.58,38.0,18.8,70.6,26.95,0.947,1.86,25.7,76.5,18.2
CHEM-TR-0269,img_train_0269_var06,train,283.68,182.3,168.6,148.3,69.72,1.56,12.29,36.0,18.8,71.4,26.51,0.536,16.23,19.0,35.6,30.5
CHEM-TR-0269,img_train_0269_var07,train,283.68,181.8,168.3,147.9,69.59,1.45,12.31,38.0,18.8,71.0,26.63,0.965,1.22,29.5,31.4,15.6
CHEM-TR-0269,img_train_0269_var08,train,283.68,179.0,181.0,173.0,73.32,-2.18,3.83,76.0,4.3,71.0,23.42,0.981,0.68,22.4,68.1,33.4
CHEM-TR-0269,img_train_0269_var09,train,283.68,184.7,171.4,147.8,70.66,0.87,13.89,38.0,20.0,72.2,25.81,0.53,16.46,34.3,51.3,7.4
CHEM-TR-0269,img_train_0269_var10,train,283.68,171.5,160.3,140.0,66.4,0.6,12.08,40.0,18.8,67.1,29.76,0.979,0.73,28.1,31.6,33.4
CHEM-TR-0270,img_train_0270_var02,train,1979.57,51.7,38.3,24.6,16.49,4.07,11.46,32.0,52.9,20.0,79.63,0.978,0.78,31.8,63.5,17.1
CHEM-TR-0270,img_train_0270_var05,train,1979.57,50.3,33.7,22.5,14.8,6.24,10.73,24.0,56.1,19.6,81.42,0.957,1.5,28.9,65.9,34.1
CHEM-TR-0270,img_train_0270_var07,train,1979.57,53.5,37.0,23.9,16.3,5.82,11.8,26.0,56.5,20.8,79.93,0.969,1.09,22.1,60.6,10.4
CHEM-TR-0270,img_train_0270_var09,train,1979.57,49.0,34.4,21.5,14.82,4.97,11.36,28.0,57.3,19.2,81.34,0.954,1.61,20.5,51.8,16.2
CHEM-TR-0270,img_train_0270_var10,train,1979.57,43.6,27.9,15.1,11.89,5.86,11.31,26.0,65.1,16.9,84.31,0.1,53.15,28.5,68.2,16.2
CHEM-TR-0271,img_train_0271_var01,train,186.32,200.5,190.3,169.2,77.37,0.06,11.95,40.0,15.7,78.4,18.87,0.561,15.37,31.4,73.6,18.2
CHEM-TR-0271,img_train_0271_var02,train,186.32,204.9,192.2,169.0,78.24,0.64,13.33,40.0,17.6,80.0,18.28,0.982,0.62,23.1,62.9,22.8
CHEM-TR-0271,img_train_0271_var03,train,186.32,211.1,201.4,210.3,82.12,4.96,-3.22,306.0,4.7,82.7,19.02,0.982,0.63,26.3,39.3,12.7
CHEM-TR-0271,img_train_0271_var04,train,186.32,218.7,207.9,184.6,83.74,-0.11,12.93,40.0,15.7,85.5,12.89,0.994,0.2,24.8,36.7,5.3
CHEM-TR-0271,img_train_0271_var05,train,186.32,202.8,191.1,168.5,77.76,0.38,12.87,40.0,16.9,79.2,18.65,0.967,1.14,24.8,55.2,7.9
CHEM-TR-0271,img_train_0271_var06,train,186.32,200.0,190.0,168.3,77.25,-0.15,12.25,42.0,15.7,78.0,19.04,0.606,13.78,29.7,62.1,15.1
CHEM-TR-0271,img_train_0271_var07,train,186.32,199.8,190.1,168.6,77.26,-0.19,12.06,42.0,15.7,78.0,19.0,0.971,1.03,20.6,63.3,16.8
CHEM-TR-0271,img_train_0271_var09,train,186.32,203.5,191.8,169.2,78.01,0.4,12.86,38.0,16.9,79.6,18.4,0.628,13.02,24.1,71.7,4.3
CHEM-TR-0271,img_train_0271_var10,train,186.32,184.4,175.8,157.7,72.0,-0.01,10.37,40.0,14.5,72.2,24.04,0.474,18.41,28.2,48.4,8.4
CHEM-TR-0272,img_train_0272_var01,train,772.24,118.8,99.5,76.7,43.46,4.11,15.86,32.0,35.7,46.3,53.11,0.987,0.44,25.4,70.9,20.8
CHEM-TR-0272,img_train_0272_var02,train,772.24,118.1,99.5,75.7,43.34,3.68,16.31,34.0,36.5,46.3,53.26,0.982,0.63,25.8,31.5,18.6
CHEM-TR-0272,img_train_0272_var03,train,772.24,142.2,130.4,175.0,57.0,13.82,-21.94,256.0,25.9,68.6,51.53,0.1,45.05,33.6,47.9,7.6
CHEM-TR-0272,img_train_0272_var04,train,772.24,119.0,97.4,75.1,42.86,5.23,16.02,30.0,36.9,46.7,53.81,0.1,46.06,22.5,39.5,31.5
CHEM-TR-0272,img_train_0272_var05,train,772.24,113.0,95.8,73.5,41.73,3.36,15.33,34.0,35.3,44.3,54.71,0.25,26.26,23.9,42.5,19.7
CHEM-TR-0272,img_train_0272_var06,train,772.24,118.8,99.7,77.3,43.51,4.08,15.55,32.0,34.9,46.3,53.02,0.1,37.11,21.4,71.7,26.3
CHEM-TR-0272,img_train_0272_var07,train,772.24,118.6,99.6,75.6,43.44,3.83,16.5,34.0,36.5,46.3,53.2,0.267,25.64,27.4,32.7,34.4
CHEM-TR-0272,img_train_0272_var08,train,772.24,126.0,116.0,99.0,49.29,0.87,10.8,38.0,21.6,49.4,46.75,0.1,44.35,24.1,49.1,31.1
CHEM-TR-0272,img_train_0272_var09,train,772.24,117.4,99.5,75.5,43.26,3.36,16.27,34.0,36.1,45.9,53.32,0.915,2.96,32.1,54.5,13.0
CHEM-TR-0272,img_train_0272_var10,train,772.24,105.1,89.4,68.3,38.97,2.95,14.62,34.0,35.3,41.2,57.36,0.1,33.61,25.9,66.0,25.4
CHEM-TR-0273,img_train_0273_var01,train,966.72,102.3,83.1,60.8,36.7,4.45,16.06,32.0,41.2,40.0,59.85,0.1,47.52,22.0,50.3,4.5
CHEM-TR-0273,img_train_0273_var02,train,966.72,96.8,78.6,57.8,34.74,4.33,15.18,32.0,40.8,37.6,61.69,0.1,38.29,20.6,51.6,12.8
CHEM-TR-0273,img_train_0273_var03,train,966.72,88.2,72.2,3.5,31.24,-0.26,38.65,48.0,96.5,34.5,71.23,0.1,47.14,22.8,70.2,39.0
CHEM-TR-0273,img_train_0273_var04,train,966.72,98.9,77.6,56.8,34.68,5.75,15.72,30.0,42.7,38.4,61.91,0.1,54.28,26.1,53.4,35.4
CHEM-TR-0273,img_train_0273_var05,train,966.72,94.9,78.5,57.4,34.5,3.42,15.04,34.0,39.2,36.9,61.86,0.231,26.93,22.9,62.6,23.3
CHEM-TR-0273,img_train_0273_var06,train,966.72,101.4,82.9,60.0,36.53,4.1,16.29,32.0,40.8,39.6,60.02,0.985,0.54,19.4,57.0,8.2
CHEM-TR-0273,img_train_0273_var07,train,966.72,97.5,78.8,57.8,34.86,4.51,15.34,32.0,41.2,38.0,61.6,0.24,26.62,24.2,56.3,14.7
CHEM-TR-0273,img_train_0273_var08,train,966.72,105.0,91.0,75.0,39.57,2.93,11.33,32.0,28.6,41.2,56.53,0.1,41.21,20.6,56.5,27.9
CHEM-TR-0273,img_train_0273_var09,train,966.72,96.1,78.5,57.9,34.64,4.08,14.95,32.0,40.8,37.6,61.75,0.1,38.7,24.3,69.3,19.5
CHEM-TR-0273,img_train_0273_var10,train,966.72,97.3,79.2,57.0,34.95,4.09,15.93,34.0,41.2,38.0,61.55,0.1,36.83,26.0,79.5,16.2
CHEM-TR-0274,img_train_0274_var01,train,1143.87,82.9,66.3,47.2,29.35,4.12,14.32,32.0,42.7,32.2,66.96,0.1,47.13,26.5,38.0,20.4
CHEM-TR-0274,img_train_0274_var02,train,1143.87,83.7,65.3,48.3,29.15,5.29,13.37,30.0,42.4,32.5,67.16,0.1,42.76,33.4,52.5,4.5
CHEM-TR-0274,img_train_0274_var03,train,1143.87,89.1,76.7,100.5,34.65,10.31,-11.9,272.0,23.9,39.2,65.55,0.985,0.54,22.6,78.6,37.7
CHEM-TR-0274,img_train_0274_var05,train,1143.87,87.7,67.5,48.5,30.28,5.82,14.86,30.0,44.7,34.1,66.19,0.962,1.33,32.1,54.3,12.2
CHEM-TR-0274,img_train_0274_var06,train,1143.87,88.5,69.6,51.0,31.04,5.16,14.29,30.0,42.0,34.5,65.34,0.985,0.52,30.9,37.6,25.1
CHEM-TR-0274,img_train_0274_var07,train,1143.87,83.0,65.1,47.3,29.01,4.89,13.84,30.0,43.5,32.5,67.31,0.1,39.6,28.7,58.1,20.2
CHEM-TR-0274,img_train_0274_var08,train,1143.87,92.0,79.0,63.0,34.45,2.64,11.46,34.0,31.4,36.1,61.64,0.1,41.8,29.2,55.0,36.8
CHEM-TR-0274,img_train_0274_var09,train,1143.87,82.4,66.0,47.8,29.2,4.14,13.74,30.0,42.7,32.2,67.07,0.1,41.25,30.6,60.3,25.2
CHEM-TR-0274,img_train_0274_var10,train,1143.87,77.7,60.0,41.9,26.74,4.94,14.15,30.0,46.7,30.2,69.59,0.1,47.28,27.2,62.8,19.2
CHEM-TR-0275,img_train_0275_var01,train,1153.61,83.0,65.5,47.1,29.11,4.64,14.09,30.0,42.7,32.2,67.21,0.1,47.19,23.7,76.4,28.4
CHEM-TR-0275,img_train_0275_var02,train,1153.61,87.2,68.8,48.9,30.61,4.76,15.0,30.0,44.7,34.1,65.8,0.977,0.8,31.9,66.2,16.2
CHEM-TR-0275,img_train_0275_var03,train,1153.61,88.2,79.4,105.2,35.52,9.39,-13.54,260.0,24.7,41.2,65.15,0.984,0.55,30.0,70.7,8.3
CHEM-TR-0275,img_train_0275_var05,train,1153.61,87.8,68.8,48.2,30.67,4.94,15.55,30.0,44.7,34.1,65.81,0.957,1.51,31.4,41.5,17.0
CHEM-TR-0275,img_train_0275_var06,train,1153.61,82.8,66.1,46.9,29.27,4.16,14.38,34.0,43.9,32.2,67.05,0.1,47.02,29.5,40.5,20.5
CHEM-TR-0275,img_train_0275_var07,train,1153.61,82.9,63.8,45.4,28.57,5.45,14.41,30.0,45.1,32.2,67.83,0.1,38.92,26.2,64.4,9.4
CHEM-TR-0275,img_train_0275_var08,train,1153.61,92.0,79.0,61.0,34.41,2.33,12.65,34.0,33.7,36.1,61.73,0.1,46.26,21.0,76.9,8.1
CHEM-TR-0275,img_train_0275_var09,train,1153.61,88.2,68.9,48.9,30.75,5.2,15.23,30.0,45.5,34.5,65.72,0.944,1.95,28.0,49.7,18.8
CHEM-TR-0275,img_train_0275_var10,train,1153.61,78.7,60.4,41.2,26.97,5.11,14.9,30.0,47.5,30.6,69.43,0.1,44.49,34.6,64.9,33.9
CHEM-TR-0276,img_train_0276_var02,train,1875.0,51.2,37.2,23.5,16.03,4.42,11.64,30.0,54.9,20.0,80.11,0.1,51.25,26.7,60.7,7.7
CHEM-TR-0276,img_train_0276_var05,train,1875.0,55.7,40.5,25.6,17.72,4.79,12.54,30.0,54.5,21.6,78.48,0.962,1.34,29.9,61.9,7.0
CHEM-TR-0276,img_train_0276_var07,train,1875.0,55.1,39.3,24.3,17.24,5.13,12.77,30.0,56.5,21.6,78.99,0.1,38.68,28.8,46.4,23.0
CHEM-TR-0276,img_train_0276_var08,train,1875.0,58.0,45.0,35.0,19.63,4.2,8.73,26.0,39.6,22.7,76.46,0.1,53.7,34.6,48.2,6.4
CHEM-TR-0276,img_train_0276_var09,train,1875.0,52.2,37.8,24.1,16.37,4.62,11.67,28.0,53.7,20.4,79.78,0.1,47.75,24.4,35.2,24.9
CHEM-TR-0276,img_train_0276_var10,train,1875.0,51.8,35.3,21.2,15.5,5.77,12.51,28.0,58.8,20.0,80.75,0.1,50.26,30.0,60.4,30.6
CHEM-TR-0277,img_train_0277_var01,train,161.14,205.6,195.3,175.4,79.24,0.23,11.31,40.0,14.5,80.4,16.92,0.559,15.43,33.1,73.2,8.7
CHEM-TR-0277,img_train_0277_var02,train,161.14,210.9,197.5,175.6,80.23,1.07,12.68,38.0,16.9,82.4,16.2,0.982,0.64,29.4,47.3,37.0
CHEM-TR-0277,img_train_0277_var04,train,161.14,226.7,213.9,190.0,86.03,0.51,13.39,38.0,16.1,88.6,10.89,0.665,11.73,23.8,56.5,19.1
CHEM-TR-0277,img_train_0277_var05,train,161.14,205.5,194.7,175.2,79.08,0.49,11.16,38.0,14.5,80.4,17.06,0.961,1.36,27.7,57.3,36.2
CHEM-TR-0277,img_train_0277_var06,train,161.14,205.5,195.8,174.4,79.33,-0.19,11.93,40.0,15.3,80.4,16.94,0.573,14.94,32.2,54.6,11.2
CHEM-TR-0277,img_train_0277_var07,train,161.14,205.2,195.6,176.1,79.31,0.04,11.0,40.0,14.1,80.4,16.82,0.964,1.25,33.5,53.3,29.7
CHEM-TR-0277,img_train_0277_var09,train,161.14,207.9,196.8,175.2,79.8,0.33,12.23,40.0,15.3,81.2,16.52,0.632,12.89,20.0,60.7,15.2
CHEM-TR-0277,img_train_0277_var10,train,161.14,189.9,182.0,164.0,74.23,-0.28,10.14,40.0,13.3,74.1,21.81,0.443,19.5,31.5,79.9,15.3
CHEM-TR-0278,img_train_0278_var01,train,943.84,104.1,83.9,62.3,37.16,5.02,15.79,30.0,40.4,40.8,59.4,0.983,0.61,21.5,31.7,39.0
CHEM-TR-0278,img_train_0278_var02,train,943.84,103.7,84.5,62.4,37.28,4.48,15.86,32.0,40.0,40.4,59.25,0.1,43.21,22.8,48.8,35.4
CHEM-TR-0278,img_train_0278_var03,train,943.84,104.5,90.6,111.5,40.5,9.9,-9.79,280.0,18.8,43.5,59.34,0.1,51.65,25.5,47.9,27.7
CHEM-TR-0278,img_train_0278_var04,train,943.84,103.3,79.8,60.1,35.85,6.89,15.37,26.0,41.6,40.4,60.82,0.1,53.37,25.5,46.4,24.0
CHEM-TR-0278,img_train_0278_var05,train,943.84,102.3,82.6,61.0,36.56,4.83,15.76,32.0,41.2,40.0,59.98,0.959,1.45,33.9,33.6,16.7
CHEM-TR-0278,img_train_0278_var06,train,943.84,98.8,80.8,61.0,35.67,4.29,14.47,30.0,37.6,38.4,60.7,0.1,44.53,26.8,34.3,10.0
CHEM-TR-0278,img_train_0278_var07,train,943.84,103.4,83.0,61.4,36.81,5.13,15.83,30.0,40.8,40.4,59.76,0.126,30.6,24.1,58.0,35.3
CHEM-TR-0278,img_train_0278_var08,train,943.84,108.0,90.0,77.0,39.64,5.15,10.25,26.0,28.6,42.4,56.57,0.1,40.8,24.3,79.3,6.5
CHEM-TR-0278,img_train_0278_var09,train,943.84,98.8,79.9,59.7,35.38,4.68,14.87,30.0,39.6,38.4,61.05,0.1,38.32,24.7,76.6,34.3
CHEM-TR-0278,img_train_0278_var10,train,943.84,99.3,80.2,60.6,35.55,4.84,14.55,30.0,39.2,38.8,60.86,0.1,34.08,31.9,67.1,20.6
CHEM-TR-0279,img_train_0279_var01,train,196.08,201.0,188.7,167.1,76.96,0.77,12.45,38.0,16.5,78.4,19.35,0.554,15.61,22.7,50.7,27.0
CHEM-TR-0279,img_train_0279_var02,train,196.08,197.9,186.9,166.7,76.24,0.47,11.61,38.0,15.7,77.3,19.93,0.973,0.93,28.2,55.7,35.0
CHEM-TR-0279,img_train_0279_var03,train,196.08,201.7,188.4,183.3,77.33,3.8,4.26,16.0,9.0,78.8,19.54,0.982,0.63,31.5,34.2,20.4
CHEM-TR-0279,img_train_0279_var04,train,196.08,210.7,197.4,178.6,80.27,1.54,11.1,36.0,15.3,82.4,15.9,0.575,14.87,32.4,55.2,13.3
CHEM-TR-0279,img_train_0279_var05,train,196.08,201.0,189.3,166.6,77.11,0.35,12.95,40.0,16.9,78.4,19.3,0.677,11.32,30.0,47.5,27.0
CHEM-TR-0279,img_train_0279_var06,train,196.08,201.6,189.0,166.4,77.08,0.71,13.0,38.0,17.3,78.8,19.34,0.565,15.23,21.0,72.4,16.1
CHEM-TR-0279,img_train_0279_var07,train,196.08,200.5,188.7,166.9,76.92,0.54,12.55,38.0,16.9,78.4,19.41,0.969,1.09,30.2,67.1,32.7
CHEM-TR-0279,img_train_0279_var08,train,196.08,201.0,204.0,204.0,81.82,-1.03,-0.36,180.0,1.6,80.0,17.06,0.893,3.75,19.3,51.0,35.3
CHEM-TR-0279,img_train_0279_var09,train,196.08,200.6,189.2,167.1,77.06,0.36,12.61,40.0,16.5,78.4,19.28,0.618,13.38,28.8,66.3,27.4
CHEM-TR-0279,img_train_0279_var10,train,196.08,181.4,172.6,154.9,70.85,0.1,10.21,40.0,14.9,71.0,25.18,0.483,18.08,35.0,62.2,26.9
CHEM-TR-0280,img_train_0280_var01,train,737.38,118.3,99.9,79.2,43.55,4.02,14.46,30.0,32.9,46.3,52.85,0.1,35.65,28.2,67.0,26.5
CHEM-TR-0280,img_train_0280_var02,train,737.38,117.9,100.7,79.3,43.76,3.35,14.68,34.0,32.5,45.9,52.63,0.1,33.14,22.2,36.0,14.9
CHEM-TR-0280,img_train_0280_var03,train,737.38,124.5,112.6,138.6,49.36,9.95,-12.52,268.0,18.8,54.1,52.23,0.985,0.53,26.9,58.2,8.9
CHEM-TR-0280,img_train_0280_var04,train,737.38,124.8,102.4,80.1,44.96,5.43,15.99,30.0,35.3,48.6,51.75,0.1,44.25,26.3,49.1,34.2
CHEM-TR-0280,img_train_0280_var05,train,737.38,122.3,103.4,79.9,44.97,3.77,16.08,34.0,35.3,47.8,51.62,0.235,26.79,25.2,73.3,38.8
CHEM-TR-0280,img_train_0280_var06,train,737.38,122.5,103.2,80.7,44.96,4.08,15.59,32.0,34.5,47.8,51.59,0.984,0.56,32.5,50.1,30.4
CHEM-TR-0280,img_train_0280_var07,train,737.38,118.0,100.0,78.0,43.52,3.65,15.18,34.0,34.1,45.9,52.94,0.1,31.63,19.5,76.1,26.7
CHEM-TR-0280,img_train_0280_var08,train,737.38,133.0,119.0,102.0,50.85,2.49,11.33,32.0,23.1,52.2,45.25,0.1,42.99,23.4,40.3,9.3
CHEM-TR-0280,img_train_0280_var09,train,737.38,117.6,99.9,78.5,43.46,3.64,14.77,32.0,33.3,45.9,52.95,0.1,32.64,34.0,71.8,6.3
CHEM-TR-0280,img_train_0280_var10,train,737.38,110.4,92.6,71.0,40.51,3.73,15.11,32.0,35.3,43.1,55.92,0.1,36.54,20.3,63.4,33.7
CHEM-TR-0281,img_train_0281_var01,train,320.85,174.1,161.1,139.0,66.83,1.02,13.21,38.0,20.0,68.2,29.48,0.426,20.07,31.6,79.4,35.2
CHEM-TR-0281,img_train_0281_var02,train,320.85,173.9,160.2,139.2,66.56,1.5,12.73,38.0,19.6,67.8,29.69,0.978,0.77,31.2,51.3,6.9
CHEM-TR-0281,img_train_0281_var03,train,320.85,177.6,166.2,169.8,69.22,4.79,-0.39,344.0,6.3,69.4,28.7,0.887,3.94,28.8,72.8,9.7
CHEM-TR-0281,img_train_0281_var04,train,320.85,189.6,174.4,152.0,71.96,1.76,13.48,36.0,19.6,74.1,24.49,0.993,0.25,28.8,39.9,10.2
CHEM-TR-0281,img_train_0281_var05,train,320.85,173.4,159.7,137.5,66.35,1.3,13.39,36.0,20.8,67.8,29.98,0.951,1.72,19.9,66.7,33.7
CHEM-TR-0281,img_train_0281_var06,train,320.85,177.8,164.0,139.6,67.93,1.0,14.5,38.0,21.6,69.4,28.61,0.986,0.5,31.3,67.6,6.6
CHEM-TR-0281,img_train_0281_var07,train,320.85,177.9,163.6,139.7,67.82,1.27,14.28,38.0,21.6,69.4,28.68,0.965,1.22,22.2,35.7,28.8
CHEM-TR-0281,img_train_0281_var08,train,320.85,179.0,177.0,170.0,72.18,-0.57,3.83,46.0,5.1,70.2,24.4,0.864,4.75,20.1,54.1,21.3
CHEM-TR-0281,img_train_0281_var09,train,320.85,173.8,161.7,139.0,66.96,0.63,13.39,38.0,19.6,67.8,29.37,0.521,16.77,27.4,51.3,36.2
CHEM-TR-0281,img_train_0281_var10,train,320.85,164.0,152.3,132.1,63.43,0.9,12.17,38.0,19.6,64.3,32.73,0.966,1.18,30.7,61.3,18.9
CHEM-TR-0282,img_train_0282_var01,train,920.08,101.6,82.3,63.3,36.46,4.96,14.19,30.0,37.6,39.6,59.93,0.1,42.01,20.4,75.8,19.6
CHEM-TR-0282,img_train_0282_var02,train,920.08,104.6,85.5,64.4,37.73,4.52,15.29,32.0,38.4,40.8,58.75,0.982,0.62,27.8,58.9,26.5
CHEM-TR-0282,img_train_0282_var03,train,920.08,119.7,111.6,163.4,49.66,14.88,-26.71,250.0,31.8,63.9,60.24,0.1,49.68,19.5,41.5,11.5
CHEM-TR-0282,img_train_0282_var04,train,920.08,105.0,81.8,62.0,36.67,6.66,15.34,28.0,42.0,41.2,59.98,0.1,52.35,22.7,72.6,18.4
CHEM-TR-0282,img_train_0282_var05,train,920.08,105.0,84.1,63.4,37.34,5.42,15.4,30.0,40.0,41.2,59.21,0.128,30.5,24.6,69.0,38.3
CHEM-TR-0282,img_train_0282_var06,train,920.08,105.5,85.5,64.3,37.8,4.94,15.47,30.0,39.2,41.2,58.73,0.985,0.53,20.1,50.2,37.5
CHEM-TR-0282,img_train_0282_var07,train,920.08,100.5,81.8,61.2,36.16,4.49,15.04,30.0,38.8,39.2,60.28,0.192,28.28,34.1,42.4,25.3
CHEM-TR-0282,img_train_0282_var08,train,920.08,113.0,97.0,80.0,42.22,3.56,12.08,30.0,29.0,44.3,53.95,0.1,49.98,28.1,45.0,14.3
CHEM-TR-0282,img_train_0282_var09,train,920.08,105.4,85.1,64.6,37.69,5.16,15.14,30.0,39.2,41.2,58.82,0.956,1.56,23.2,59.1,15.2
CHEM-TR-0282,img_train_0282_var10,train,920.08,92.7,74.3,55.7,32.98,4.85,14.0,30.0,40.4,36.1,63.37,0.1,36.11,20.9,32.0,25.1
CHEM-TR-0283,img_train_0283_var01,train,1017.84,97.9,78.7,58.0,34.88,4.83,15.25,30.0,40.4,38.0,61.59,0.1,52.68,33.5,68.2,5.7
CHEM-TR-0283,img_train_0283_var02,train,1017.84,95.8,78.2,57.0,34.48,4.03,15.3,34.0,40.0,37.3,61.94,0.983,0.61,25.9,76.5,36.1
CHEM-TR-0283,img_train_0283_var03,train,1017.84,104.3,85.3,99.7,38.58,10.55,-5.33,316.0,18.4,40.8,60.03,0.981,0.67,30.7,34.8,17.7
CHEM-TR-0283,img_train_0283_var05,train,1017.84,91.3,73.8,54.5,32.67,4.28,14.35,30.0,40.8,35.7,63.67,0.137,30.21,32.3,68.3,4.2
CHEM-TR-0283,img_train_0283_var06,train,1017.84,92.3,75.0,55.4,33.13,4.14,14.41,30.0,40.4,36.1,63.21,0.1,44.15,22.4,69.1,22.2
CHEM-TR-0283,img_train_0283_var07,train,1017.84,96.8,77.9,56.9,34.53,4.6,15.45,32.0,41.6,37.6,61.94,0.971,1.03,31.9,55.4,11.6
CHEM-TR-0283,img_train_0283_var08,train,1017.84,100.0,86.0,69.0,37.47,2.84,12.03,32.0,31.0,39.2,58.66,0.1,42.44,21.7,30.1,12.5
CHEM-TR-0283,img_train_0283_var09,train,1017.84,96.5,77.6,57.0,34.4,4.67,15.19,30.0,40.8,37.6,62.05,0.95,1.76,30.7,59.1,22.3
CHEM-TR-0283,img_train_0283_var10,train,1017.84,84.4,67.1,48.0,29.76,4.46,14.4,32.0,42.7,32.9,66.58,0.1,39.23,28.6,51.6,37.7
CHEM-TR-0284,img_train_0284_var01,train,0.0,243.4,239.6,222.9,94.54,-1.56,8.55,48.0,8.6,95.3,2.56,0.525,16.64,31.2,69.9,27.2
CHEM-TR-0284,img_train_0284_var02,train,0.0,242.5,240.5,222.2,94.69,-2.48,9.11,54.0,8.2,94.9,3.26,0.985,0.54,26.3,36.5,21.0
CHEM-TR-0284,img_train_0284_var03,train,0.0,245.1,238.5,231.1,94.59,0.95,4.35,30.0,5.9,96.1,4.88,0.308,24.21,33.1,70.7,6.9
CHEM-TR-0284,img_train_0284_var05,train,0.0,244.6,239.8,222.5,94.66,-1.27,8.92,46.0,9.0,95.7,2.22,0.967,1.17,32.1,33.5,30.8
CHEM-TR-0284,img_train_0284_var06,train,0.0,244.9,239.7,222.4,94.67,-1.17,8.98,46.0,9.0,95.7,2.13,0.565,15.24,23.0,52.5,20.0
CHEM-TR-0284,img_train_0284_var07,train,0.0,243.8,239.7,223.1,94.6,-1.45,8.53,48.0,8.2,95.3,2.45,0.969,1.09,26.4,78.7,20.7
CHEM-TR-0284,img_train_0284_var09,train,0.0,244.6,239.4,223.7,94.59,-0.88,8.19,46.0,8.6,95.7,2.13,0.613,13.55,33.4,51.8,22.1
CHEM-TR-0284,img_train_0284_var10,train,0.0,232.7,231.2,216.8,91.49,-2.01,7.2,56.0,7.1,91.0,5.47,0.189,28.38,25.2,74.6,12.8
CHEM-TR-0285,img_train_0285_var01,train,194.71,198.7,188.2,167.2,76.65,0.14,11.97,40.0,15.7,77.6,19.58,0.519,16.83,27.1,54.5,28.4
CHEM-TR-0285,img_train_0285_var02,train,194.71,202.0,189.5,166.4,77.24,0.56,13.28,40.0,17.3,78.8,19.24,0.98,0.72,30.6,44.4,36.5
CHEM-TR-0285,img_train_0285_var03,train,194.71,201.9,189.5,178.5,77.51,2.52,7.09,28.0,11.4,78.8,18.7,0.982,0.65,21.5,50.5,6.0
CHEM-TR-0285,img_train_0285_var04,train,194.71,214.1,199.6,177.2,81.08,1.43,13.03,36.0,17.3,83.9,15.48,0.982,0.63,33.4,44.6,10.5
CHEM-TR-0285,img_train_0285_var05,train,194.71,198.3,187.6,165.9,76.43,0.12,12.36,40.0,16.5,77.6,19.86,0.964,1.26,23.9,32.3,19.2
CHEM-TR-0285,img_train_0285_var06,train,194.71,199.3,188.4,166.7,76.73,0.25,12.33,40.0,16.5,78.0,19.56,0.582,14.62,29.4,68.7,11.8
CHEM-TR-0285,img_train_0285_var07,train,194.71,198.5,187.9,166.7,76.54,0.22,12.06,40.0,16.1,77.6,19.7,0.968,1.13,33.3,52.7,34.6
CHEM-TR-0285,img_train_0285_var08,train,194.71,197.0,202.0,195.0,80.77,-3.0,2.89,102.0,3.5,79.2,16.78,0.983,0.59,32.7,31.8,32.6
CHEM-TR-0285,img_train_0285_var09,train,194.71,202.4,189.5,166.7,77.29,0.78,13.17,38.0,17.6,79.2,19.17,0.609,13.7,32.9,48.7,33.1
CHEM-TR-0285,img_train_0285_var10,train,194.71,199.0,189.2,168.5,76.97,-0.06,11.73,42.0,15.3,77.6,19.23,0.975,0.87,29.0,54.4,32.2
CHEM-TR-0286,img_train_0286_var01,train,774.78,114.3,96.3,75.6,42.06,3.91,14.55,32.0,34.1,44.7,54.33,0.1,36.95,32.1,38.2,12.7
CHEM-TR-0286,img_train_0286_var02,train,774.78,114.2,96.0,75.0,41.94,3.97,14.71,30.0,34.1,44.7,54.47,0.1,34.37,26.4,63.0,36.9
CHEM-TR-0286,img_train_0286_var03,train,774.78,114.0,95.3,50.3,41.29,1.34,28.32,42.0,55.7,44.3,58.03,0.1,40.38,24.0,39.9,7.4
CHEM-TR-0286,img_train_0286_var04,train,774.78,123.6,101.3,78.1,44.49,5.32,16.49,30.0,36.5,48.2,52.27,0.1,45.6,22.8,76.7,23.7
CHEM-TR-0286,img_train_0286_var05,train,774.78,117.1,98.4,75.8,42.93,3.93,15.64,32.0,36.1,45.9,53.59,0.96,1.39,21.2,51.3,21.0
CHEM-TR-0286,img_train_0286_var06,train,774.78,118.9,100.0,76.8,43.6,3.86,16.01,34.0,35.7,46.3,52.97,0.1,44.05,33.5,58.7,37.9
CHEM-TR-0286,img_train_0286_var07,train,774.78,119.1,99.8,76.1,43.54,4.0,16.31,32.0,36.1,46.7,53.08,0.274,25.42,19.5,61.4,11.3
CHEM-TR-0286,img_train_0286_var08,train,774.78,123.0,111.0,98.0,47.57,2.38,8.94,32.0,20.4,48.2,48.47,0.1,40.84,23.5,72.2,36.5
CHEM-TR-0286,img_train_0286_var09,train,774.78,114.0,95.9,75.0,41.89,3.95,14.66,30.0,34.1,44.7,54.51,0.1,34.21,27.2,67.4,22.3
CHEM-TR-0286,img_train_0286_var10,train,774.78,109.5,91.0,69.1,39.91,4.04,15.48,32.0,36.9,42.7,56.57,0.1,36.99,25.9,32.0,17.3
CHEM-TR-0287,img_train_0287_var01,train,770.7,114.6,96.3,75.3,42.07,4.04,14.72,32.0,34.1,44.7,54.35,0.1,38.56,29.7,46.2,25.0
CHEM-TR-0287,img_train_0287_var02,train,770.7,113.0,96.4,74.8,41.94,3.11,14.86,34.0,34.1,43.9,54.44,0.1,34.6,26.9,34.0,36.1
CHEM-TR-0287,img_train_0287_var03,train,770.7,118.8,99.4,48.1,42.93,0.97,31.61,44.0,59.2,46.3,57.69,0.1,43.66,19.0,35.3,29.0
CHEM-TR-0287,img_train_0287_var04,train,770.7,118.4,97.6,75.7,42.85,4.92,15.61,30.0,36.5,46.3,53.74,0.1,46.63,29.4,35.4,10.9
CHEM-TR-0287,img_train_0287_var05,train,770.7,113.7,95.1,73.4,41.61,4.03,15.25,34.0,35.3,44.3,54.86,0.283,25.11,33.8,51.8,24.9
CHEM-TR-0287,img_train_0287_var06,train,770.7,118.8,99.5,76.8,43.43,4.14,15.75,32.0,35.7,46.3,53.13,0.1,40.26,27.7,32.6,22.3
CHEM-TR-0287,img_train_0287_var07,train,770.7,118.3,99.6,74.9,43.39,3.59,16.81,34.0,37.3,46.3,53.28,0.967,1.15,21.6,30.9,4.1
CHEM-TR-0287,img_train_0287_var08,train,770.7,118.0,109.0,92.0,46.39,0.49,10.78,40.0,22.0,46.3,49.64,0.1,36.15,28.5,65.6,15.2
CHEM-TR-0287,img_train_0287_var09,train,770.7,113.1,96.3,74.8,41.9,3.3,14.77,34.0,34.5,44.3,54.48,0.1,31.51,27.7,34.1,19.0
CHEM-TR-0287,img_train_0287_var10,train,770.7,105.9,89.2,68.4,39.0,3.41,14.57,34.0,35.3,41.2,57.35,0.1,33.98,20.9,42.0,37.2
CHEM-TR-0288,img_train_0288_var01,train,1049.25,96.3,75.9,56.0,33.87,5.48,15.11,30.0,42.7,37.6,62.63,0.1,49.89,29.2,30.3,23.7
CHEM-TR-0288,img_train_0288_var02,train,1049.25,89.9,72.3,53.4,32.03,4.49,14.12,32.0,40.4,34.9,64.3,0.1,46.12,25.4,33.5,20.7
CHEM-TR-0288,img_train_0288_var03,train,1049.25,114.5,98.9,139.3,44.78,14.89,-20.04,264.0,29.4,54.5,60.61,0.1,51.99,22.2,38.4,38.1
CHEM-TR-0288,img_train_0288_var05,train,1049.25,89.4,71.8,52.3,31.82,4.35,14.54,30.0,41.6,34.9,64.53,0.122,30.74,24.2,61.1,8.8
CHEM-TR-0288,img_train_0288_var06,train,1049.25,90.7,72.6,53.6,32.23,4.66,14.32,30.0,41.2,35.3,64.13,0.1,47.04,32.4,63.1,13.3
CHEM-TR-0288,img_train_0288_var07,train,1049.25,94.3,73.9,53.9,33.01,5.58,15.2,30.0,43.5,36.9,63.5,0.114,31.0,29.7,77.3,13.5
CHEM-TR-0288,img_train_0288_var08,train,1049.25,99.0,82.0,69.0,36.21,4.84,10.27,26.0,30.2,38.8,59.96,0.1,43.97,22.0,71.9,27.0
CHEM-TR-0288,img_train_0288_var09,train,1049.25,93.8,74.3,54.4,33.08,5.16,15.01,30.0,42.0,36.5,63.38,0.945,1.92,23.9,54.4,26.5
CHEM-TR-0288,img_train_0288_var10,train,1049.25,82.3,64.8,45.7,28.79,4.57,14.49,30.0,45.1,32.2,67.56,0.1,35.72,28.6,58.2,9.7
CHEM-TR-0289,img_train_0289_var02,train,1816.57,55.9,41.9,28.7,18.24,4.31,11.08,28.0,49.0,21.6,77.88,0.981,0.66,20.8,41.0,22.2
CHEM-TR-0289,img_train_0289_var05,train,1816.57,53.2,37.0,24.7,16.27,5.79,11.17,24.0,54.9,20.8,79.93,0.1,37.39,22.8,73.1,33.9
CHEM-TR-0289,img_train_0289_var06,train,1816.57,58.8,42.3,27.9,18.73,5.44,12.35,30.0,53.3,22.7,77.5,0.986,0.51,31.2,59.3,18.9
CHEM-TR-0289,img_train_0289_var07,train,1816.57,52.7,36.6,23.6,16.08,5.63,11.66,26.0,55.7,20.4,80.13,0.1,39.03,30.5,33.3,14.4
CHEM-TR-0289,img_train_0289_var09,train,1816.57,52.1,37.7,24.4,16.36,4.62,11.46,28.0,53.7,20.4,79.78,0.1,48.24,31.2,64.7,29.5
CHEM-TR-0289,img_train_0289_var10,train,1816.57,43.4,29.2,16.3,12.28,5.01,11.15,28.0,62.7,16.9,83.87,0.1,45.88,19.3,72.4,4.5
CHEM-TR-0290,img_train_0290_var01,train,873.33,110.5,90.0,67.3,39.7,4.86,16.26,32.0,39.2,43.1,56.93,0.1,48.39,23.5,70.1,36.4
CHEM-TR-0290,img_train_0290_var02,train,873.33,104.0,85.9,65.1,37.79,4.14,14.91,30.0,37.6,40.8,58.62,0.1,37.27,27.7,41.6,18.5
CHEM-TR-0290,img_train_0290_var03,train,873.33,113.0,97.5,119.9,43.51,10.73,-10.26,284.0,18.4,46.7,56.84,0.985,0.53,30.0,35.2,8.8
CHEM-TR-0290,img_train_0290_var04,train,873.33,112.5,89.8,67.9,39.85,5.96,16.16,30.0,40.0,43.9,56.87,0.988,0.43,28.6,77.6,15.8
CHEM-TR-0290,img_train_0290_var05,train,873.33,108.4,88.2,65.7,38.91,4.78,16.16,32.0,40.0,42.4,57.7,0.958,1.47,31.0,36.2,34.8
CHEM-TR-0290,img_train_0290_var06,train,873.33,109.8,90.0,67.7,39.62,4.58,15.89,32.0,38.4,42.7,56.95,0.1,42.36,32.9,55.2,22.4
CHEM-TR-0290,img_train_0290_var07,train,873.33,105.5,86.4,65.6,38.09,4.57,15.03,32.0,38.0,41.2,58.37,0.25,26.26,22.6,57.2,12.2
CHEM-TR-0290,img_train_0290_var08,train,873.33,112.0,101.0,84.0,43.35,1.38,11.23,36.0,25.1,43.9,52.7,0.1,38.81,21.5,40.8,17.0
CHEM-TR-0290,img_train_0290_var09,train,873.33,108.4,88.4,66.0,38.99,4.72,16.06,32.0,38.8,42.4,57.6,0.943,2.0,19.1,53.6,32.7
CHEM-TR-0290,img_train_0290_var10,train,873.33,94.5,77.2,56.8,34.05,4.02,14.79,34.0,40.4,36.9,62.32,0.1,38.71,21.3,68.1,33.7
CHEM-TR-0291,img_train_0291_var02,train,1310.33,77.1,60.0,43.3,26.71,4.82,13.2,30.0,44.3,30.2,69.55,0.1,47.94,27.8,69.7,19.7
CHEM-TR-0291,img_train_0291_var05,train,1310.33,71.9,56.0,38.8,24.77,4.29,13.42,30.0,46.7,27.8,71.47,0.1,35.47,28.2,47.7,20.5
CHEM-TR-0291,img_train_0291_var06,train,1310.33,78.4,60.3,42.7,26.93,5.18,13.9,30.0,46.3,30.6,69.4,0.1,53.39,34.1,74.0,20.5
CHEM-TR-0291,img_train_0291_var07,train,1310.33,72.0,54.9,37.7,24.44,4.96,13.69,30.0,48.6,28.2,71.85,0.1,43.13,30.8,32.8,21.0
CHEM-TR-0291,img_train_0291_var09,train,1310.33,72.5,56.9,39.4,25.13,4.11,13.51,30.0,45.9,28.2,71.11,0.1,43.56,23.5,65.6,17.0
CHEM-TR-0291,img_train_0291_var10,train,1310.33,62.6,47.1,30.4,20.75,4.46,13.44,32.0,51.8,24.3,75.48,0.1,44.67,26.1,77.7,6.8
CHEM-TR-0292,img_train_0292_var01,train,35.38,234.7,228.4,210.5,90.79,-0.88,9.5,46.0,10.2,91.8,5.41,0.59,14.36,34.7,77.0,33.2
CHEM-TR-0292,img_train_0292_var02,train,35.38,240.5,229.6,209.8,91.51,0.42,10.96,38.0,12.9,94.1,4.9,0.985,0.54,26.1,70.0,5.9
CHEM-TR-0292,img_train_0292_var05,train,35.38,237.1,229.1,209.3,91.12,-0.61,10.64,42.0,11.8,92.9,5.27,0.964,1.25,20.7,67.7,38.7
CHEM-TR-0292,img_train_0292_var06,train,35.38,234.7,228.4,210.2,90.77,-0.92,9.66,46.0,10.2,91.8,5.46,0.589,14.38,21.6,32.1,30.2
CHEM-TR-0292,img_train_0292_var07,train,35.38,235.9,230.0,214.3,91.37,-0.65,8.35,46.0,9.0,92.2,4.81,0.965,1.24,20.3,73.5,19.0
CHEM-TR-0292,img_train_0292_var09,train,35.38,236.2,229.5,211.0,91.18,-0.81,9.81,44.0,10.6,92.5,5.06,0.936,2.23,33.4,44.2,7.0
CHEM-TR-0292,img_train_0292_var10,train,35.38,235.9,230.5,214.4,91.47,-0.9,8.49,46.0,9.0,92.2,4.77,0.975,0.86,28.5,70.6,5.1
CHEM-TR-0293,img_train_0293_var02,train,1843.57,53.4,38.0,25.0,16.63,5.24,11.43,26.0,52.9,20.8,79.55,0.1,51.62,33.0,70.7,16.8
CHEM-TR-0293,img_train_0293_var05,train,1843.57,52.6,36.9,23.8,16.13,5.41,11.62,26.0,55.7,20.4,80.06,0.1,39.88,26.4,56.1,24.6
CHEM-TR-0293,img_train_0293_var07,train,1843.57,57.6,40.2,26.6,17.89,6.08,12.11,28.0,54.5,22.4,78.37,0.1,40.04,24.1,69.7,19.9
CHEM-TR-0293,img_train_0293_var09,train,1843.57,57.8,41.7,26.2,18.39,5.11,13.07,30.0,54.5,22.4,77.85,0.953,1.64,23.7,76.1,34.2
CHEM-TR-0293,img_train_0293_var10,train,1843.57,52.8,36.3,21.6,15.94,5.64,12.82,30.0,59.6,20.4,80.32,0.1,48.4,20.3,48.4,27.1
CHEM-TR-0294,img_train_0294_var01,train,869.72,105.1,87.2,66.9,38.32,4.05,14.56,32.0,37.3,41.2,58.06,0.1,41.52,24.9,42.1,19.3
CHEM-TR-0294,img_train_0294_var02,train,869.72,108.3,90.5,67.9,39.61,3.64,15.78,34.0,38.0,42.4,56.88,0.981,0.67,23.1,75.0,8.4
CHEM-TR-0294,img_train_0294_var03,train,869.72,104.6,86.4,65.0,37.98,4.08,15.24,32.0,37.6,40.8,58.46,0.1,47.88,21.4,53.6,22.6
CHEM-TR-0294,img_train_0294_var04,train,869.72,109.8,87.5,66.9,38.91,6.0,15.43,30.0,39.6,42.7,57.71,0.1,49.65,25.0,77.6,30.6
CHEM-TR-0294,img_train_0294_var05,train,869.72,103.8,86.5,66.1,37.94,3.81,14.5,32.0,36.1,40.4,58.41,0.232,26.89,22.4,50.2,26.9
CHEM-TR-0294,img_train_0294_var06,train,869.72,104.7,87.4,67.3,38.33,3.8,14.33,32.0,35.7,40.8,58.01,0.1,39.93,21.5,42.6,28.9
CHEM-TR-0294,img_train_0294_var07,train,869.72,109.2,89.5,67.8,39.44,4.62,15.58,32.0,38.4,42.7,57.09,0.185,28.54,22.5,66.5,25.4
CHEM-TR-0294,img_train_0294_var08,train,869.72,115.0,103.0,88.0,44.3,2.11,10.2,34.0,23.5,45.1,51.74,0.1,38.71,25.0,54.3,32.3
CHEM-TR-0294,img_train_0294_var09,train,869.72,108.6,90.1,68.0,39.54,4.05,15.62,34.0,38.0,42.4,56.96,0.946,1.9,31.5,38.2,17.4
CHEM-TR-0294,img_train_0294_var10,train,869.72,109.0,89.3,67.3,39.34,4.62,15.76,32.0,38.4,42.7,57.21,0.1,38.1,21.3,35.8,13.5
CHEM-TR-0295,img_train_0295_var02,train,1288.16,75.0,57.4,41.0,25.62,5.23,13.19,30.0,46.7,29.4,70.66,0.1,46.84,21.1,63.3,28.5
CHEM-TR-0295,img_train_0295_var03,train,1288.16,73.5,55.6,26.6,24.65,3.95,20.95,38.0,64.3,28.6,72.43,0.1,53.66,30.3,47.6,17.6
CHEM-TR-0295,img_train_0295_var05,train,1288.16,79.2,60.8,42.5,27.19,5.21,14.39,30.0,46.7,31.0,69.18,0.96,1.39,20.1,65.2,5.4
CHEM-TR-0295,img_train_0295_var06,train,1288.16,81.5,61.5,44.0,27.68,6.07,14.12,28.0,45.5,31.8,68.74,0.1,50.02,23.4,42.4,5.0
CHEM-TR-0295,img_train_0295_var07,train,1288.16,76.5,56.7,40.6,25.6,6.27,13.42,26.0,47.5,29.8,70.77,0.1,33.43,25.1,77.9,20.6
CHEM-TR-0295,img_train_0295_var09,train,1288.16,79.8,61.5,43.1,27.48,5.14,14.37,30.0,45.5,31.0,68.89,0.953,1.64,22.6,31.9,6.7
CHEM-TR-0295,img_train_0295_var10,train,1288.16,68.3,50.0,33.6,22.42,5.78,13.62,28.0,51.4,26.7,73.91,0.1,48.94,29.6,32.5,31.1
CHEM-TR-0296,img_train_0296_var02,train,1572.43,62.7,45.3,31.1,20.22,5.76,12.27,28.0,49.8,24.3,76.03,0.1,52.16,23.5,71.1,19.7
CHEM-TR-0296,img_train_0296_var05,train,1572.43,60.9,44.7,29.3,19.77,5.04,12.86,30.0,51.8,23.5,76.46,0.1,38.79,23.7,71.5,24.5
CHEM-TR-0296,img_train_0296_var07,train,1572.43,60.8,44.1,29.1,19.59,5.38,12.72,30.0,51.8,23.5,76.66,0.1,44.33,34.5,77.6,29.1
CHEM-TR-0296,img_train_0296_var09,train,1572.43,66.3,48.3,32.3,21.62,5.72,13.38,28.0,51.4,25.9,74.69,0.947,1.86,24.4,77.6,8.5
CHEM-TR-0296,img_train_0296_var10,train,1572.43,65.5,48.1,31.3,21.43,5.33,13.81,30.0,52.2,25.5,74.88,0.1,51.84,27.7,34.2,17.8
CHEM-TR-0297,img_train_0297_var01,train,203.6,197.2,186.5,165.2,76.04,0.19,12.18,40.0,16.1,77.3,20.21,0.528,16.51,24.2,69.5,29.1
CHEM-TR-0297,img_train_0297_var02,train,203.6,201.8,188.3,164.6,76.89,0.85,13.76,38.0,18.4,78.8,19.7,0.978,0.78,32.2,66.8,36.4
CHEM-TR-0297,img_train_0297_var03,train,203.6,214.6,206.4,232.0,84.24,7.59,-11.62,258.0,11.4,91.0,24.77,0.982,0.62,28.8,56.6,34.7
CHEM-TR-0297,img_train_0297_var04,train,203.6,206.7,195.1,173.8,79.24,0.52,12.15,40.0,16.1,80.8,17.05,0.984,0.54,23.7,75.7,23.0
CHEM-TR-0297,img_train_0297_var05,train,203.6,199.6,187.4,164.5,76.46,0.52,13.16,40.0,17.6,78.0,19.98,0.957,1.51,31.4,66.8,26.5
CHEM-TR-0297,img_train_0297_var06,train,203.6,200.2,188.0,165.0,76.67,0.5,13.19,38.0,17.6,78.4,19.78,0.507,17.24,22.0,42.7,20.6
CHEM-TR-0297,img_train_0297_var07,train,203.6,199.9,188.0,164.6,76.64,0.34,13.38,40.0,17.6,78.0,19.85,0.972,0.98,28.9,31.9,8.7
CHEM-TR-0297,img_train_0297_var08,train,203.6,202.0,204.0,195.0,81.67,-2.31,4.24,74.0,4.3,80.0,15.36,0.98,0.69,19.7,32.5,37.8
CHEM-TR-0297,img_train_0297_var09,train,203.6,197.3,186.1,164.1,75.91,0.32,12.56,40.0,16.9,77.3,20.4,0.932,2.36,28.8,34.9,17.7
CHEM-TR-0297,img_train_0297_var10,train,203.6,191.0,181.3,160.0,74.04,-0.14,12.08,42.0,15.7,74.5,22.18,0.978,0.78,30.1,39.5,33.4
CHEM-TR-0298,img_train_0298_var01,train,208.15,196.8,185.3,163.8,75.68,0.47,12.4,40.0,16.9,76.9,20.6,0.492,17.79,27.6,41.6,9.0
CHEM-TR-0298,img_train_0298_var02,train,208.15,203.2,186.4,163.4,76.48,2.22,13.83,34.0,19.6,79.6,20.18,0.978,0.76,33.5,64.8,18.5
CHEM-TR-0298,img_train_0298_var03,train,208.15,201.6,185.4,179.1,76.45,4.64,5.3,16.0,11.0,78.8,20.32,0.982,0.62,27.5,75.7,35.1
CHEM-TR-0298,img_train_0298_var04,train,208.15,207.5,192.7,171.1,78.63,1.64,12.79,34.0,17.3,81.2,17.82,0.983,0.61,23.8,62.3,32.8
CHEM-TR-0298,img_train_0298_var05,train,208.15,199.1,186.0,164.0,76.03,0.99,12.84,36.0,18.0,78.0,20.34,0.961,1.38,22.0,77.5,7.0
CHEM-TR-0298,img_train_0298_var06,train,208.15,199.0,186.6,164.2,76.2,0.64,12.93,38.0,17.3,77.6,20.19,0.528,16.51,34.5,47.0,23.2
CHEM-TR-0298,img_train_0298_var07,train,208.15,198.9,187.9,164.5,76.54,-0.04,13.27,40.0,17.3,77.6,19.93,0.967,1.15,33.4,69.9,34.1
CHEM-TR-0298,img_train_0298_var08,train,208.15,201.0,204.0,205.0,81.84,-0.84,-0.86,196.0,2.0,80.4,17.31,0.985,0.52,27.6,58.6,11.9
CHEM-TR-0298,img_train_0298_var09,train,208.15,196.3,184.7,164.0,75.47,0.66,11.97,38.0,16.5,76.9,20.74,0.629,12.98,23.9,49.0,7.1
CHEM-TR-0298,img_train_0298_var10,train,208.15,181.0,172.2,153.6,70.7,-0.06,10.71,40.0,15.3,71.0,25.36,0.504,17.37,25.7,59.2,14.5
CHEM-TR-0299,img_train_0299_var01,train,1393.63,74.4,56.7,39.9,25.31,5.23,13.47,30.0,47.5,29.0,70.99,0.1,53.22,24.0,61.5,8.7
CHEM-TR-0299,img_train_0299_var02,train,1393.63,69.6,52.3,36.7,23.33,5.32,12.83,30.0,47.8,27.1,72.93,0.1,49.43,29.4,55.6,30.5
CHEM-TR-0299,img_train_0299_var05,train,1393.63,72.5,55.6,37.8,24.71,4.71,14.0,30.0,48.6,28.2,71.59,0.959,1.43,19.1,58.8,20.2
CHEM-TR-0299,img_train_0299_var06,train,1393.63,69.8,52.7,36.4,23.47,5.14,13.19,30.0,47.8,27.1,72.8,0.1,49.88,21.1,44.6,27.6
CHEM-TR-0299,img_train_0299_var07,train,1393.63,68.5,52.1,35.7,23.14,4.74,13.19,30.0,48.6,26.7,73.1,0.1,32.04,20.8,74.6,9.2
CHEM-TR-0299,img_train_0299_var09,train,1393.63,74.1,56.2,38.8,25.11,5.28,13.89,30.0,48.6,29.0,71.22,0.952,1.69,33.5,48.7,10.0
CHEM-TR-0299,img_train_0299_var10,train,1393.63,60.5,44.0,28.8,19.51,5.21,12.79,30.0,53.3,23.5,76.73,0.1,46.43,19.7,71.9,17.4
CHEM-TR-0300,img_train_0300_var01,train,1367.51,76.5,56.8,39.9,25.61,6.16,13.94,28.0,48.6,29.8,70.79,0.982,0.64,30.0,46.4,15.0
CHEM-TR-0300,img_train_0300_var02,train,1367.51,71.0,53.4,37.0,23.87,5.3,13.39,30.0,49.4,27.8,72.42,0.1,48.32,19.3,55.5,35.1
CHEM-TR-0300,img_train_0300_var03,train,1367.51,92.4,92.5,169.8,42.66,20.68,-41.6,240.0,45.5,66.3,76.24,0.1,53.58,21.3,41.1,36.6
CHEM-TR-0300,img_train_0300_var05,train,1367.51,74.5,55.4,38.4,24.92,5.91,13.9,28.0,48.6,29.0,71.45,0.957,1.49,31.6,40.6,21.0
CHEM-TR-0300,img_train_0300_var07,train,1367.51,70.2,52.0,36.1,23.33,5.71,13.2,28.0,48.6,27.5,72.98,0.1,33.42,29.4,79.5,13.7
CHEM-TR-0300,img_train_0300_var08,train,1367.51,77.0,63.0,49.0,27.72,3.67,10.87,30.0,36.5,30.2,68.38,0.1,47.81,29.8,53.6,7.1
CHEM-TR-0300,img_train_0300_var09,train,1367.51,70.9,53.2,36.2,23.76,5.32,13.72,30.0,48.6,27.5,72.55,0.1,45.79,31.4,49.6,21.7
CHEM-TR-0300,img_train_0300_var10,train,1367.51,61.9,44.3,29.2,19.79,5.79,12.94,28.0,52.5,23.9,76.49,0.1,46.31,34.4,65.6,21.6
CHEM-TR-0301,img_train_0301_var05,train,1774.32,54.5,38.8,26.2,17.05,5.39,11.18,26.0,51.8,21.2,79.13,0.1,39.35,33.5,45.7,13.8
CHEM-TR-0301,img_train_0301_var07,train,1774.32,54.9,38.5,24.1,16.95,5.56,12.48,28.0,55.7,21.2,79.29,0.1,37.32,27.7,79.0,24.5
CHEM-TR-0301,img_train_0301_var08,train,1774.32,61.0,48.0,36.0,20.96,3.82,9.92,28.0,41.2,23.9,75.12,0.1,52.75,25.1,30.9,38.2
CHEM-TR-0301,img_train_0301_var09,train,1774.32,55.6,39.5,26.7,17.42,5.54,11.39,26.0,52.5,21.6,78.78,0.1,48.05,21.8,55.6,24.6
CHEM-TR-0301,img_train_0301_var10,train,1774.32,44.9,29.7,16.7,12.67,5.44,11.49,28.0,63.5,17.3,83.51,0.1,48.79,19.5,46.2,4.6
CHEM-TR-0302,img_train_0302_var01,train,97.18,221.7,213.0,192.3,85.46,-0.48,11.34,44.0,12.9,86.7,10.84,0.551,15.72,29.5,77.0,4.7
CHEM-TR-0302,img_train_0302_var02,train,97.18,230.7,212.6,191.5,86.06,2.85,12.71,32.0,16.9,90.2,10.87,0.981,0.65,29.9,77.2,12.3
CHEM-TR-0302,img_train_0302_var04,train,97.18,224.8,224.3,214.9,89.08,-1.47,4.65,60.0,4.3,87.8,8.41,0.996,0.15,33.1,31.4,32.2
CHEM-TR-0302,img_train_0302_var05,train,97.18,220.4,210.9,192.3,84.8,0.17,10.38,38.0,12.5,86.3,11.29,0.952,1.69,28.8,52.2,35.1
CHEM-TR-0302,img_train_0302_var06,train,97.18,220.3,212.4,192.4,85.19,-0.67,10.88,42.0,12.5,86.3,11.03,0.626,13.09,21.2,45.3,9.3
CHEM-TR-0302,img_train_0302_var07,train,97.18,221.9,213.4,193.7,85.61,-0.4,10.81,42.0,12.5,86.7,10.58,0.97,1.05,24.3,70.1,38.4
CHEM-TR-0302,img_train_0302_var09,train,97.18,220.5,211.8,192.6,85.07,-0.24,10.57,40.0,12.5,86.3,11.07,0.678,11.28,28.1,77.2,36.0
CHEM-TR-0302,img_train_0302_var10,train,97.18,224.4,215.7,196.3,86.44,-0.29,10.65,40.0,12.5,87.8,9.73,0.982,0.64,23.1,52.2,4.0
CHEM-TR-0303,img_train_0303_var01,train,441.97,158.5,143.1,119.0,60.18,1.78,14.93,38.0,25.5,62.0,36.33,0.986,0.49,21.3,62.2,10.4
CHEM-TR-0303,img_train_0303_var02,train,441.97,155.0,140.0,118.1,59.0,1.97,13.74,34.0,23.5,60.4,37.33,0.326,23.58,34.0,49.8,27.9
CHEM-TR-0303,img_train_0303_var03,train,441.97,165.0,150.7,166.1,63.99,8.14,-6.16,292.0,9.8,65.1,36.23,0.213,27.56,24.4,70.2,24.6
CHEM-TR-0303,img_train_0303_var04,train,441.97,166.3,145.5,123.1,61.64,4.16,14.73,30.0,25.9,65.1,35.03,0.983,0.6,28.1,76.2,33.4
CHEM-TR-0303,img_train_0303_var05,train,441.97,158.7,141.8,118.0,59.82,2.46,14.98,34.0,25.5,62.0,36.72,0.959,1.44,31.4,78.2,5.8
CHEM-TR-0303,img_train_0303_var06,train,441.97,155.4,140.4,118.4,59.15,1.97,13.81,36.0,23.9,60.8,37.19,0.294,24.7,34.5,52.1,22.0
CHEM-TR-0303,img_train_0303_var07,train,441.97,158.8,142.4,118.7,60.0,2.26,14.87,36.0,25.5,62.0,36.52,0.901,3.47,20.4,57.3,28.1
CHEM-TR-0303,img_train_0303_var08,train,441.97,168.0,164.0,152.0,67.38,-0.72,6.74,46.0,9.4,65.9,28.74,0.988,0.43,31.7,54.1,32.9
CHEM-TR-0303,img_train_0303_var09,train,441.97,158.0,142.4,118.1,59.93,1.83,15.09,36.0,24.7,61.6,36.6,0.946,1.88,21.7,40.7,4.8
CHEM-TR-0303,img_train_0303_var10,train,441.97,161.1,143.7,120.6,60.62,2.75,14.68,34.0,25.5,63.1,35.9,0.336,23.22,27.5,65.9,36.3
CHEM-TR-0304,img_train_0304_var01,train,746.25,121.6,103.2,79.7,44.84,3.52,16.02,34.0,34.9,47.5,51.73,0.1,36.38,23.8,63.1,6.4
CHEM-TR-0304,img_train_0304_var02,train,746.25,122.1,102.8,80.2,44.8,4.09,15.67,32.0,34.5,47.8,51.76,0.1,41.91,26.8,47.5,5.0
CHEM-TR-0304,img_train_0304_var03,train,746.25,121.9,110.3,137.5,48.46,10.16,-13.27,264.0,19.6,53.7,53.38,0.1,42.12,27.7,53.2,13.9
CHEM-TR-0304,img_train_0304_var04,train,746.25,128.1,105.8,82.5,46.28,5.22,16.43,30.0,36.1,50.2,50.49,0.1,43.34,24.6,41.3,34.9
CHEM-TR-0304,img_train_0304_var05,train,746.25,121.1,102.0,78.8,44.43,3.93,15.98,34.0,35.7,47.5,52.15,0.254,26.11,29.4,78.4,16.9
CHEM-TR-0304,img_train_0304_var06,train,746.25,121.2,103.0,79.6,44.73,3.53,15.89,32.0,34.9,47.5,51.82,0.984,0.56,19.8,54.7,23.6
CHEM-TR-0304,img_train_0304_var07,train,746.25,117.6,100.5,78.6,43.64,3.26,14.97,34.0,33.3,45.9,52.77,0.335,23.28,24.7,67.4,20.6
CHEM-TR-0304,img_train_0304_var08,train,746.25,133.0,116.0,105.0,50.09,4.71,8.51,24.0,21.2,52.2,46.11,0.1,42.56,23.1,66.5,9.7
CHEM-TR-0304,img_train_0304_var09,train,746.25,121.2,101.8,78.8,44.37,4.1,15.9,32.0,35.7,47.5,52.21,0.916,2.93,27.8,50.3,9.8
CHEM-TR-0304,img_train_0304_var10,train,746.25,112.0,94.5,72.2,41.22,3.5,15.42,34.0,35.7,43.9,55.24,0.1,35.86,28.4,33.3,18.4
CHEM-TR-0305,img_train_0305_var01,train,138.87,210.2,201.5,180.9,81.33,-0.44,11.37,42.0,14.1,82.4,14.89,0.6,14.01,29.4,63.7,33.8
CHEM-TR-0305,img_train_0305_var02,train,138.87,215.2,202.4,181.4,81.99,0.96,12.12,38.0,15.7,84.3,14.36,0.983,0.59,22.3,68.1,18.2
CHEM-TR-0305,img_train_0305_var03,train,138.87,208.3,200.1,174.8,80.68,-1.37,13.7,46.0,16.5,81.6,16.13,0.931,2.42,20.0,60.2,38.3
CHEM-TR-0305,img_train_0305_var04,train,138.87,224.8,221.7,203.5,88.16,-2.07,9.33,52.0,9.4,87.8,8.26,0.997,0.1,31.2,61.4,38.8
CHEM-TR-0305,img_train_0305_var05,train,138.87,212.1,202.8,181.8,81.85,-0.3,11.67,40.0,14.5,83.1,14.42,0.957,1.52,33.5,69.1,4.3
CHEM-TR-0305,img_train_0305_var06,train,138.87,210.4,201.7,181.4,81.41,-0.42,11.23,42.0,13.7,82.4,14.79,0.645,12.43,25.1,75.1,9.3
CHEM-TR-0305,img_train_0305_var07,train,138.87,209.6,201.4,180.1,81.24,-0.76,11.67,44.0,13.7,82.0,15.05,0.966,1.2,33.0,51.0,38.2
CHEM-TR-0305,img_train_0305_var09,train,138.87,213.0,202.4,181.3,81.79,0.2,11.85,40.0,14.9,83.5,14.5,0.662,11.83,22.8,48.6,12.2
CHEM-TR-0305,img_train_0305_var10,train,138.87,214.3,204.9,183.7,82.6,-0.28,11.72,40.0,14.5,83.9,13.7,0.47,18.55,27.2,54.1,27.7
CHEM-TR-0306,img_train_0306_var01,train,165.65,207.0,195.5,174.1,79.37,0.46,12.22,38.0,16.1,81.2,16.94,0.566,15.19,30.0,38.9,16.6
CHEM-TR-0306,img_train_0306_var02,train,165.65,203.9,194.3,173.3,78.8,-0.2,11.79,42.0,14.9,79.6,17.44,0.978,0.76,20.6,51.4,19.5
CHEM-TR-0306,img_train_0306_var03,train,165.65,207.8,194.5,188.4,79.51,3.61,4.72,18.0,9.0,81.2,17.32,0.613,13.54,23.0,46.8,18.3
CHEM-TR-0306,img_train_0306_var04,train,165.65,222.0,213.3,189.8,85.5,-0.93,12.7,46.0,14.5,86.7,11.22,0.649,12.29,27.7,60.3,38.3
CHEM-TR-0306,img_train_0306_var05,train,165.65,207.1,196.2,172.7,79.52,-0.07,13.16,42.0,16.9,81.2,17.01,0.959,1.43,19.9,70.7,19.6
CHEM-TR-0306,img_train_0306_var06,train,165.65,206.5,195.6,173.5,79.34,0.14,12.48,40.0,16.1,80.8,17.02,0.534,16.32,27.4,55.0,25.8
CHEM-TR-0306,img_train_0306_var07,train,165.65,207.8,196.2,175.1,79.63,0.59,12.05,40.0,15.3,81.2,16.65,0.56,15.39,32.9,42.6,26.0
CHEM-TR-0306,img_train_0306_var09,train,165.65,206.7,196.4,174.0,79.58,-0.14,12.56,42.0,16.1,80.8,16.81,0.934,2.31,21.7,45.3,30.7
CHEM-TR-0306,img_train_0306_var10,train,165.65,195.9,187.5,168.3,76.27,-0.3,10.78,42.0,13.7,76.5,19.83,0.977,0.82,21.1,73.2,15.7
CHEM-TR-0307,img_train_0307_var01,train,357.92,172.2,156.4,133.3,65.29,2.03,14.2,36.0,22.7,67.5,31.18,0.987,0.46,26.2,62.1,16.9
CHEM-TR-0307,img_train_0307_var02,train,357.92,167.9,153.6,132.0,64.14,1.63,13.25,36.0,20.8,65.5,32.16,0.978,0.76,30.7,77.1,9.2
CHEM-TR-0307,img_train_0307_var03,train,357.92,164.8,150.3,112.4,62.58,-0.6,21.99,44.0,31.8,64.3,35.87,0.977,0.81,24.6,55.6,21.1
CHEM-TR-0307,img_train_0307_var04,train,357.92,187.7,170.2,145.7,70.56,2.33,14.96,36.0,22.4,73.3,26.19,0.988,0.41,27.5,57.0,13.7
CHEM-TR-0307,img_train_0307_var05,train,357.92,172.3,156.4,131.7,65.27,1.78,15.05,36.0,23.9,67.5,31.35,0.955,1.58,32.7,32.7,11.0
CHEM-TR-0307,img_train_0307_var06,train,357.92,167.5,154.7,131.8,64.38,0.89,13.7,38.0,21.6,65.5,31.97,0.444,19.46,26.6,67.0,5.5
CHEM-TR-0307,img_train_0307_var07,train,357.92,172.0,157.4,133.1,65.53,1.35,14.66,36.0,22.7,67.5,31.0,0.928,2.51,21.0,70.3,20.6
CHEM-TR-0307,img_train_0307_var08,train,357.92,175.0,175.0,164.0,71.18,-2.01,5.64,60.0,6.3,68.6,25.17,0.955,1.56,33.7,59.1,35.8
CHEM-TR-0307,img_train_0307_var09,train,357.92,166.8,155.1,132.6,64.43,0.52,13.33,40.0,20.4,65.1,31.87,0.496,17.66,27.7,31.7,7.1
CHEM-TR-0307,img_train_0307_var10,train,357.92,157.9,145.8,124.9,60.99,0.95,12.7,38.0,21.2,61.6,35.21,0.977,0.8,26.9,55.2,11.7
CHEM-TR-0308,img_train_0308_var01,train,0.0,244.6,240.0,221.3,94.69,-1.57,9.55,46.0,9.4,95.7,2.51,0.465,18.73,21.6,60.7,6.7
CHEM-TR-0308,img_train_0308_var02,train,0.0,244.2,239.9,221.9,94.65,-1.55,9.18,46.0,9.4,95.7,2.46,0.988,0.41,25.3,49.6,20.4
CHEM-TR-0308,img_train_0308_var03,train,0.0,244.5,238.9,214.7,94.27,-2.1,12.36,48.0,12.2,95.7,4.59,0.989,0.4,34.6,42.1,10.3
CHEM-TR-0308,img_train_0308_var05,train,0.0,243.2,239.0,221.9,94.35,-1.47,8.74,46.0,9.0,95.3,2.58,0.956,1.54,26.5,45.2,20.7
CHEM-TR-0308,img_train_0308_var06,train,0.0,243.8,239.7,223.0,94.61,-1.45,8.56,48.0,8.2,95.3,2.43,0.554,15.6,33.0,32.1,18.4
CHEM-TR-0308,img_train_0308_var07,train,0.0,246.4,241.9,225.7,95.4,-1.24,8.35,46.0,8.6,96.5,1.95,0.291,24.81,31.9,40.2,34.5
CHEM-TR-0308,img_train_0308_var09,train,0.0,244.6,239.3,222.8,94.56,-0.98,8.6,46.0,9.0,95.7,2.1,0.589,14.39,22.5,58.1,4.2
CHEM-TR-0308,img_train_0308_var10,train,0.0,233.3,231.3,216.9,91.56,-1.81,7.23,52.0,7.5,91.4,5.31,0.175,28.89,22.3,32.8,26.9
CHEM-TR-0309,img_train_0309_var01,train,1140.34,89.5,69.7,51.0,31.17,5.59,14.49,28.0,42.7,34.9,65.26,0.982,0.62,26.5,79.9,25.9
CHEM-TR-0309,img_train_0309_var02,train,1140.34,83.3,65.2,48.0,29.09,5.05,13.47,30.0,43.5,32.5,67.21,0.1,42.24,24.1,48.1,6.8
CHEM-TR-0309,img_train_0309_var03,train,1140.34,88.4,79.4,105.2,35.54,9.46,-13.52,260.0,24.7,41.2,65.14,0.98,0.68,21.4,42.9,10.2
CHEM-TR-0309,img_train_0309_var05,train,1140.34,87.8,69.3,49.8,30.85,4.86,14.77,32.0,43.5,34.1,65.55,0.962,1.33,30.7,59.3,9.9
CHEM-TR-0309,img_train_0309_var06,train,1140.34,89.4,70.0,51.1,31.25,5.35,14.55,28.0,42.7,34.9,65.17,0.1,51.26,26.0,42.6,10.9
CHEM-TR-0309,img_train_0309_var07,train,1140.34,88.1,68.8,49.1,30.71,5.25,15.03,30.0,44.3,34.5,65.74,0.965,1.22,20.7,68.9,26.9
CHEM-TR-0309,img_train_0309_var08,train,1140.34,92.0,78.0,65.0,34.2,3.57,9.87,28.0,29.4,36.1,61.88,0.1,45.39,23.8,34.8,21.6
CHEM-TR-0309,img_train_0309_var09,train,1140.34,87.7,68.4,49.9,30.59,5.36,14.37,30.0,43.5,34.1,65.81,0.939,2.12,22.4,61.8,26.0
CHEM-TR-0309,img_train_0309_var10,train,1140.34,86.2,68.8,49.3,30.52,4.33,14.65,30.0,43.1,33.7,65.83,0.1,47.7,28.2,74.4,16.6
CHEM-TR-0310,img_train_0310_var01,train,943.61,99.1,80.4,61.0,35.57,4.73,14.33,30.0,38.4,38.8,60.81,0.1,44.21,20.3,41.4,8.0
CHEM-TR-0310,img_train_0310_var02,train,943.61,102.0,83.3,63.4,36.78,4.59,14.54,30.0,38.4,40.0,59.62,0.978,0.77,24.5,31.5,19.1
CHEM-TR-0310,img_train_0310_var03,train,943.61,103.8,83.7,31.1,36.62,1.82,32.95,44.0,69.8,40.4,64.04,0.1,51.09,30.3,42.1,30.4
CHEM-TR-0310,img_train_0310_var04,train,943.61,102.8,79.8,59.9,35.81,6.6,15.42,28.0,42.4,40.0,60.84,0.1,52.35,26.4,70.0,37.3
CHEM-TR-0310,img_train_0310_var05,train,943.61,102.7,81.6,61.0,36.34,5.56,15.44,30.0,40.4,40.0,60.22,0.96,1.41,34.1,50.6,31.6
CHEM-TR-0310,img_train_0310_var06,train,943.61,103.3,83.5,63.0,36.97,4.96,15.1,30.0,40.0,40.4,59.51,0.986,0.49,27.0,61.0,27.4
CHEM-TR-0310,img_train_0310_var07,train,943.61,99.0,80.0,59.5,35.42,4.67,15.08,32.0,39.6,38.4,61.03,0.22,27.28,35.0,65.5,31.8
CHEM-TR-0310,img_train_0310_var08,train,943.61,107.0,95.0,78.0,40.99,1.86,11.51,36.0,27.1,42.0,55.08,0.1,40.06,22.9,71.0,12.7
CHEM-TR-0310,img_train_0310_var09,train,943.61,101.8,83.2,61.1,36.69,4.23,15.83,34.0,39.6,39.6,59.82,0.922,2.72,29.4,68.0,36.4
CHEM-TR-0310,img_train_0310_var10,train,943.61,90.8,71.7,51.9,31.95,5.02,14.98,30.0,43.1,35.3,64.49,0.1,41.69,30.8,41.6,34.3
CHEM-TR-0311,img_train_0311_var01,train,1099.11,86.4,68.7,49.3,30.52,4.49,14.61,30.0,43.1,33.7,65.84,0.1,45.7,21.0,68.2,23.2
CHEM-TR-0311,img_train_0311_var02,train,1099.11,89.3,72.0,52.3,31.87,4.19,14.62,32.0,41.6,34.9,64.48,0.98,0.69,27.7,66.4,23.5
CHEM-TR-0311,img_train_0311_var03,train,1099.11,92.3,78.0,96.7,35.2,9.84,-8.71,288.0,19.6,37.6,64.01,0.982,0.64,33.1,64.8,4.6
CHEM-TR-0311,img_train_0311_var05,train,1099.11,86.5,67.8,49.2,30.24,5.14,14.35,30.0,43.1,33.7,66.14,0.166,29.2,25.9,50.9,14.1
CHEM-TR-0311,img_train_0311_var06,train,1099.11,92.0,72.6,52.7,32.36,5.13,15.04,30.0,43.5,36.1,64.09,0.1,53.94,31.6,52.7,28.1
CHEM-TR-0311,img_train_0311_var07,train,1099.11,91.6,71.3,51.3,31.91,5.54,15.34,30.0,43.9,35.7,64.6,0.966,1.2,31.5,57.1,37.5
CHEM-TR-0311,img_train_0311_var08,train,1099.11,135.6,109.7,135.2,49.55,14.98,-10.16,300.0,19.2,52.9,52.29,0.1,43.61,22.6,50.7,12.1
CHEM-TR-0311,img_train_0311_var09,train,1099.11,86.4,68.4,49.3,30.41,4.67,14.48,30.0,43.1,33.7,65.95,0.1,40.03,22.7,44.8,37.9
CHEM-TR-0311,img_train_0311_var10,train,1099.11,89.2,71.6,50.5,31.69,4.19,15.48,32.0,43.9,34.9,64.74,0.1,41.43,34.9,50.6,10.2
CHEM-TR-0312,img_train_0312_var01,train,605.12,137.9,118.3,95.9,51.01,3.98,15.19,32.0,30.6,53.7,45.55,0.982,0.62,33.1,44.1,20.2
CHEM-TR-0312,img_train_0312_var02,train,605.12,133.1,115.8,94.5,49.8,3.26,14.25,32.0,29.4,52.2,46.58,0.194,28.19,32.4,60.7,36.1
CHEM-TR-0312,img_train_0312_var03,train,605.12,138.0,118.9,97.0,51.19,3.88,14.76,32.0,29.0,53.7,45.3,0.1,37.11,31.6,61.8,28.1
CHEM-TR-0312,img_train_0312_var04,train,605.12,142.2,120.4,98.1,52.04,4.95,15.39,30.0,31.0,55.7,44.64,0.1,38.06,19.7,52.2,7.3
CHEM-TR-0312,img_train_0312_var05,train,605.12,133.7,114.6,94.1,49.54,4.12,14.12,30.0,29.4,52.2,46.88,0.399,21.02,34.3,48.2,34.3
CHEM-TR-0312,img_train_0312_var06,train,605.12,133.2,115.7,94.7,49.78,3.4,14.14,32.0,29.4,52.2,46.6,0.1,32.42,19.8,54.2,33.0
CHEM-TR-0312,img_train_0312_var07,train,605.12,137.2,118.9,95.9,51.08,3.4,15.24,32.0,30.6,53.7,45.44,0.365,22.21,22.7,70.3,22.5
CHEM-TR-0312,img_train_0312_var08,train,605.12,142.0,130.0,118.0,55.1,2.43,8.14,30.0,16.9,55.7,40.95,0.1,37.55,27.9,30.8,14.8
CHEM-TR-0312,img_train_0312_var09,train,605.12,137.8,118.3,95.1,50.96,3.86,15.6,32.0,30.6,53.7,45.64,0.953,1.65,34.9,79.7,29.4
CHEM-TR-0312,img_train_0312_var10,train,605.12,122.0,105.4,85.0,45.59,3.2,13.9,34.0,30.6,47.5,50.72,0.166,29.19,26.4,49.6,5.8
CHEM-TR-0313,img_train_0313_var01,train,1477.88,65.3,49.6,34.1,21.93,4.66,12.56,30.0,47.8,25.5,74.27,0.1,53.92,33.0,77.0,5.1
CHEM-TR-0313,img_train_0313_var02,train,1477.88,67.4,53.1,35.5,23.3,3.55,13.53,34.0,47.8,26.3,72.9,0.1,51.54,29.0,57.5,33.2
CHEM-TR-0313,img_train_0313_var05,train,1477.88,69.2,52.3,36.5,23.29,5.07,12.9,30.0,47.8,27.1,72.96,0.961,1.37,33.1,45.9,29.3
CHEM-TR-0313,img_train_0313_var06,train,1477.88,70.3,54.0,36.2,23.93,4.46,13.96,30.0,48.6,27.5,72.35,0.985,0.53,28.6,76.8,29.9
CHEM-TR-0313,img_train_0313_var07,train,1477.88,64.8,47.2,30.4,21.06,5.49,13.87,30.0,52.9,25.1,75.26,0.1,33.72,32.0,41.0,38.0
CHEM-TR-0313,img_train_0313_var09,train,1477.88,69.2,51.9,35.4,23.13,5.2,13.43,28.0,49.4,27.1,73.16,0.947,1.87,29.1,47.8,10.5
CHEM-TR-0313,img_train_0313_var10,train,1477.88,56.3,40.8,24.6,17.88,4.77,13.38,30.0,57.3,22.0,78.36,0.1,45.85,30.2,64.6,11.4
CHEM-TR-0314,img_train_0314_var01,train,618.03,131.8,115.0,92.4,49.41,2.87,14.92,34.0,29.8,51.4,47.02,0.1,32.14,22.2,35.3,33.2
CHEM-TR-0314,img_train_0314_var02,train,618.03,136.6,117.8,93.5,50.68,3.39,16.12,34.0,31.8,53.3,45.97,0.1,32.79,31.4,79.3,16.0
CHEM-TR-0314,img_train_0314_var03,train,618.03,135.0,117.5,66.9,49.98,-0.37,30.25,44.0,50.6,52.5,50.7,0.1,40.36,19.9,44.7,9.6
CHEM-TR-0314,img_train_0314_var04,train,618.03,141.2,118.6,95.4,51.4,5.14,16.06,30.0,32.5,55.3,45.39,0.1,38.09,30.1,66.8,11.7
CHEM-TR-0314,img_train_0314_var05,train,618.03,131.5,114.0,91.7,49.1,3.19,14.94,34.0,30.6,51.4,47.35,0.408,20.71,33.0,57.1,34.4
CHEM-TR-0314,img_train_0314_var06,train,618.03,135.9,118.0,93.7,50.66,3.07,15.95,34.0,31.0,52.9,45.94,0.1,34.4,29.8,44.1,12.3
CHEM-TR-0314,img_train_0314_var07,train,618.03,133.1,115.9,92.3,49.79,2.82,15.54,34.0,31.0,52.2,46.73,0.402,20.92,19.4,50.4,14.5
CHEM-TR-0314,img_train_0314_var08,train,618.03,149.0,132.0,120.0,56.34,4.39,8.83,24.0,19.6,58.4,39.85,0.1,37.35,34.0,53.4,20.3
CHEM-TR-0314,img_train_0314_var09,train,618.03,135.0,116.8,92.9,50.24,3.18,15.84,34.0,31.4,52.5,46.35,0.951,1.71,20.7,30.3,8.9
CHEM-TR-0314,img_train_0314_var10,train,618.03,124.3,108.3,85.6,46.66,2.6,15.01,36.0,31.4,48.6,49.75,0.1,31.74,29.7,32.6,34.2
CHEM-TR-0315,img_train_0315_var01,train,47.77,233.6,225.9,206.9,89.98,-0.57,10.2,42.0,11.8,91.4,6.23,0.545,15.91,19.5,67.1,11.4
CHEM-TR-0315,img_train_0315_var02,train,47.77,231.0,225.1,207.0,89.59,-1.09,9.56,46.0,9.8,90.2,6.63,0.977,0.82,24.4,38.9,12.8
CHEM-TR-0315,img_train_0315_var03,train,47.77,233.0,226.1,224.1,90.4,1.97,1.83,16.0,3.5,91.0,9.22,0.97,1.06,25.0,75.2,27.4
CHEM-TR-0315,img_train_0315_var05,train,47.77,230.9,225.1,207.2,89.56,-1.05,9.45,46.0,9.8,90.2,6.64,0.958,1.47,30.6,67.4,14.5
CHEM-TR-0315,img_train_0315_var06,train,47.77,231.1,225.3,207.7,89.65,-0.99,9.31,46.0,10.2,90.6,6.53,0.594,14.2,28.2,55.1,11.4
CHEM-TR-0315,img_train_0315_var07,train,47.77,232.0,225.5,209.0,89.8,-0.58,8.82,44.0,9.4,90.6,6.3,0.962,1.33,26.2,78.1,13.3
CHEM-TR-0315,img_train_0315_var09,train,47.77,233.1,227.3,208.0,90.32,-1.25,10.13,46.0,11.0,91.4,6.05,0.943,2.0,27.8,40.3,10.2
CHEM-TR-0315,img_train_0315_var10,train,47.77,234.6,229.0,211.2,90.94,-1.12,9.33,46.0,9.8,91.8,5.32,0.977,0.81,30.7,44.6,20.8
CHEM-TR-0316,img_train_0316_var01,train,1632.92,64.3,48.1,32.9,21.33,5.0,12.53,30.0,50.2,25.1,74.89,0.985,0.51,30.4,55.8,38.4
CHEM-TR-0316,img_train_0316_var05,train,1632.92,58.6,41.7,28.2,18.53,5.75,11.87,26.0,51.8,22.7,77.7,0.962,1.31,25.8,63.5,26.3
CHEM-TR-0316,img_train_0316_var07,train,1632.92,63.9,46.3,30.4,20.68,5.64,13.37,30.0,52.5,24.7,75.62,0.1,36.82,21.2,62.5,38.4
CHEM-TR-0316,img_train_0316_var09,train,1632.92,64.4,47.4,31.6,21.09,5.28,13.14,30.0,51.4,25.1,75.18,0.95,1.74,32.6,51.3,15.1
CHEM-TR-0316,img_train_0316_var10,train,1632.92,53.3,38.2,22.2,16.6,4.7,13.28,30.0,58.4,20.8,79.63,0.1,50.94,30.3,36.7,35.8
CHEM-TR-0317,img_train_0317_var01,train,1530.77,69.3,50.9,34.9,22.83,5.86,13.36,28.0,50.6,27.1,73.5,0.984,0.55,20.9,52.4,11.9
CHEM-TR-0317,img_train_0317_var02,train,1530.77,66.4,50.7,35.2,22.44,4.53,12.54,30.0,47.1,25.9,73.76,0.982,0.65,29.0,55.3,22.1
CHEM-TR-0317,img_train_0317_var05,train,1530.77,62.5,45.7,28.8,20.28,5.12,13.89,30.0,54.9,24.3,76.02,0.961,1.37,21.2,43.7,19.8
CHEM-TR-0317,img_train_0317_var06,train,1530.77,69.3,51.6,34.8,23.07,5.37,13.69,30.0,50.6,27.1,73.24,0.1,53.17,24.2,38.6,25.0
CHEM-TR-0317,img_train_0317_var07,train,1530.77,62.3,45.8,28.8,20.29,4.93,13.84,30.0,54.9,24.3,75.99,0.1,44.87,34.1,51.9,19.6
CHEM-TR-0317,img_train_0317_var08,train,1530.77,73.0,57.0,43.0,25.31,4.76,11.42,28.0,41.2,28.6,70.86,0.1,51.92,23.5,71.3,22.6
CHEM-TR-0317,img_train_0317_var09,train,1530.77,62.1,46.9,30.4,20.63,4.33,13.22,30.0,51.8,24.3,75.59,0.1,47.46,24.9,46.5,27.3
CHEM-TR-0317,img_train_0317_var10,train,1530.77,54.1,38.6,23.4,16.88,4.92,12.88,30.0,57.3,21.2,79.34,0.1,43.9,19.5,31.0,27.3
CHEM-TR-0318,img_train_0318_var01,train,837.05,107.7,90.3,67.9,39.48,3.5,15.55,34.0,37.3,42.0,56.98,0.1,39.79,25.6,59.3,33.2
CHEM-TR-0318,img_train_0318_var02,train,837.05,107.8,89.5,67.9,39.28,4.03,15.29,34.0,37.3,42.0,57.18,0.1,37.05,31.5,35.2,8.4
CHEM-TR-0318,img_train_0318_var03,train,837.05,112.8,92.8,69.4,40.77,4.51,16.5,32.0,38.4,43.9,55.88,0.984,0.56,33.8,59.6,36.3
CHEM-TR-0318,img_train_0318_var04,train,837.05,113.7,90.8,68.6,40.3,5.97,16.35,30.0,40.0,44.3,56.45,0.1,48.45,34.9,71.9,12.9
CHEM-TR-0318,img_train_0318_var05,train,837.05,106.9,88.7,67.0,38.92,3.99,15.35,34.0,37.6,41.6,57.54,0.2,27.99,20.2,75.4,5.8
CHEM-TR-0318,img_train_0318_var06,train,837.05,112.6,94.4,71.0,41.23,3.64,16.13,34.0,36.5,43.9,55.32,0.986,0.5,32.8,41.6,37.9
CHEM-TR-0318,img_train_0318_var07,train,837.05,107.8,89.0,68.0,39.15,4.3,15.06,32.0,36.5,42.0,57.3,0.1,33.59,20.5,78.5,8.5
CHEM-TR-0318,img_train_0318_var08,train,837.05,117.0,104.0,90.0,44.83,2.68,9.77,32.0,23.1,45.9,51.22,0.1,47.21,30.2,76.4,33.1
CHEM-TR-0318,img_train_0318_var09,train,837.05,106.8,89.6,68.0,39.22,3.52,15.16,34.0,36.9,41.6,57.19,0.1,35.67,21.5,38.6,32.3
CHEM-TR-0318,img_train_0318_var10,train,837.05,102.6,85.3,62.8,37.4,3.56,15.75,34.0,39.2,40.0,59.07,0.1,32.94,23.6,52.5,8.0
CHEM-TR-0319,img_train_0319_var01,train,358.39,172.0,156.6,132.8,65.31,1.71,14.55,36.0,22.7,67.1,31.21,0.986,0.48,33.3,63.2,22.1
CHEM-TR-0319,img_train_0319_var02,train,358.39,172.9,157.2,132.5,65.53,1.75,15.01,38.0,23.1,67.5,31.08,0.981,0.68,32.1,65.4,10.8
CHEM-TR-0319,img_train_0319_var03,train,358.39,183.9,183.1,234.4,76.09,10.96,-25.45,240.0,22.0,91.8,41.14,0.98,0.69,31.8,78.3,7.8
CHEM-TR-0319,img_train_0319_var04,train,358.39,183.1,167.2,143.6,69.32,1.9,14.3,36.0,22.0,71.8,27.24,0.991,0.31,22.6,72.2,6.8
CHEM-TR-0319,img_train_0319_var05,train,358.39,167.8,152.4,131.2,63.78,2.18,13.21,34.0,21.6,65.5,32.54,0.964,1.25,34.9,43.0,6.1
CHEM-TR-0319,img_train_0319_var06,train,358.39,171.8,157.4,133.0,65.51,1.25,14.72,38.0,22.7,67.1,31.03,0.377,21.81,19.8,61.0,15.5
CHEM-TR-0319,img_train_0319_var07,train,358.39,167.6,153.8,131.1,64.14,1.27,13.78,36.0,21.6,65.5,32.23,0.966,1.19,24.0,35.9,22.5
CHEM-TR-0319,img_train_0319_var08,train,358.39,169.0,167.0,156.0,68.37,-1.29,5.94,50.0,7.8,66.3,27.86,0.983,0.6,34.2,55.5,20.1
CHEM-TR-0319,img_train_0319_var09,train,358.39,171.2,157.2,132.4,65.38,1.02,14.85,38.0,22.7,67.1,31.18,0.955,1.59,30.9,69.9,10.7
CHEM-TR-0319,img_train_0319_var10,train,358.39,159.4,146.9,125.9,61.45,1.05,12.81,38.0,21.6,62.4,34.76,0.478,18.27,28.8,47.5,23.2
CHEM-TR-0320,img_train_0320_var01,train,206.99,196.0,185.2,163.4,75.56,0.15,12.42,42.0,16.5,76.5,20.73,0.577,14.81,34.3,35.4,8.2
CHEM-TR-0320,img_train_0320_var02,train,206.99,203.0,186.4,163.4,76.47,2.16,13.81,34.0,19.6,79.6,20.18,0.983,0.59,30.5,52.3,10.3
CHEM-TR-0320,img_train_0320_var04,train,206.99,217.7,202.5,181.7,82.23,1.88,12.32,34.0,16.5,85.1,14.23,0.989,0.37,23.0,34.7,21.3
CHEM-TR-0320,img_train_0320_var05,train,206.99,199.1,186.0,163.9,76.03,0.99,12.86,36.0,18.0,78.0,20.35,0.966,1.18,21.4,76.4,34.7
CHEM-TR-0320,img_train_0320_var06,train,206.99,196.1,185.1,163.7,75.55,0.3,12.28,40.0,16.9,76.9,20.71,0.589,14.39,19.4,69.1,8.7
CHEM-TR-0320,img_train_0320_var07,train,206.99,199.7,187.5,164.8,76.49,0.56,13.06,40.0,17.6,78.0,19.93,0.967,1.14,24.4,57.8,11.7
CHEM-TR-0320,img_train_0320_var09,train,206.99,195.9,184.6,163.5,75.39,0.49,12.17,40.0,16.5,76.5,20.85,0.625,13.11,21.7,37.7,6.8
CHEM-TR-0320,img_train_0320_var10,train,206.99,196.3,185.9,165.2,75.82,0.19,11.86,38.0,15.7,76.9,20.38,0.977,0.8,33.0,72.2,38.5
CHEM-TR-0321,img_train_0321_var01,train,0.0,243.9,239.8,223.2,94.65,-1.46,8.54,48.0,8.2,95.3,2.42,0.539,16.12,33.8,56.7,7.4
CHEM-TR-0321,img_train_0321_var02,train,0.0,241.2,239.3,223.0,94.29,-2.12,8.11,54.0,7.8,94.5,3.25,0.986,0.5,21.2,50.2,19.2
CHEM-TR-0321,img_train_0321_var03,train,0.0,245.9,240.1,224.8,94.91,-0.63,8.1,46.0,8.6,96.1,1.81,0.94,2.11,32.5,56.0,9.2
CHEM-TR-0321,img_train_0321_var05,train,0.0,245.0,240.3,221.9,94.82,-1.52,9.45,50.0,9.4,95.7,2.38,0.96,1.4,30.9,75.6,4.2
CHEM-TR-0321,img_train_0321_var06,train,0.0,243.9,239.8,223.0,94.63,-1.48,8.6,48.0,8.2,95.3,2.44,0.531,16.42,23.5,44.3,24.1
CHEM-TR-0321,img_train_0321_var07,train,0.0,245.8,242.1,223.2,95.36,-1.94,9.57,52.0,9.0,96.1,2.59,0.966,1.18,28.0,74.8,9.1
CHEM-TR-0321,img_train_0321_var09,train,0.0,244.5,240.1,223.4,94.76,-1.33,8.61,48.0,8.6,95.7,2.24,0.933,2.34,27.2,62.6,38.0
CHEM-TR-0321,img_train_0321_var10,train,0.0,225.2,226.8,212.1,89.69,-3.11,7.01,64.0,6.3,88.6,7.54,0.986,0.48,26.0,56.7,5.4
CHEM-TR-0322,img_train_0322_var01,train,795.25,111.7,93.6,72.6,40.95,3.97,14.78,32.0,35.3,43.5,55.46,0.1,42.84,26.2,34.8,28.8
CHEM-TR-0322,img_train_0322_var02,train,795.25,116.6,97.2,74.3,42.51,4.21,15.94,32.0,36.1,45.5,54.07,0.1,36.11,30.0,34.1,36.4
CHEM-TR-0322,img_train_0322_var03,train,795.25,116.1,105.5,133.7,46.5,10.09,-14.04,264.0,21.2,52.2,55.44,0.982,0.64,27.5,50.7,28.7
CHEM-TR-0322,img_train_0322_var04,train,795.25,119.5,98.3,74.9,43.14,4.89,16.51,32.0,37.6,46.7,53.57,0.988,0.42,20.5,52.2,13.4
CHEM-TR-0322,img_train_0322_var05,train,795.25,116.3,96.8,74.1,42.39,4.27,15.92,32.0,36.1,45.5,54.19,0.193,28.25,21.0,76.5,38.4
CHEM-TR-0322,img_train_0322_var06,train,795.25,116.9,98.0,74.8,42.78,3.92,16.07,32.0,36.1,45.5,53.8,0.1,44.32,20.8,45.4,32.1
CHEM-TR-0322,img_train_0322_var07,train,795.25,116.3,96.1,74.3,42.18,4.7,15.5,32.0,36.1,45.5,54.37,0.224,27.16,22.9,35.9,25.6
CHEM-TR-0322,img_train_0322_var08,train,795.25,119.0,105.0,90.0,45.31,2.93,10.47,32.0,24.3,46.7,50.77,0.1,36.17,24.1,32.4,29.1
CHEM-TR-0322,img_train_0322_var09,train,795.25,111.3,94.5,72.9,41.17,3.29,14.89,34.0,35.3,43.5,55.22,0.1,33.79,19.5,40.2,8.1
CHEM-TR-0322,img_train_0322_var10,train,795.25,112.9,94.5,72.2,41.32,3.91,15.55,34.0,35.7,43.9,55.18,0.133,30.34,31.1,43.9,32.4
CHEM-TR-0323,img_train_0323_var01,train,1284.72,80.6,61.9,43.9,27.7,5.4,14.16,30.0,46.3,31.4,68.67,0.1,50.51,29.8,59.1,13.2
CHEM-TR-0323,img_train_0323_var02,train,1284.72,75.6,56.8,40.4,25.52,5.79,13.46,28.0,46.7,29.4,70.82,0.1,44.59,28.5,62.0,34.3
CHEM-TR-0323,img_train_0323_var03,train,1284.72,80.5,67.2,88.5,30.6,10.27,-10.51,278.0,23.9,34.5,68.94,0.982,0.62,25.2,67.0,23.1
CHEM-TR-0323,img_train_0323_var05,train,1284.72,79.7,60.0,42.1,26.99,5.93,14.39,28.0,46.7,31.0,69.43,0.961,1.37,34.0,46.0,7.8
CHEM-TR-0323,img_train_0323_var06,train,1284.72,75.6,58.2,41.1,25.94,4.96,13.53,30.0,45.5,29.4,70.35,0.1,48.79,19.2,67.1,27.1
CHEM-TR-0323,img_train_0323_var07,train,1284.72,79.7,59.9,41.8,26.95,5.97,14.54,28.0,48.2,31.0,69.49,0.969,1.1,26.0,30.5,23.7
CHEM-TR-0323,img_train_0323_var09,train,1284.72,78.9,60.8,42.5,27.14,5.11,14.29,30.0,46.3,30.6,69.22,0.948,1.84,33.4,40.8,33.5
CHEM-TR-0323,img_train_0323_var10,train,1284.72,79.2,59.4,40.9,26.75,5.89,14.8,30.0,49.4,31.0,69.7,0.1,40.88,24.4,71.0,27.3
CHEM-TR-0324,img_train_0324_var01,train,872.34,109.5,91.2,69.0,39.97,3.93,15.59,34.0,36.9,42.7,56.52,0.987,0.47,26.0,42.4,5.1
CHEM-TR-0324,img_train_0324_var02,train,872.34,109.4,90.5,67.8,39.73,4.14,16.01,32.0,38.4,42.7,56.82,0.979,0.72,29.5,67.7,36.9
CHEM-TR-0324,img_train_0324_var03,train,872.34,109.8,90.8,65.9,39.81,3.86,17.25,34.0,40.4,42.7,56.89,0.1,51.24,27.3,57.2,14.0
CHEM-TR-0324,img_train_0324_var04,train,872.34,111.9,90.7,68.4,40.07,5.21,16.13,30.0,38.8,43.5,56.58,0.995,0.18,24.4,36.5,29.3
CHEM-TR-0324,img_train_0324_var05,train,872.34,104.0,86.4,65.2,37.93,3.8,15.06,34.0,36.9,40.4,58.48,0.229,26.97,22.2,74.2,7.2
CHEM-TR-0324,img_train_0324_var06,train,872.34,105.4,87.3,66.4,38.36,4.07,14.95,32.0,37.3,41.2,58.06,0.1,39.44,27.5,79.2,20.2
CHEM-TR-0324,img_train_0324_var07,train,872.34,105.2,87.5,67.2,38.42,3.95,14.53,32.0,36.1,41.2,57.95,0.244,26.48,27.7,69.6,34.7
CHEM-TR-0324,img_train_0324_var08,train,872.34,115.0,104.0,88.0,44.59,1.52,10.6,36.0,23.5,45.1,51.45,0.1,47.93,30.2,63.1,36.5
CHEM-TR-0324,img_train_0324_var09,train,872.34,103.8,87.3,66.0,38.19,3.28,14.92,34.0,36.9,40.4,58.18,0.1,36.14,34.7,42.8,25.1
CHEM-TR-0324,img_train_0324_var10,train,872.34,99.7,81.3,60.0,35.89,4.27,15.43,34.0,40.4,38.8,60.57,0.1,33.66,25.3,58.2,17.5
CHEM-TR-0325,img_train_0325_var01,train,39.0,234.3,227.8,209.2,90.57,-0.91,9.85,44.0,10.6,91.8,5.67,0.583,14.59,30.6,54.9,24.7
CHEM-TR-0325,img_train_0325_var02,train,39.0,235.5,227.1,210.4,90.5,0.06,9.18,40.0,10.6,92.2,5.52,0.977,0.82,24.0,52.9,19.6
CHEM-TR-0325,img_train_0325_var03,train,39.0,234.8,222.2,197.1,88.93,0.22,13.88,40.0,15.7,91.8,8.6,0.982,0.64,20.4,48.1,28.6
CHEM-TR-0325,img_train_0325_var05,train,39.0,235.7,227.3,208.5,90.53,-0.27,10.17,42.0,11.4,92.2,5.65,0.954,1.62,26.2,71.4,30.7
CHEM-TR-0325,img_train_0325_var06,train,39.0,234.8,228.2,210.6,90.74,-0.73,9.39,46.0,10.2,91.8,5.42,0.61,13.65,24.5,75.5,36.2
CHEM-TR-0325,img_train_0325_var07,train,39.0,233.8,227.7,211.6,90.55,-0.65,8.56,44.0,9.4,91.4,5.59,0.965,1.21,24.7,38.5,10.1
CHEM-TR-0325,img_train_0325_var09,train,39.0,233.6,228.5,210.3,90.7,-1.32,9.5,46.0,9.8,91.4,5.63,0.64,12.61,24.3,64.7,27.4
CHEM-TR-0325,img_train_0325_var10,train,39.0,236.8,231.1,214.2,91.71,-0.94,8.92,46.0,9.4,92.5,4.53,0.205,27.84,34.5,63.4,14.4
CHEM-TR-0326,img_train_0326_var01,train,1105.28,86.8,69.0,49.5,30.65,4.51,14.7,32.0,43.1,33.7,65.72,0.1,50.39,27.6,44.1,22.4
CHEM-TR-0326,img_train_0326_var02,train,1105.28,89.2,72.4,51.2,31.95,3.75,15.4,34.0,42.7,34.9,64.45,0.979,0.72,30.3,35.0,36.5
CHEM-TR-0326,img_train_0326_var03,train,1105.28,102.9,86.9,117.9,39.56,13.1,-15.15,270.0,26.7,45.9,62.67,0.1,51.12,30.7,63.9,10.4
CHEM-TR-0326,img_train_0326_var05,train,1105.28,86.0,68.1,50.8,30.31,4.94,13.37,30.0,42.0,33.7,65.98,0.125,30.62,27.6,40.2,25.9
CHEM-TR-0326,img_train_0326_var06,train,1105.28,86.8,68.6,49.9,30.52,4.88,14.28,30.0,43.1,33.7,65.84,0.1,45.74,21.5,37.1,10.9
CHEM-TR-0326,img_train_0326_var07,train,1105.28,90.1,71.9,50.9,31.9,4.46,15.54,32.0,44.3,35.3,64.55,0.1,32.32,27.1,70.6,25.9
CHEM-TR-0326,img_train_0326_var09,train,1105.28,90.5,72.3,52.1,32.1,4.52,15.06,32.0,42.4,35.3,64.31,0.953,1.66,20.3,54.8,15.0
CHEM-TR-0326,img_train_0326_var10,train,1105.28,81.3,63.5,44.2,28.28,4.71,14.77,30.0,45.5,31.8,68.1,0.1,46.33,23.1,39.6,17.1
CHEM-TR-0327,img_train_0327_var01,train,73.75,225.5,217.8,199.7,87.13,-0.42,9.85,42.0,11.4,88.2,8.96,0.619,13.33,31.2,70.7,6.4
CHEM-TR-0327,img_train_0327_var02,train,73.75,225.2,217.4,198.7,87.0,-0.5,10.15,42.0,12.2,88.2,9.13,0.979,0.73,27.1,59.2,11.3
CHEM-TR-0327,img_train_0327_var03,train,73.75,226.5,219.3,214.6,87.95,1.63,3.2,26.0,5.5,88.6,9.99,0.977,0.8,26.9,51.2,16.6
CHEM-TR-0327,img_train_0327_var05,train,73.75,227.3,219.6,198.5,87.7,-0.88,11.31,44.0,12.9,89.0,8.73,0.962,1.33,26.4,57.3,36.3
CHEM-TR-0327,img_train_0327_var06,train,73.75,225.2,218.2,198.8,87.2,-0.87,10.41,44.0,12.2,88.2,9.02,0.589,14.39,26.1,65.1,12.3
CHEM-TR-0327,img_train_0327_var07,train,73.75,227.3,219.5,199.5,87.7,-0.68,10.77,42.0,12.2,89.0,8.57,0.967,1.17,30.1,51.6,8.5
CHEM-TR-0327,img_train_0327_var09,train,73.75,225.5,218.6,199.7,87.34,-0.84,10.16,44.0,11.4,88.2,8.84,0.665,11.73,21.2,39.8,17.1
CHEM-TR-0327,img_train_0327_var10,train,73.75,214.9,209.8,192.8,84.12,-1.19,9.08,46.0,10.2,83.9,12.0,0.285,25.02,24.4,34.7,35.5
CHEM-TR-0328,img_train_0328_var02,train,1916.35,51.1,36.4,23.1,15.76,4.89,11.55,28.0,54.9,20.0,80.4,0.1,54.09,25.9,72.8,36.0
CHEM-TR-0328,img_train_0328_var03,train,1916.35,57.9,47.0,70.2,21.49,10.37,-12.58,266.0,32.9,27.5,78.2,0.985,0.53,26.1,59.5,7.7
CHEM-TR-0328,img_train_0328_var05,train,1916.35,51.2,35.0,21.6,15.33,5.72,12.02,28.0,58.8,20.0,80.9,0.1,37.17,24.7,43.2,36.8
CHEM-TR-0328,img_train_0328_var06,train,1916.35,57.0,40.9,26.1,18.04,5.19,12.6,28.0,53.7,22.0,78.18,0.986,0.48,27.1,47.1,5.9
CHEM-TR-0328,img_train_0328_var07,train,1916.35,50.4,35.5,21.0,15.34,4.85,12.45,30.0,60.0,19.6,80.85,0.966,1.17,21.1,71.4,8.3
CHEM-TR-0328,img_train_0328_var08,train,1916.35,57.0,44.0,33.0,19.15,4.08,9.42,28.0,42.0,22.4,76.93,0.1,53.84,27.9,39.0,34.1
CHEM-TR-0328,img_train_0328_var09,train,1916.35,54.0,38.2,25.2,16.79,5.4,11.5,26.0,53.7,21.2,79.4,0.944,1.97,25.5,74.6,34.4
CHEM-TR-0328,img_train_0328_var10,train,1916.35,43.0,27.0,13.8,11.47,6.03,11.4,28.0,69.0,16.5,84.74,0.1,51.29,23.3,72.2,4.4
CHEM-TR-0329,img_train_0329_var01,train,699.54,126.7,108.0,85.0,46.81,3.71,15.63,34.0,33.3,49.4,49.74,0.1,41.38,24.8,74.4,37.9
CHEM-TR-0329,img_train_0329_var02,train,699.54,126.4,107.1,83.9,46.5,3.95,15.87,34.0,34.1,49.4,50.09,0.98,0.7,24.6,58.3,11.4
CHEM-TR-0329,img_train_0329_var03,train,699.54,118.3,100.4,59.2,43.32,1.21,25.91,42.0,50.2,46.3,55.33,0.1,37.55,33.3,35.4,11.8
CHEM-TR-0329,img_train_0329_var04,train,699.54,129.9,107.2,85.7,46.93,5.61,15.47,30.0,34.1,50.6,49.76,0.1,43.14,23.7,60.5,33.1
CHEM-TR-0329,img_train_0329_var05,train,699.54,121.7,103.6,81.9,45.02,3.67,14.93,34.0,32.9,47.5,51.42,0.342,23.03,28.7,74.6,32.9
CHEM-TR-0329,img_train_0329_var06,train,699.54,122.1,104.5,82.5,45.32,3.38,15.01,34.0,32.9,47.8,51.12,0.1,36.96,19.0,69.2,9.7
CHEM-TR-0329,img_train_0329_var07,train,699.54,126.1,106.6,84.4,46.35,4.17,15.34,32.0,33.3,49.4,50.19,0.34,23.09,23.0,79.0,7.3
CHEM-TR-0329,img_train_0329_var08,train,699.54,124.0,116.0,102.0,49.17,0.55,8.85,38.0,17.6,48.6,46.83,0.112,31.07,23.0,34.1,6.9
CHEM-TR-0329,img_train_0329_var09,train,699.54,121.9,104.2,82.7,45.2,3.53,14.72,34.0,32.2,47.5,51.21,0.123,30.69,34.2,34.1,21.3
CHEM-TR-0329,img_train_0329_var10,train,699.54,114.3,97.7,76.8,42.47,3.23,14.38,34.0,33.3,44.7,53.87,0.118,30.88,34.7,47.9,21.8
CHEM-TR-0330,img_train_0330_var01,train,142.4,211.9,202.1,180.0,81.61,-0.3,12.28,44.0,15.3,82.7,14.78,0.528,16.52,30.1,60.0,35.1
CHEM-TR-0330,img_train_0330_var02,train,142.4,209.3,200.1,180.0,80.88,-0.21,11.22,42.0,14.5,82.0,15.3,0.977,0.79,21.0,62.1,20.5
CHEM-TR-0330,img_train_0330_var03,train,142.4,211.8,198.1,180.2,80.57,1.85,10.66,34.0,14.5,82.7,15.58,0.982,0.63,31.9,77.7,16.8
CHEM-TR-0330,img_train_0330_var04,train,142.4,228.0,218.9,197.1,87.56,-0.52,11.85,42.0,13.3,89.0,8.97,0.649,12.28,30.5,52.2,32.3
CHEM-TR-0330,img_train_0330_var05,train,142.4,211.2,201.1,179.8,81.29,-0.02,11.9,42.0,15.3,82.7,15.0,0.963,1.28,27.4,61.8,28.4
CHEM-TR-0330,img_train_0330_var06,train,142.4,209.3,200.2,180.3,80.91,-0.19,11.09,42.0,13.7,82.0,15.25,0.618,13.38,27.0,38.1,10.1
CHEM-TR-0330,img_train_0330_var07,train,142.4,212.0,203.1,181.3,81.89,-0.54,11.99,42.0,14.5,83.1,14.46,0.969,1.09,21.5,54.4,22.3
CHEM-TR-0330,img_train_0330_var08,train,142.4,233.0,236.0,229.0,93.0,-2.24,3.04,86.0,3.1,92.5,7.21,0.983,0.61,25.8,63.5,24.6
CHEM-TR-0330,img_train_0330_var09,train,142.4,209.1,200.3,179.1,80.9,-0.51,11.71,42.0,14.5,82.0,15.37,0.667,11.66,24.3,80.0,9.9
CHEM-TR-0330,img_train_0330_var10,train,142.4,205.3,194.4,174.6,78.98,0.49,11.35,38.0,15.3,80.4,17.18,0.276,25.36,25.1,43.3,15.5
CHEM-TR-0331,img_train_0331_var01,train,1651.93,59.4,43.6,29.0,19.23,4.99,12.31,30.0,52.5,23.1,76.97,0.1,51.33,21.9,44.1,4.5
CHEM-TR-0331,img_train_0331_var02,train,1651.93,58.9,42.7,27.7,18.86,5.18,12.66,30.0,53.3,22.7,77.37,0.1,49.94,26.6,32.9,15.8
CHEM-TR-0331,img_train_0331_var03,train,1651.93,63.5,47.5,0.0,20.64,2.22,29.23,44.0,100.0,24.7,78.05,0.981,0.66,30.0,37.4,6.0
CHEM-TR-0331,img_train_0331_var05,train,1651.93,63.0,46.8,29.3,20.68,4.72,14.1,30.0,54.1,24.7,75.61,0.96,1.42,21.1,55.2,15.7
CHEM-TR-0331,img_train_0331_var07,train,1651.93,57.8,42.4,26.9,18.61,4.73,12.87,30.0,54.5,22.4,77.6,0.1,43.5,32.2,66.0,5.4
CHEM-TR-0331,img_train_0331_var09,train,1651.93,57.3,42.5,27.3,18.59,4.4,12.55,30.0,52.5,22.4,77.59,0.1,49.36,29.5,69.9,26.1
CHEM-TR-0331,img_train_0331_var10,train,1651.93,49.1,33.9,19.2,14.63,5.05,12.69,28.0,61.2,19.2,81.58,0.1,48.11,21.5,48.6,24.3
CHEM-TR-0332,img_train_0332_var01,train,422.24,161.8,146.2,122.2,61.38,1.87,14.85,36.0,24.3,63.1,35.14,0.32,23.8,22.3,61.3,10.3
CHEM-TR-0332,img_train_0332_var02,train,422.24,157.1,142.8,120.2,60.0,1.58,13.98,36.0,23.5,61.6,36.36,0.979,0.73,20.4,72.5,5.1
CHEM-TR-0332,img_train_0332_var03,train,422.24,177.7,180.6,253.4,75.72,14.97,-36.29,238.0,30.2,99.2,51.69,0.983,0.61,29.0,44.5,11.2
CHEM-TR-0332,img_train_0332_var04,train,422.24,168.6,151.4,127.8,63.51,2.52,14.74,36.0,24.3,65.9,33.05,0.25,26.25,30.7,77.9,37.4
CHEM-TR-0332,img_train_0332_var05,train,422.24,156.5,141.9,119.8,59.69,1.8,13.74,36.0,23.5,61.2,36.64,0.956,1.55,19.0,77.6,10.6
CHEM-TR-0332,img_train_0332_var06,train,422.24,157.8,143.6,120.6,60.28,1.48,14.13,38.0,23.5,61.6,36.1,0.292,24.77,31.8,34.9,30.9
CHEM-TR-0332,img_train_0332_var07,train,422.24,157.2,142.8,120.8,60.02,1.73,13.7,36.0,23.5,61.6,36.31,0.969,1.08,31.0,72.4,20.7
CHEM-TR-0332,img_train_0332_var08,train,422.24,166.0,162.0,150.0,66.63,-0.72,6.75,46.0,9.8,65.1,29.48,0.731,9.41,21.5,39.8,8.9
CHEM-TR-0332,img_train_0332_var09,train,422.24,161.6,145.8,121.3,61.25,1.85,15.15,36.0,24.7,63.1,35.32,0.931,2.4,25.1,75.5,24.8
CHEM-TR-0332,img_train_0332_var10,train,422.24,148.1,134.6,113.4,56.8,1.53,13.24,36.0,23.5,58.0,39.44,0.98,0.69,30.8,36.2,9.0
CHEM-TR-0333,img_train_0333_var01,train,829.01,109.5,91.4,70.4,40.06,3.95,14.88,32.0,35.7,42.7,56.35,0.1,38.87,31.6,36.0,8.3
CHEM-TR-0333,img_train_0333_var02,train,829.01,107.9,91.0,70.0,39.78,3.44,14.7,34.0,34.5,42.0,56.58,0.1,34.52,32.8,72.2,31.3
CHEM-TR-0333,img_train_0333_var03,train,829.01,114.1,101.9,123.6,44.95,9.29,-10.34,276.0,18.0,48.2,55.29,0.1,46.22,25.1,44.0,24.6
CHEM-TR-0333,img_train_0333_var04,train,829.01,112.7,91.4,69.9,40.4,5.32,15.66,30.0,38.4,43.9,56.2,0.1,49.24,32.4,66.1,29.8
CHEM-TR-0333,img_train_0333_var05,train,829.01,112.6,94.5,70.6,41.26,3.54,16.4,34.0,37.6,43.9,55.32,0.958,1.48,22.2,34.6,10.6
CHEM-TR-0333,img_train_0333_var06,train,829.01,108.7,91.1,69.9,39.87,3.73,14.9,34.0,36.1,42.4,56.53,0.1,36.84,26.7,53.1,34.4
CHEM-TR-0333,img_train_0333_var07,train,829.01,113.1,94.3,71.0,41.28,3.91,16.21,32.0,37.3,44.3,55.3,0.18,28.71,25.2,44.8,32.8
CHEM-TR-0333,img_train_0333_var08,train,829.01,118.0,105.0,90.0,45.21,2.51,10.32,32.0,23.9,46.3,50.85,0.1,44.07,32.4,43.9,26.3
CHEM-TR-0333,img_train_0333_var09,train,829.01,108.2,91.0,69.5,39.78,3.55,15.02,32.0,36.1,42.4,56.62,0.1,33.97,35.0,67.7,25.0
CHEM-TR-0333,img_train_0333_var10,train,829.01,113.0,94.1,71.7,41.2,4.11,15.7,34.0,36.5,43.9,55.33,0.1,37.76,29.7,75.2,22.3
CHEM-TR-0334,img_train_0334_var02,train,1412.57,72.9,54.5,37.4,24.42,5.59,13.85,30.0,48.6,28.2,71.92,0.978,0.76,27.1,65.9,33.3
CHEM-TR-0334,img_train_0334_var05,train,1412.57,68.6,51.0,35.1,22.77,5.46,13.12,28.0,48.6,26.7,73.51,0.1,34.8,19.9,39.9,26.0
CHEM-TR-0334,img_train_0334_var06,train,1412.57,73.8,55.8,39.2,24.97,5.4,13.47,28.0,46.7,28.6,71.34,0.1,54.34,30.4,46.0,9.0
CHEM-TR-0334,img_train_0334_var07,train,1412.57,67.9,49.2,32.9,22.12,6.01,13.7,30.0,52.2,26.3,74.23,0.1,34.01,21.5,49.4,4.2
CHEM-TR-0334,img_train_0334_var09,train,1412.57,68.1,51.2,35.8,22.81,5.17,12.69,30.0,48.6,26.7,73.43,0.1,44.8,24.0,76.6,22.6
CHEM-TR-0334,img_train_0334_var10,train,1412.57,61.8,46.1,28.6,20.31,4.44,14.03,32.0,54.1,23.9,75.96,0.1,53.25,28.1,47.1,11.8
CHEM-TR-0335,img_train_0335_var01,train,118.04,217.6,207.8,187.2,83.68,-0.06,11.45,40.0,13.7,85.1,12.57,0.591,14.32,31.7,41.5,11.1
CHEM-TR-0335,img_train_0335_var02,train,118.04,217.3,208.4,187.3,83.82,-0.49,11.59,42.0,13.7,85.1,12.49,0.974,0.9,21.5,46.5,29.7
CHEM-TR-0335,img_train_0335_var03,train,118.04,216.9,205.2,187.1,82.96,1.03,10.47,38.0,13.3,84.7,13.13,0.858,4.98,20.0,70.9,30.0
CHEM-TR-0335,img_train_0335_var04,train,118.04,230.0,220.6,199.2,88.18,-0.32,11.67,40.0,13.3,90.2,8.3,0.618,13.38,31.2,65.3,36.7
CHEM-TR-0335,img_train_0335_var05,train,118.04,215.0,206.6,187.4,83.16,-0.34,10.58,42.0,12.5,83.9,12.96,0.954,1.6,23.5,37.8,16.0
CHEM-TR-0335,img_train_0335_var06,train,118.04,217.0,207.9,186.6,83.65,-0.41,11.71,40.0,14.1,85.1,12.68,0.672,11.46,19.8,45.4,25.3
CHEM-TR-0335,img_train_0335_var07,train,118.04,217.2,208.1,187.1,83.73,-0.39,11.54,42.0,13.7,85.1,12.56,0.966,1.2,21.0,49.1,18.8
CHEM-TR-0335,img_train_0335_var09,train,118.04,214.4,206.9,187.4,83.19,-0.68,10.61,42.0,12.5,83.9,12.96,0.675,11.38,22.0,52.6,25.4
CHEM-TR-0335,img_train_0335_var10,train,118.04,201.2,194.3,176.6,78.66,-0.63,9.8,44.0,12.5,78.8,17.4,0.321,23.77,30.2,46.0,35.6
CHEM-TR-0336,img_train_0336_var01,train,1958.88,55.2,39.6,26.1,17.39,5.16,11.7,26.0,52.5,21.6,78.79,0.989,0.38,22.1,60.5,18.7
CHEM-TR-0336,img_train_0336_var03,train,1958.88,54.7,47.0,71.9,21.22,9.63,-14.19,258.0,33.7,27.8,78.82,0.983,0.58,28.8,45.8,24.0
CHEM-TR-0336,img_train_0336_var05,train,1958.88,49.5,34.3,22.5,14.88,5.38,10.81,26.0,55.3,19.2,81.29,0.956,1.53,25.3,54.4,18.8
CHEM-TR-0336,img_train_0336_var06,train,1958.88,54.8,39.3,26.4,17.24,5.27,11.31,28.0,51.8,21.2,78.94,0.987,0.46,32.2,54.8,24.0
CHEM-TR-0336,img_train_0336_var07,train,1958.88,48.7,33.4,20.4,14.44,5.36,11.64,28.0,58.4,18.8,81.75,0.1,36.78,25.8,60.5,38.0
CHEM-TR-0336,img_train_0336_var09,train,1958.88,52.9,38.8,25.3,16.82,4.41,11.44,28.0,51.8,20.4,79.31,0.952,1.68,34.9,62.3,4.7
CHEM-TR-0336,img_train_0336_var10,train,1958.88,43.5,30.0,16.5,12.56,4.49,11.41,32.0,62.7,16.9,83.57,0.1,54.07,28.5,55.1,23.7
CHEM-TR-0337,img_train_0337_var01,train,0.0,243.7,239.3,223.7,94.5,-1.14,8.03,48.0,8.2,95.3,2.42,0.512,17.06,31.7,48.4,18.8
CHEM-TR-0337,img_train_0337_var02,train,0.0,243.1,239.1,222.6,94.38,-1.43,8.46,48.0,8.6,95.3,2.58,0.978,0.77,32.9,43.7,38.4
CHEM-TR-0337,img_train_0337_var03,train,0.0,245.6,241.1,233.6,95.34,0.19,4.18,40.0,4.7,96.1,4.87,0.977,0.8,19.7,71.2,13.0
CHEM-TR-0337,img_train_0337_var05,train,0.0,246.3,239.8,222.2,94.79,-0.77,9.28,42.0,9.8,96.5,1.78,0.955,1.56,31.8,51.6,26.3
CHEM-TR-0337,img_train_0337_var06,train,0.0,244.8,240.3,222.7,94.82,-1.45,9.04,50.0,9.0,95.7,2.28,0.538,16.18,19.8,36.9,35.4
CHEM-TR-0337,img_train_0337_var07,train,0.0,246.9,243.6,225.2,95.87,-2.01,9.28,52.0,8.6,96.5,2.53,0.969,1.1,23.7,51.5,28.7
CHEM-TR-0337,img_train_0337_var09,train,0.0,245.5,241.1,222.4,95.07,-1.66,9.55,50.0,9.4,96.1,2.42,0.573,14.93,34.3,75.5,24.4
CHEM-TR-0337,img_train_0337_var10,train,0.0,236.7,233.1,218.0,92.3,-1.39,7.8,50.0,8.2,92.5,4.32,0.198,28.06,25.0,59.8,25.8
CHEM-TR-0338,img_train_0338_var01,train,561.86,142.8,125.2,100.9,53.47,2.81,15.77,36.0,29.4,55.7,43.13,0.1,35.62,26.2,79.4,10.8
CHEM-TR-0338,img_train_0338_var02,train,561.86,143.5,124.9,100.6,53.45,3.23,15.93,34.0,30.2,56.1,43.2,0.169,29.08,23.1,32.3,35.5
CHEM-TR-0338,img_train_0338_var03,train,561.86,142.6,133.6,154.6,57.18,7.56,-9.95,266.0,13.7,60.4,43.77,0.982,0.63,32.7,76.4,37.8
CHEM-TR-0338,img_train_0338_var04,train,561.86,150.6,130.7,106.3,55.84,3.65,16.04,32.0,29.4,58.8,40.89,0.986,0.5,34.6,37.5,8.3
CHEM-TR-0338,img_train_0338_var05,train,561.86,138.4,122.1,99.0,52.16,2.49,14.99,36.0,29.0,54.1,44.29,0.453,19.16,34.1,35.1,33.0
CHEM-TR-0338,img_train_0338_var06,train,561.86,137.8,122.0,99.3,52.07,2.37,14.67,34.0,27.8,53.7,44.33,0.1,31.58,29.6,44.6,11.0
CHEM-TR-0338,img_train_0338_var07,train,561.86,138.0,121.1,98.0,51.82,2.76,15.09,36.0,29.8,54.1,44.65,0.282,25.14,19.3,63.5,22.5
CHEM-TR-0338,img_train_0338_var08,train,561.86,200.9,98.1,41.4,53.31,37.27,49.19,22.0,79.6,78.4,69.21,0.235,26.77,31.6,74.7,19.6
CHEM-TR-0338,img_train_0338_var09,train,561.86,139.1,121.2,99.7,52.0,3.35,14.35,34.0,28.6,54.5,44.42,0.227,27.04,28.5,44.2,16.4
CHEM-TR-0338,img_train_0338_var10,train,561.86,142.5,125.2,100.6,53.44,2.64,15.87,36.0,29.4,55.7,43.16,0.241,26.58,29.4,78.0,16.2
CHEM-TR-0339,img_train_0339_var01,train,1109.14,86.3,67.9,50.5,30.28,5.12,13.53,28.0,42.0,33.7,66.04,0.1,48.11,28.7,53.6,8.8
CHEM-TR-0339,img_train_0339_var02,train,1109.14,88.5,71.3,52.6,31.58,4.26,14.03,32.0,40.8,34.5,64.73,0.978,0.78,29.7,74.5,23.7
CHEM-TR-0339,img_train_0339_var03,train,1109.14,90.5,70.7,25.2,31.2,2.82,29.7,42.0,72.2,35.3,68.07,0.983,0.59,22.0,55.3,25.6
CHEM-TR-0339,img_train_0339_var04,train,1109.14,89.2,68.6,49.6,30.8,5.9,14.88,28.0,45.1,34.9,65.69,0.992,0.29,30.8,48.9,33.5
CHEM-TR-0339,img_train_0339_var05,train,1109.14,85.5,68.2,49.2,30.26,4.36,14.33,32.0,42.4,33.3,66.07,0.108,31.22,23.7,59.2,21.4
CHEM-TR-0339,img_train_0339_var06,train,1109.14,85.4,67.8,50.5,30.14,4.8,13.32,30.0,41.2,33.3,66.14,0.1,42.49,32.1,43.5,7.5
CHEM-TR-0339,img_train_0339_var07,train,1109.14,84.6,66.7,49.0,29.7,4.89,13.65,30.0,41.6,32.9,66.61,0.1,40.25,26.4,77.4,36.1
CHEM-TR-0339,img_train_0339_var09,train,1109.14,84.8,67.6,49.2,29.99,4.47,13.93,30.0,41.6,32.9,66.31,0.1,40.73,27.2,77.6,34.6
CHEM-TR-0339,img_train_0339_var10,train,1109.14,79.7,62.2,44.1,27.68,4.76,14.02,30.0,44.3,31.0,68.64,0.1,47.66,27.7,61.8,34.0
CHEM-TR-0340,img_train_0340_var01,train,193.6,201.8,190.0,166.8,77.37,0.33,13.23,40.0,17.3,78.8,19.1,0.537,16.19,24.9,33.3,12.5
CHEM-TR-0340,img_train_0340_var02,train,193.6,205.4,189.6,166.7,77.56,1.84,13.58,36.0,19.2,80.4,19.05,0.978,0.78,29.0,49.2,38.2
CHEM-TR-0340,img_train_0340_var03,train,193.6,201.9,189.4,174.7,77.4,1.89,9.02,34.0,13.3,78.8,18.65,0.985,0.51,21.3,33.5,29.5
CHEM-TR-0340,img_train_0340_var04,train,193.6,222.5,207.5,183.8,83.92,1.37,13.65,36.0,17.6,87.1,12.97,0.988,0.42,25.1,74.5,19.7
CHEM-TR-0340,img_train_0340_var05,train,193.6,197.5,187.3,166.5,76.3,0.07,11.85,40.0,15.7,77.3,19.91,0.956,1.55,27.0,73.7,7.4
CHEM-TR-0340,img_train_0340_var06,train,193.6,202.0,190.1,167.5,77.43,0.44,12.96,40.0,17.3,79.2,18.99,0.574,14.91,30.0,52.6,16.5
CHEM-TR-0340,img_train_0340_var07,train,193.6,202.2,189.7,166.9,77.33,0.62,13.1,38.0,17.6,79.2,19.12,0.971,1.01,33.1,64.2,12.5
CHEM-TR-0340,img_train_0340_var08,train,193.6,207.0,208.0,207.0,83.38,-0.52,0.37,120.0,0.4,81.6,15.32,0.983,0.59,28.0,69.3,5.9
CHEM-TR-0340,img_train_0340_var09,train,193.6,202.0,190.0,167.4,77.4,0.44,12.96,40.0,16.9,78.8,19.02,0.586,14.49,34.2,56.4,27.4
CHEM-TR-0340,img_train_0340_var10,train,193.6,202.6,191.9,170.4,77.99,0.2,12.18,40.0,15.7,79.2,18.29,0.979,0.75,26.3,51.5,13.4
CHEM-TR-0341,img_train_0341_var01,train,678.8,128.3,109.7,86.8,47.46,3.66,15.48,32.0,32.9,50.2,49.07,0.981,0.66,25.1,66.2,17.4
CHEM-TR-0341,img_train_0341_var02,train,678.8,128.9,110.1,86.6,47.64,3.63,15.85,34.0,32.9,50.2,48.94,0.1,34.53,28.7,34.5,20.3
CHEM-TR-0341,img_train_0341_var03,train,678.8,152.4,142.0,192.3,61.54,14.44,-24.71,252.0,26.7,75.3,50.18,0.1,38.89,27.1,76.1,14.0
CHEM-TR-0341,img_train_0341_var04,train,678.8,130.3,108.6,87.4,47.39,5.24,15.08,30.0,32.9,51.0,49.22,0.1,42.15,23.5,79.2,21.8
CHEM-TR-0341,img_train_0341_var05,train,678.8,128.7,109.0,86.3,47.31,4.18,15.56,32.0,32.9,50.2,49.27,0.282,25.14,19.2,54.9,14.5
CHEM-TR-0341,img_train_0341_var06,train,678.8,129.0,110.0,87.0,47.64,3.77,15.62,32.0,32.5,50.6,48.92,0.1,35.63,32.1,39.3,18.7
CHEM-TR-0341,img_train_0341_var07,train,678.8,125.3,107.6,85.6,46.56,3.41,14.94,34.0,32.2,49.0,49.88,0.323,23.69,34.8,74.1,28.2
CHEM-TR-0341,img_train_0341_var08,train,678.8,135.0,121.0,109.0,51.76,3.28,8.54,28.0,19.2,52.9,44.33,0.1,32.56,24.5,34.2,24.7
CHEM-TR-0341,img_train_0341_var09,train,678.8,123.7,106.6,85.2,46.12,3.27,14.52,34.0,31.0,48.2,50.26,0.151,29.72,23.6,42.6,37.5
CHEM-TR-0341,img_train_0341_var10,train,678.8,124.9,107.8,86.5,46.62,3.24,14.48,34.0,30.6,48.6,49.76,0.23,26.94,31.6,65.9,21.6
CHEM-TR-0342,img_train_0342_var01,train,0.0,244.7,240.2,221.9,94.78,-1.59,9.37,50.0,9.4,95.7,2.45,0.536,16.25,33.1,40.1,14.3
CHEM-TR-0342,img_train_0342_var02,train,0.0,243.0,239.1,222.1,94.38,-1.59,8.69,52.0,8.2,94.9,2.66,0.978,0.78,32.0,62.0,8.0
CHEM-TR-0342,img_train_0342_var03,train,0.0,246.0,240.8,233.7,95.28,0.52,4.02,36.0,4.7,96.1,5.03,0.979,0.75,25.6,72.4,12.1
CHEM-TR-0342,img_train_0342_var05,train,0.0,244.6,239.5,222.4,94.59,-1.15,8.86,46.0,9.0,95.7,2.17,0.956,1.56,22.8,72.3,9.8
CHEM-TR-0342,img_train_0342_var06,train,0.0,244.8,240.0,221.5,94.71,-1.51,9.52,50.0,9.4,95.7,2.44,0.488,17.91,25.7,73.3,32.6
CHEM-TR-0342,img_train_0342_var07,train,0.0,244.7,239.9,223.5,94.71,-1.14,8.47,46.0,8.6,95.7,2.15,0.967,1.15,19.9,64.8,27.8
CHEM-TR-0342,img_train_0342_var09,train,0.0,245.4,239.9,222.5,94.76,-1.09,9.07,44.0,9.4,96.1,2.02,0.578,14.77,19.4,36.9,36.3
CHEM-TR-0342,img_train_0342_var10,train,0.0,228.9,226.4,212.7,89.88,-1.51,7.01,52.0,7.1,89.4,6.74,0.128,30.52,32.3,57.2,30.8
CHEM-TR-0343,img_train_0343_var01,train,1174.64,81.6,63.7,46.2,28.41,5.01,13.66,30.0,43.1,31.8,67.9,0.1,47.86,28.4,36.1,38.6
CHEM-TR-0343,img_train_0343_var02,train,1174.64,85.0,66.9,48.1,29.78,4.87,14.36,30.0,43.5,33.3,66.58,0.98,0.71,31.5,60.2,15.8
CHEM-TR-0343,img_train_0343_var05,train,1174.64,85.6,66.8,46.5,29.79,4.94,15.41,30.0,45.9,33.3,66.67,0.962,1.32,31.2,40.5,36.2
CHEM-TR-0343,img_train_0343_var06,train,1174.64,87.0,67.5,48.9,30.21,5.52,14.46,30.0,44.7,34.1,66.21,0.1,50.57,21.7,71.1,17.8
CHEM-TR-0343,img_train_0343_var07,train,1174.64,85.9,66.9,46.6,29.85,5.06,15.42,30.0,45.9,33.3,66.62,0.1,34.71,32.5,60.7,10.0
CHEM-TR-0343,img_train_0343_var08,train,1174.64,89.0,76.0,60.0,33.18,2.68,11.54,34.0,32.5,34.9,62.91,0.1,54.48,33.5,55.3,27.8
CHEM-TR-0343,img_train_0343_var09,train,1174.64,85.8,66.3,48.6,29.73,5.63,14.02,30.0,43.5,33.3,66.66,0.953,1.65,22.3,33.6,22.0
CHEM-TR-0343,img_train_0343_var10,train,1174.64,81.7,63.1,44.6,28.19,5.23,14.39,30.0,45.5,31.8,68.19,0.1,40.98,21.9,41.2,15.9
CHEM-TR-0344,img_train_0344_var01,train,922.12,104.1,86.0,64.8,37.81,4.08,15.11,32.0,38.4,40.8,58.62,0.981,0.66,25.4,47.1,22.7
CHEM-TR-0344,img_train_0344_var02,train,922.12,99.6,82.2,61.8,36.18,3.89,14.69,34.0,38.4,38.8,60.19,0.1,39.56,25.0,40.7,5.1
CHEM-TR-0344,img_train_0344_var03,train,922.12,104.5,85.6,62.4,37.69,4.18,16.44,32.0,40.4,40.8,58.9,0.1,48.85,24.3,46.7,13.8
CHEM-TR-0344,img_train_0344_var04,train,922.12,104.0,81.5,61.5,36.46,6.31,15.32,28.0,40.8,40.4,60.16,0.1,52.77,25.5,66.3,26.2
CHEM-TR-0344,img_train_0344_var05,train,922.12,99.2,81.7,62.6,35.99,4.16,13.93,30.0,37.3,38.8,60.32,0.254,26.11,24.8,75.5,12.9
CHEM-TR-0344,img_train_0344_var06,train,922.12,105.4,85.8,64.4,37.9,4.69,15.55,30.0,39.2,41.2,58.62,0.1,46.73,19.6,37.5,9.2
CHEM-TR-0344,img_train_0344_var07,train,922.12,104.1,84.8,62.6,37.43,4.51,15.96,32.0,40.4,40.8,59.12,0.187,28.47,23.8,38.4,12.8
CHEM-TR-0344,img_train_0344_var08,train,922.12,107.0,92.0,81.0,40.2,4.15,8.58,26.0,24.3,42.0,55.92,0.1,39.81,29.7,55.6,34.7
CHEM-TR-0344,img_train_0344_var09,train,922.12,99.5,81.7,62.3,36.02,4.27,14.2,30.0,37.3,38.8,60.32,0.1,37.31,24.0,51.4,20.0
CHEM-TR-0344,img_train_0344_var10,train,922.12,94.4,76.7,56.1,33.89,4.17,15.03,32.0,40.4,36.9,62.51,0.1,38.89,19.2,49.9,8.3
CHEM-TR-0345,img_train_0345_var01,train,322.29,178.1,164.5,140.2,68.09,0.96,14.41,38.0,21.2,69.8,28.43,0.423,20.2,32.0,30.8,37.0
CHEM-TR-0345,img_train_0345_var02,train,322.29,174.4,161.0,139.6,66.85,1.29,12.91,38.0,20.0,68.2,29.42,0.981,0.65,33.5,56.1,7.4
CHEM-TR-0345,img_train_0345_var03,train,322.29,192.0,193.0,249.7,79.74,11.43,-28.01,240.0,23.1,97.6,41.88,0.978,0.79,19.9,55.3,33.4
CHEM-TR-0345,img_train_0345_var04,train,322.29,182.7,166.9,144.9,69.24,2.12,13.48,34.0,20.8,71.4,27.18,0.985,0.52,28.5,31.5,13.5
CHEM-TR-0345,img_train_0345_var05,train,322.29,177.5,162.7,138.9,67.55,1.48,14.32,36.0,22.0,69.4,28.96,0.965,1.24,32.7,31.1,30.8
CHEM-TR-0345,img_train_0345_var06,train,322.29,178.0,163.5,140.3,67.82,1.42,13.98,38.0,20.8,69.4,28.63,0.986,0.5,33.0,55.7,33.8
CHEM-TR-0345,img_train_0345_var07,train,322.29,177.6,164.6,141.4,68.11,0.87,13.72,38.0,20.4,69.4,28.29,0.969,1.09,31.8,33.5,8.4
CHEM-TR-0345,img_train_0345_var08,train,322.29,183.0,181.0,173.0,73.63,-0.75,4.32,48.0,5.5,71.8,22.89,0.98,0.69,23.2,52.4,14.3
CHEM-TR-0345,img_train_0345_var09,train,322.29,177.9,164.2,139.9,67.98,0.97,14.41,40.0,21.6,69.4,28.54,0.943,1.98,24.7,33.6,19.8
CHEM-TR-0345,img_train_0345_var10,train,322.29,162.2,152.0,131.9,63.19,0.31,11.96,38.0,19.2,63.5,32.94,0.964,1.25,20.3,63.3,14.7
CHEM-TR-0346,img_train_0346_var01,train,468.19,151.4,136.0,112.7,57.47,2.0,14.62,36.0,25.9,59.2,38.97,0.253,26.15,29.1,74.3,19.4
CHEM-TR-0346,img_train_0346_var02,train,468.19,151.7,135.6,113.5,57.41,2.41,14.08,34.0,25.1,59.2,38.97,0.314,24.01,34.6,50.6,29.7
CHEM-TR-0346,img_train_0346_var03,train,468.19,175.9,177.9,255.0,74.97,16.38,-38.32,238.0,31.4,100.0,54.16,0.215,27.47,32.6,36.0,14.4
CHEM-TR-0346,img_train_0346_var04,train,468.19,164.4,145.7,120.4,61.44,2.94,15.99,34.0,26.7,64.3,35.34,0.991,0.33,29.0,48.3,16.7
CHEM-TR-0346,img_train_0346_var05,train,468.19,154.6,137.9,113.0,58.28,2.24,15.66,36.0,27.5,60.4,38.34,0.962,1.35,20.8,73.7,7.1
CHEM-TR-0346,img_train_0346_var06,train,468.19,155.6,138.9,114.2,58.68,2.26,15.55,36.0,26.3,60.8,37.93,0.262,25.81,21.2,53.3,13.1
CHEM-TR-0346,img_train_0346_var07,train,468.19,154.3,138.1,113.7,58.33,2.08,15.33,36.0,26.7,60.4,38.23,0.52,16.8,34.3,59.5,34.0
CHEM-TR-0346,img_train_0346_var08,train,468.19,158.0,155.0,142.0,63.89,-1.27,7.2,48.0,10.2,62.0,32.21,0.32,23.8,34.4,34.9,12.2
CHEM-TR-0346,img_train_0346_var09,train,468.19,152.3,135.8,113.4,57.52,2.55,14.32,34.0,25.5,59.6,38.9,0.347,22.85,30.3,36.4,10.8
CHEM-TR-0346,img_train_0346_var10,train,468.19,154.8,138.4,115.5,58.49,2.43,14.54,36.0,25.5,60.4,37.97,0.354,22.62,23.1,44.3,25.5
CHEM-TR-0347,img_train_0347_var01,train,92.93,221.0,213.3,194.1,85.5,-0.54,10.4,42.0,12.2,86.7,10.64,0.59,14.33,24.7,43.0,28.3
CHEM-TR-0347,img_train_0347_var02,train,92.93,220.3,212.5,193.4,85.22,-0.53,10.4,42.0,12.2,86.3,10.92,0.978,0.77,31.8,60.7,26.7
CHEM-TR-0347,img_train_0347_var03,train,92.93,222.6,213.9,205.3,86.05,1.49,5.3,28.0,7.8,87.1,10.66,0.98,0.7,32.5,38.3,5.6
CHEM-TR-0347,img_train_0347_var04,train,92.93,230.9,226.3,209.8,89.94,-1.24,8.6,48.0,9.0,90.2,6.32,0.635,12.76,29.6,46.8,21.3
CHEM-TR-0347,img_train_0347_var05,train,92.93,222.1,213.2,193.4,85.55,-0.23,10.85,42.0,12.9,87.1,10.64,0.948,1.8,32.5,51.7,21.0
CHEM-TR-0347,img_train_0347_var06,train,92.93,222.6,213.9,193.5,85.79,-0.42,11.17,42.0,12.9,87.1,10.48,0.603,13.89,29.8,32.8,18.7
CHEM-TR-0347,img_train_0347_var07,train,92.93,221.0,213.2,195.1,85.52,-0.37,9.93,42.0,11.8,86.7,10.56,0.968,1.13,26.6,34.5,17.0
CHEM-TR-0347,img_train_0347_var09,train,92.93,220.7,213.5,194.9,85.56,-0.66,10.08,44.0,11.8,86.3,10.56,0.675,11.37,32.0,59.4,37.4
CHEM-TR-0347,img_train_0347_var10,train,92.93,211.0,204.4,187.8,82.29,-0.54,9.07,44.0,11.0,82.4,13.75,0.35,22.74,33.2,79.5,37.1
CHEM-TR-0348,img_train_0348_var01,train,0.0,244.7,240.1,221.8,94.74,-1.56,9.4,50.0,9.4,95.7,2.45,0.481,18.17,31.4,43.1,35.7
CHEM-TR-0348,img_train_0348_var02,train,0.0,241.2,238.3,221.4,94.02,-1.92,8.54,52.0,8.2,94.5,3.16,0.986,0.49,19.4,31.8,18.8
CHEM-TR-0348,img_train_0348_var03,train,0.0,242.7,238.1,217.7,93.98,-1.85,10.41,50.0,10.2,94.9,3.4,0.85,5.27,31.5,76.3,10.6
CHEM-TR-0348,img_train_0348_var05,train,0.0,243.3,238.7,223.0,94.32,-1.14,8.14,46.0,8.2,95.3,2.5,0.96,1.4,25.6,51.7,30.8
CHEM-TR-0348,img_train_0348_var06,train,0.0,245.7,239.9,222.1,94.76,-1.03,9.29,44.0,9.4,96.1,1.99,0.537,16.19,22.1,74.1,28.2
CHEM-TR-0348,img_train_0348_var07,train,0.0,246.1,240.1,222.8,94.86,-0.88,9.07,46.0,9.8,96.5,1.79,0.511,17.1,24.5,47.7,36.3
CHEM-TR-0348,img_train_0348_var09,train,0.0,244.1,240.0,223.3,94.71,-1.45,8.57,48.0,8.6,95.7,2.38,0.59,14.34,25.4,55.3,38.2
CHEM-TR-0348,img_train_0348_var10,train,0.0,239.7,243.1,226.8,95.23,-3.94,7.47,74.0,7.1,95.3,4.76,0.439,19.63,31.1,59.6,15.9
CHEM-TR-0349,img_train_0349_var01,train,584.62,139.6,121.2,97.8,52.01,3.29,15.45,34.0,30.2,54.5,44.55,0.98,0.71,25.3,54.2,35.2
CHEM-TR-0349,img_train_0349_var02,train,584.62,141.1,121.4,97.6,52.19,3.82,15.85,32.0,31.4,55.3,44.47,0.136,30.23,33.3,71.7,25.3
CHEM-TR-0349,img_train_0349_var03,train,584.62,140.1,126.1,140.0,54.46,8.01,-5.55,304.0,10.2,54.9,44.65,0.983,0.59,27.6,57.2,22.1
CHEM-TR-0349,img_train_0349_var04,train,584.62,144.9,122.9,99.6,53.03,4.83,15.91,30.0,31.4,56.5,43.74,0.1,36.72,26.2,41.1,17.4
CHEM-TR-0349,img_train_0349_var05,train,584.62,139.3,120.7,97.2,51.83,3.4,15.57,32.0,30.2,54.5,44.75,0.962,1.33,19.2,53.0,30.9
CHEM-TR-0349,img_train_0349_var06,train,584.62,139.7,122.0,98.3,52.23,2.96,15.52,34.0,29.4,54.5,44.32,0.132,30.38,24.6,69.8,20.5
CHEM-TR-0349,img_train_0349_var07,train,584.62,137.5,120.1,97.6,51.49,3.08,14.82,34.0,29.0,53.7,44.96,0.434,19.81,29.4,47.7,31.6
CHEM-TR-0349,img_train_0349_var08,train,584.62,147.0,135.0,122.0,57.01,2.23,8.62,32.0,16.9,57.6,39.03,0.1,36.97,19.3,34.4,19.7
CHEM-TR-0349,img_train_0349_var09,train,584.62,139.0,121.8,97.6,52.09,2.74,15.67,36.0,29.8,54.1,44.47,0.955,1.58,32.4,70.4,4.5
CHEM-TR-0349,img_train_0349_var10,train,584.62,136.7,119.7,97.3,51.3,2.89,14.75,34.0,28.6,53.3,45.13,0.255,26.06,25.7,65.7,10.3
CHEM-TR-0350,img_train_0350_var02,train,1829.43,53.4,38.0,25.1,16.62,5.22,11.36,26.0,52.9,20.8,79.56,0.1,51.57,26.5,43.7,32.0
CHEM-TR-0350,img_train_0350_var05,train,1829.43,52.4,38.2,25.0,16.56,4.55,11.34,30.0,53.7,20.4,79.58,0.1,37.46,32.2,45.7,30.6
CHEM-TR-0350,img_train_0350_var07,train,1829.43,52.6,36.6,22.9,16.02,5.54,12.1,28.0,57.6,20.4,80.2,0.1,36.15,23.3,52.8,26.8
CHEM-TR-0350,img_train_0350_var08,train,1829.43,58.0,46.0,34.0,19.92,3.38,9.81,30.0,41.6,22.7,76.14,0.1,52.81,22.5,74.7,24.6
CHEM-TR-0350,img_train_0350_var09,train,1829.43,53.4,38.9,25.3,16.91,4.6,11.59,28.0,52.9,20.8,79.24,0.1,48.93,21.1,36.8,11.5
CHEM-TR-0351,img_train_0351_var01,train,11.43,240.5,235.6,218.5,93.22,-1.26,8.9,46.0,9.0,94.1,3.29,0.54,16.12,27.3,79.6,22.2
CHEM-TR-0351,img_train_0351_var02,train,11.43,239.4,237.0,218.8,93.49,-2.26,9.11,52.0,8.6,93.7,3.73,0.986,0.47,33.3,37.6,38.9
CHEM-TR-0351,img_train_0351_var05,train,11.43,240.6,235.1,218.1,93.08,-1.0,8.87,46.0,9.0,94.1,3.29,0.967,1.15,20.9,53.7,4.9
CHEM-TR-0351,img_train_0351_var06,train,11.43,242.1,235.8,218.0,93.37,-0.85,9.38,44.0,10.2,94.9,2.98,0.539,16.15,32.3,32.3,22.4
CHEM-TR-0351,img_train_0351_var07,train,11.43,240.7,236.4,219.6,93.46,-1.4,8.65,48.0,8.6,94.1,3.19,0.964,1.26,27.5,79.5,4.5
CHEM-TR-0351,img_train_0351_var09,train,11.43,241.2,236.5,219.3,93.52,-1.33,8.92,46.0,9.0,94.5,3.08,0.929,2.47,25.9,42.2,37.3
CHEM-TR-0351,img_train_0351_var10,train,11.43,221.8,218.8,205.8,87.24,-1.26,6.77,48.0,7.1,86.7,9.21,0.975,0.89,27.6,38.7,30.1
CHEM-TR-0352,img_train_0352_var01,train,242.69,188.9,177.0,156.3,72.67,0.75,12.13,40.0,16.9,73.7,23.54,0.564,15.28,19.1,38.8,5.2
CHEM-TR-0352,img_train_0352_var02,train,242.69,188.8,176.9,155.4,72.61,0.68,12.55,38.0,17.6,73.7,23.66,0.979,0.75,21.3,37.6,31.6
CHEM-TR-0352,img_train_0352_var03,train,242.69,191.8,178.9,150.0,73.26,-0.06,16.41,40.0,21.6,74.9,23.92,0.985,0.54,23.8,30.8,38.3
CHEM-TR-0352,img_train_0352_var04,train,242.69,202.3,184.6,163.9,75.96,2.91,12.81,32.0,19.2,79.2,20.54,0.98,0.68,25.7,58.8,10.2
CHEM-TR-0352,img_train_0352_var05,train,242.69,191.8,178.6,154.7,73.31,0.76,13.95,38.0,19.2,74.9,23.23,0.96,1.41,25.0,41.5,32.9
CHEM-TR-0352,img_train_0352_var06,train,242.69,192.5,179.0,155.7,73.48,0.96,13.62,38.0,19.2,75.3,22.99,0.534,16.3,19.8,72.4,24.1
CHEM-TR-0352,img_train_0352_var07,train,242.69,191.8,179.3,156.1,73.51,0.62,13.48,40.0,18.4,74.9,22.93,0.968,1.12,27.4,54.7,27.6
CHEM-TR-0352,img_train_0352_var08,train,242.69,200.0,195.0,193.0,79.13,1.38,1.62,18.0,3.5,78.4,18.43,0.487,17.95,28.2,79.8,11.3
CHEM-TR-0352,img_train_0352_var09,train,242.69,189.2,177.1,156.6,72.71,0.9,12.04,38.0,17.6,74.1,23.49,0.616,13.43,20.2,33.5,11.8
CHEM-TR-0352,img_train_0352_var10,train,242.69,177.3,166.5,146.1,68.69,0.44,11.97,38.0,17.6,69.4,27.47,0.519,16.82,25.3,39.3,8.2
CHEM-TR-0353,img_train_0353_var01,train,93.01,223.0,214.2,193.0,85.87,-0.5,11.54,44.0,13.3,87.1,10.49,0.548,15.82,20.0,78.9,12.3
CHEM-TR-0353,img_train_0353_var02,train,93.01,220.8,212.3,192.8,85.2,-0.32,10.69,42.0,12.5,86.3,10.96,0.976,0.85,24.0,41.7,31.7
CHEM-TR-0353,img_train_0353_var04,train,93.01,228.6,227.5,210.8,90.08,-2.47,8.27,56.0,7.8,89.4,6.66,0.676,11.34,27.4,74.8,11.9
CHEM-TR-0353,img_train_0353_var05,train,93.01,223.2,214.8,193.2,86.05,-0.72,11.72,42.0,13.3,87.5,10.39,0.953,1.65,30.8,68.1,10.9
CHEM-TR-0353,img_train_0353_var06,train,93.01,220.6,213.5,193.7,85.52,-0.88,10.65,44.0,12.2,86.3,10.7,0.602,13.92,29.3,65.6,30.7
CHEM-TR-0353,img_train_0353_var07,train,93.01,222.1,213.9,196.8,85.81,-0.05,9.45,40.0,11.8,87.1,10.21,0.966,1.18,20.5,56.9,15.9
CHEM-TR-0353,img_train_0353_var09,train,93.01,220.9,213.1,193.2,85.42,-0.65,10.78,44.0,12.2,86.3,10.79,0.665,11.73,34.4,56.4,19.2
CHEM-TR-0353,img_train_0353_var10,train,93.01,216.1,207.2,188.9,83.45,-0.03,10.21,40.0,12.9,84.7,12.62,0.285,25.03,32.8,69.2,23.7
CHEM-TR-0354,img_train_0354_var01,train,818.89,115.0,96.2,73.0,42.04,3.91,16.08,34.0,36.1,44.7,54.53,0.1,45.35,20.7,59.1,17.5
CHEM-TR-0354,img_train_0354_var02,train,818.89,114.6,95.3,72.3,41.73,4.17,16.05,32.0,36.9,44.7,54.85,0.977,0.8,29.3,56.8,35.1
CHEM-TR-0354,img_train_0354_var03,train,818.89,114.2,95.0,70.9,41.59,3.95,16.72,34.0,38.4,44.7,55.06,0.983,0.61,27.8,44.4,25.1
CHEM-TR-0354,img_train_0354_var04,train,818.89,120.2,96.7,73.0,42.72,5.91,17.1,30.0,40.0,47.1,54.16,0.987,0.47,29.5,37.9,14.7
CHEM-TR-0354,img_train_0354_var05,train,818.89,110.3,90.3,69.3,39.79,4.86,15.18,30.0,37.3,43.1,56.72,0.232,26.87,24.7,54.8,23.3
CHEM-TR-0354,img_train_0354_var06,train,818.89,109.6,91.6,70.6,40.12,3.93,14.82,32.0,35.7,42.7,56.29,0.1,40.55,24.3,79.9,12.4
CHEM-TR-0354,img_train_0354_var07,train,818.89,109.5,91.8,68.9,40.12,3.55,15.89,34.0,37.6,42.7,56.39,0.1,33.46,30.5,32.1,38.6
CHEM-TR-0354,img_train_0354_var08,train,818.89,123.0,108.0,91.0,46.57,3.01,11.69,32.0,25.9,48.2,49.57,0.1,46.23,34.7,32.8,33.3
CHEM-TR-0354,img_train_0354_var09,train,818.89,109.7,91.8,70.2,40.19,3.79,15.17,32.0,35.7,42.7,56.25,0.1,34.3,26.5,40.7,27.4
CHEM-TR-0354,img_train_0354_var10,train,818.89,104.8,86.4,64.4,37.99,4.1,15.62,34.0,38.4,40.8,58.5,0.1,36.14,34.8,38.5,33.5
CHEM-TR-0355,img_train_0355_var01,train,666.14,129.9,111.5,88.0,48.17,3.44,15.77,34.0,31.8,50.6,48.4,0.1,37.33,19.0,79.1,11.9
CHEM-TR-0355,img_train_0355_var02,train,666.14,124.6,108.3,85.0,46.69,2.61,15.41,36.0,31.4,48.6,49.77,0.108,31.23,24.7,78.3,18.4
CHEM-TR-0355,img_train_0355_var03,train,666.14,130.4,118.8,144.7,51.78,9.73,-12.42,268.0,18.0,56.5,49.99,0.1,40.84,25.1,69.0,25.2
CHEM-TR-0355,img_train_0355_var04,train,666.14,137.4,116.0,91.5,50.21,4.53,16.61,32.0,33.7,53.7,46.59,0.1,39.29,20.4,36.6,30.5
CHEM-TR-0355,img_train_0355_var05,train,666.14,129.2,112.0,87.2,48.2,2.74,16.28,34.0,32.5,50.6,48.4,0.333,23.33,30.7,51.0,37.9
CHEM-TR-0355,img_train_0355_var06,train,666.14,125.0,108.4,85.6,46.76,2.83,15.18,34.0,32.2,49.0,49.68,0.1,33.36,19.4,37.4,8.6
CHEM-TR-0355,img_train_0355_var07,train,666.14,130.0,111.7,87.1,48.19,3.25,16.35,34.0,32.5,50.6,48.45,0.31,24.14,29.1,66.8,37.4
CHEM-TR-0355,img_train_0355_var08,train,666.14,174.1,104.5,73.3,51.26,24.78,29.25,18.0,58.0,68.2,54.78,0.1,32.32,27.4,77.5,15.8
CHEM-TR-0355,img_train_0355_var09,train,666.14,125.1,107.8,85.6,46.59,3.24,14.96,34.0,32.2,49.0,49.84,0.154,29.59,27.9,35.2,37.4
CHEM-TR-0355,img_train_0355_var10,train,666.14,116.1,101.0,79.6,43.64,2.48,14.31,34.0,31.8,45.5,52.67,0.133,30.36,19.1,76.3,35.5
CHEM-TR-0356,img_train_0356_var01,train,994.28,94.6,77.1,58.1,34.06,4.31,14.05,32.0,38.4,36.9,62.26,0.1,41.87,34.9,31.6,19.0
CHEM-TR-0356,img_train_0356_var02,train,994.28,97.4,80.4,59.7,35.38,3.69,14.88,34.0,39.2,38.0,60.99,0.978,0.76,22.5,72.0,22.4
CHEM-TR-0356,img_train_0356_var03,train,994.28,92.5,74.0,40.8,32.6,3.1,22.65,38.0,56.5,36.1,64.9,0.1,46.73,24.3,51.5,36.0
CHEM-TR-0356,img_train_0356_var05,train,994.28,99.1,79.1,57.2,35.13,4.99,16.11,32.0,42.4,38.8,61.45,0.96,1.4,20.3,61.5,24.6
CHEM-TR-0356,img_train_0356_var06,train,994.28,99.2,81.1,60.0,35.78,4.14,15.25,32.0,39.2,38.8,60.65,0.985,0.53,21.1,77.9,22.7
CHEM-TR-0356,img_train_0356_var07,train,994.28,93.8,75.4,56.5,33.45,4.75,14.19,30.0,39.6,36.5,62.91,0.1,37.25,19.3,56.1,33.7
CHEM-TR-0356,img_train_0356_var09,train,994.28,94.6,77.1,56.9,34.04,4.08,14.73,34.0,40.4,36.9,62.33,0.1,36.92,32.7,42.8,14.6
CHEM-TR-0356,img_train_0356_var10,train,994.28,86.3,69.5,50.3,30.75,4.12,14.29,32.0,42.0,33.7,65.56,0.1,38.38,26.7,46.2,17.7
CHEM-TR-0357,img_train_0357_var01,train,81.79,223.4,216.6,197.5,86.62,-0.92,10.25,44.0,11.8,87.5,9.57,0.639,12.62,27.9,65.9,11.7
CHEM-TR-0357,img_train_0357_var02,train,81.79,223.3,215.7,196.4,86.34,-0.62,10.45,42.0,12.2,87.5,9.83,0.977,0.8,34.8,31.0,14.3
CHEM-TR-0357,img_train_0357_var03,train,81.79,222.7,214.8,192.1,85.97,-1.03,12.17,44.0,13.3,87.1,10.63,0.932,2.38,34.2,54.8,16.3
CHEM-TR-0357,img_train_0357_var05,train,81.79,223.1,214.8,197.6,86.14,-0.05,9.5,40.0,11.8,87.5,9.89,0.96,1.39,30.8,41.5,27.0
CHEM-TR-0357,img_train_0357_var06,train,81.79,224.8,216.9,197.2,86.79,-0.57,10.66,42.0,12.2,87.8,9.42,0.573,14.94,33.7,75.4,34.1
CHEM-TR-0357,img_train_0357_var07,train,81.79,225.2,217.6,197.9,87.03,-0.71,10.66,42.0,12.5,88.2,9.2,0.964,1.26,23.9,71.0,24.1
CHEM-TR-0357,img_train_0357_var08,train,81.79,220.1,203.7,177.1,82.62,1.5,15.32,36.0,19.6,86.3,14.83,0.98,0.7,27.1,61.7,17.5
CHEM-TR-0357,img_train_0357_var09,train,81.79,223.9,216.5,197.9,86.64,-0.61,10.06,44.0,11.8,87.5,9.49,0.656,12.04,29.1,48.7,18.0
CHEM-TR-0357,img_train_0357_var10,train,81.79,213.0,207.6,190.9,83.36,-1.02,8.96,46.0,10.2,83.1,12.73,0.332,23.39,21.0,35.5,11.3
CHEM-TR-0358,img_train_0358_var01,train,625.56,130.1,113.5,91.7,48.82,2.87,14.48,34.0,29.8,51.0,47.56,0.1,33.52,33.5,51.6,24.2
CHEM-TR-0358,img_train_0358_var02,train,625.56,135.2,116.0,91.8,50.03,3.61,16.18,34.0,32.5,52.9,46.63,0.979,0.73,22.4,31.8,16.5
CHEM-TR-0358,img_train_0358_var03,train,625.56,140.2,123.4,129.7,53.44,7.6,-1.05,338.0,12.2,54.9,44.3,0.1,35.35,30.7,40.8,9.5
CHEM-TR-0358,img_train_0358_var04,train,625.56,137.7,116.6,93.9,50.46,4.63,15.58,32.0,32.2,53.7,46.2,0.1,39.03,26.6,60.7,18.8
CHEM-TR-0358,img_train_0358_var05,train,625.56,133.5,116.4,91.9,49.95,2.7,16.01,36.0,31.8,52.2,46.63,0.958,1.47,32.4,33.6,20.2
CHEM-TR-0358,img_train_0358_var06,train,625.56,135.2,116.9,92.5,50.26,3.21,16.08,34.0,31.8,52.9,46.36,0.985,0.52,20.8,76.9,31.1
CHEM-TR-0358,img_train_0358_var07,train,625.56,131.8,114.7,92.5,49.33,3.03,14.74,34.0,29.8,51.4,47.09,0.412,20.57,33.9,77.6,9.2
CHEM-TR-0358,img_train_0358_var08,train,625.56,144.0,130.0,116.0,55.23,2.89,9.51,30.0,19.6,56.5,40.84,0.1,38.22,24.5,55.6,4.4
CHEM-TR-0358,img_train_0358_var09,train,625.56,133.7,116.5,91.8,50.0,2.71,16.13,36.0,31.8,52.2,46.6,0.945,1.94,32.6,40.6,12.5
CHEM-TR-0358,img_train_0358_var10,train,625.56,131.4,115.4,92.8,49.49,2.49,14.77,36.0,29.8,51.4,46.91,0.19,28.35,19.9,33.9,16.6
CHEM-TR-0359,img_train_0359_var01,train,1115.49,85.5,67.6,48.5,30.04,4.68,14.5,30.0,43.5,33.3,66.32,0.1,43.98,30.5,54.1,25.0
CHEM-TR-0359,img_train_0359_var02,train,1115.49,90.7,71.6,50.8,31.88,4.91,15.56,32.0,44.3,35.3,64.61,0.978,0.76,27.9,41.0,36.3
CHEM-TR-0359,img_train_0359_var03,train,1115.49,80.4,62.0,14.9,27.3,2.59,30.37,42.0,82.4,31.4,71.98,0.1,52.25,24.7,67.1,13.5
CHEM-TR-0359,img_train_0359_var05,train,1115.49,84.6,67.2,47.9,29.81,4.42,14.53,32.0,43.9,32.9,66.54,0.1,32.35,21.3,62.5,34.3
CHEM-TR-0359,img_train_0359_var06,train,1115.49,85.6,68.2,49.3,30.24,4.45,14.27,32.0,42.4,33.3,66.09,0.1,44.6,27.1,75.3,34.2
CHEM-TR-0359,img_train_0359_var07,train,1115.49,89.6,70.0,50.4,31.26,5.34,15.0,30.0,43.9,34.9,65.2,0.1,31.98,29.7,57.1,12.0
CHEM-TR-0359,img_train_0359_var08,train,1115.49,95.0,82.0,66.0,35.72,2.6,11.39,34.0,30.6,37.3,60.36,0.1,53.15,25.6,73.0,19.6
CHEM-TR-0359,img_train_0359_var09,train,1115.49,89.9,70.4,51.0,31.44,5.31,14.87,30.0,43.9,34.9,65.0,0.95,1.73,29.7,45.1,18.3
CHEM-TR-0359,img_train_0359_var10,train,1115.49,80.0,62.2,42.5,27.69,4.73,15.08,32.0,47.5,31.4,68.71,0.1,38.69,30.9,74.6,5.0
CHEM-TR-0360,img_train_0360_var01,train,486.95,153.3,135.6,112.3,57.54,2.92,14.97,34.0,26.7,60.0,39.0,0.182,28.61,21.4,38.5,4.3
CHEM-TR-0360,img_train_0360_var02,train,486.95,154.9,136.0,111.6,57.78,3.23,15.78,34.0,27.8,60.4,38.91,0.274,25.4,29.8,32.6,25.5
CHEM-TR-0360,img_train_0360_var03,train,486.95,153.2,142.6,165.6,60.82,8.47,-10.7,268.0,14.1,64.7,41.1,0.167,29.16,23.4,57.2,4.1
CHEM-TR-0360,img_train_0360_var04,train,486.95,158.8,138.4,116.3,58.9,4.11,14.67,32.0,26.7,62.0,37.7,0.986,0.5,28.9,70.1,4.3
CHEM-TR-0360,img_train_0360_var05,train,486.95,152.7,134.9,110.5,57.25,2.78,15.63,34.0,27.5,59.6,39.38,0.962,1.33,34.3,41.5,6.1
CHEM-TR-0360,img_train_0360_var06,train,486.95,148.7,132.7,111.3,56.29,2.5,13.77,34.0,25.1,58.0,40.05,0.269,25.57,22.0,54.7,33.8
CHEM-TR-0360,img_train_0360_var07,train,486.95,150.9,134.8,111.3,57.06,2.26,14.85,36.0,25.9,58.8,39.42,0.526,16.6,30.6,57.8,23.5
CHEM-TR-0360,img_train_0360_var08,train,486.95,156.0,147.0,135.0,61.38,1.19,7.54,34.0,13.3,61.2,34.66,0.295,24.69,26.2,43.6,39.0
CHEM-TR-0360,img_train_0360_var09,train,486.95,149.7,133.0,111.1,56.46,2.72,14.11,34.0,25.5,58.4,39.93,0.341,23.05,24.1,44.2,18.7
CHEM-TR-0360,img_train_0360_var10,train,486.95,142.4,127.5,105.2,54.15,1.99,14.19,36.0,25.9,55.7,42.2,0.314,24.03,27.9,34.9,10.2
CHEM-TR-0361,img_train_0361_var01,train,1418.61,68.2,51.3,35.8,22.85,5.12,12.78,30.0,48.6,26.7,73.39,0.1,52.88,25.6,38.0,33.2
CHEM-TR-0361,img_train_0361_var02,train,1418.61,68.5,51.2,35.6,22.83,5.35,12.86,30.0,48.6,26.7,73.43,0.1,48.1,25.1,66.8,32.5
CHEM-TR-0361,img_train_0361_var03,train,1418.61,73.4,65.0,96.9,29.59,11.27,-17.52,256.0,33.3,37.6,72.32,0.983,0.6,19.8,63.4,18.8
CHEM-TR-0361,img_train_0361_var05,train,1418.61,67.1,50.7,34.7,22.52,4.86,13.03,30.0,49.4,26.3,73.72,0.1,33.44,31.8,37.0,28.5
CHEM-TR-0361,img_train_0361_var06,train,1418.61,68.0,51.8,35.4,22.97,4.69,13.17,30.0,48.6,26.7,73.27,0.1,52.82,31.0,38.5,11.4
CHEM-TR-0361,img_train_0361_var07,train,1418.61,68.7,51.4,35.5,22.93,5.29,13.04,30.0,48.6,26.7,73.34,0.1,34.24,29.6,63.5,38.8
CHEM-TR-0361,img_train_0361_var08,train,1418.61,77.0,63.0,47.0,27.68,3.37,12.1,32.0,38.8,30.2,68.45,0.1,50.06,30.7,56.6,25.5
CHEM-TR-0361,img_train_0361_var09,train,1418.61,73.0,54.9,37.6,24.56,5.4,13.91,30.0,48.6,28.2,71.78,0.918,2.87,24.3,57.5,14.5
CHEM-TR-0361,img_train_0361_var10,train,1418.61,58.8,42.1,26.3,18.63,5.4,13.27,30.0,55.3,22.7,77.64,0.1,45.13,33.2,53.8,36.7
CHEM-TR-0362,img_train_0362_var01,train,32.46,237.7,230.6,211.1,91.57,-0.85,10.36,44.0,11.0,92.9,4.83,0.575,14.89,24.0,60.7,4.0
CHEM-TR-0362,img_train_0362_var02,train,32.46,237.1,230.1,211.1,91.41,-0.81,10.09,44.0,11.0,92.9,4.9,0.984,0.58,19.1,54.8,36.9
CHEM-TR-0362,img_train_0362_var03,train,32.46,237.2,230.4,226.5,91.85,1.61,2.72,22.0,4.7,92.9,7.61,0.984,0.56,34.9,69.4,6.2
CHEM-TR-0362,img_train_0362_var05,train,32.46,235.1,228.1,210.4,90.74,-0.64,9.51,44.0,10.6,92.2,5.41,0.95,1.74,33.7,42.5,29.4
CHEM-TR-0362,img_train_0362_var06,train,32.46,237.1,229.8,211.2,91.34,-0.62,9.93,42.0,11.0,92.9,4.88,0.502,17.44,27.6,64.3,8.1
CHEM-TR-0362,img_train_0362_var07,train,32.46,238.3,230.7,212.7,91.68,-0.42,9.66,42.0,11.0,93.3,4.47,0.362,22.32,32.2,40.9,27.8
CHEM-TR-0362,img_train_0362_var09,train,32.46,237.5,230.1,211.4,91.44,-0.62,9.99,44.0,11.0,92.9,4.8,0.624,13.17,24.5,60.6,8.9
CHEM-TR-0362,img_train_0362_var10,train,32.46,227.4,222.8,206.8,88.71,-1.13,8.37,46.0,9.4,89.0,7.5,0.234,26.81,19.3,72.8,33.4
CHEM-TR-0363,img_train_0363_var01,train,1523.75,63.3,47.7,33.0,21.07,4.77,12.12,28.0,47.5,24.7,75.12,0.1,51.2,30.5,66.0,21.6
CHEM-TR-0363,img_train_0363_var02,train,1523.75,66.9,51.1,35.5,22.61,4.6,12.61,30.0,47.1,25.9,73.59,0.1,54.18,21.2,60.4,6.0
CHEM-TR-0363,img_train_0363_var03,train,1523.75,69.5,58.1,79.2,26.4,9.73,-10.95,272.0,26.7,31.0,72.99,0.981,0.66,26.2,43.5,28.6
CHEM-TR-0363,img_train_0363_var05,train,1523.75,68.2,50.9,35.1,22.73,5.29,13.02,28.0,48.6,26.7,73.54,0.1,39.08,28.4,48.8,6.6
CHEM-TR-0363,img_train_0363_var06,train,1523.75,68.7,51.1,34.8,22.83,5.4,13.37,30.0,50.2,26.7,73.46,0.984,0.56,20.0,47.5,18.2
CHEM-TR-0363,img_train_0363_var07,train,1523.75,67.5,50.1,33.7,22.35,5.29,13.47,30.0,50.6,26.3,73.94,0.1,36.99,31.7,35.2,34.8
CHEM-TR-0363,img_train_0363_var09,train,1523.75,68.0,50.4,34.5,22.52,5.47,13.13,30.0,49.4,26.3,73.76,0.949,1.78,32.4,66.6,14.0
CHEM-TR-0363,img_train_0363_var10,train,1523.75,55.2,38.7,24.1,17.06,5.55,12.66,28.0,56.5,21.6,79.19,0.1,46.29,34.7,37.4,33.1
CHEM-TR-0364,img_train_0364_var01,train,786.56,118.1,99.0,75.5,43.2,3.95,16.19,32.0,36.5,46.3,53.4,0.988,0.43,33.9,30.0,35.7
CHEM-TR-0364,img_train_0364_var02,train,786.56,112.2,94.6,74.1,41.33,3.78,14.44,32.0,34.1,43.9,55.04,0.1,33.93,26.2,54.4,26.7
CHEM-TR-0364,img_train_0364_var03,train,786.56,118.0,98.5,74.3,43.02,4.06,16.71,34.0,36.9,45.9,53.66,0.1,40.93,34.6,45.6,15.6
CHEM-TR-0364,img_train_0364_var04,train,786.56,118.1,96.3,74.7,42.44,5.44,15.66,30.0,37.3,46.3,54.2,0.1,46.42,21.6,35.6,4.6
CHEM-TR-0364,img_train_0364_var05,train,786.56,112.5,94.9,73.1,41.41,3.63,15.09,32.0,34.9,43.9,55.02,0.263,25.8,24.3,37.4,25.6
CHEM-TR-0364,img_train_0364_var06,train,786.56,113.0,95.1,74.0,41.54,3.8,14.77,34.0,34.9,43.9,54.86,0.1,40.08,21.4,37.4,20.3
CHEM-TR-0364,img_train_0364_var07,train,786.56,116.9,99.0,74.0,43.04,3.2,16.89,34.0,37.3,45.5,53.61,0.969,1.09,33.3,75.9,25.8
CHEM-TR-0364,img_train_0364_var08,train,786.56,122.0,110.0,95.0,47.13,2.06,10.08,34.0,22.0,47.8,48.91,0.1,35.8,27.2,55.7,23.2
CHEM-TR-0364,img_train_0364_var09,train,786.56,112.4,94.8,72.7,41.37,3.57,15.29,34.0,35.7,43.9,55.08,0.1,33.36,19.3,53.5,38.1
CHEM-TR-0364,img_train_0364_var10,train,786.56,105.9,88.7,67.8,38.86,3.61,14.77,34.0,36.1,41.2,57.51,0.1,32.95,31.2,79.3,8.8
CHEM-TR-0365,img_train_0365_var01,train,953.37,103.1,83.5,61.1,36.93,4.63,16.17,32.0,40.8,40.4,59.65,0.982,0.63,22.8,31.1,9.1
CHEM-TR-0365,img_train_0365_var02,train,953.37,97.2,80.1,58.9,35.24,3.7,15.17,34.0,40.4,38.0,61.16,0.1,39.74,27.5,64.4,27.7
CHEM-TR-0365,img_train_0365_var03,train,953.37,110.1,91.9,107.4,41.27,10.35,-6.04,310.0,17.3,43.1,57.61,0.985,0.51,23.2,37.4,30.8
CHEM-TR-0365,img_train_0365_var04,train,953.37,100.8,78.8,58.0,35.25,6.07,15.79,28.0,42.0,39.2,61.38,0.1,53.83,24.6,62.2,38.2
CHEM-TR-0365,img_train_0365_var05,train,953.37,98.3,79.6,60.3,35.26,4.71,14.38,30.0,38.8,38.4,61.12,0.144,29.96,26.0,77.8,13.1
CHEM-TR-0365,img_train_0365_var06,train,953.37,98.1,80.2,59.4,35.37,4.13,15.06,32.0,39.6,38.4,61.04,0.1,40.95,25.1,55.5,31.4
CHEM-TR-0365,img_train_0365_var07,train,953.37,101.9,82.6,59.4,36.48,4.45,16.61,32.0,41.6,39.6,60.13,0.117,30.9,25.4,34.2,22.5
CHEM-TR-0365,img_train_0365_var08,train,953.37,104.0,91.0,74.0,39.45,2.33,11.75,34.0,29.0,40.8,56.65,0.1,41.28,34.1,63.5,20.8
CHEM-TR-0365,img_train_0365_var09,train,953.37,97.5,79.5,58.9,35.1,4.19,14.99,32.0,40.4,38.0,61.31,0.1,37.1,33.0,52.8,27.8
CHEM-TR-0365,img_train_0365_var10,train,953.37,102.4,83.2,61.1,36.74,4.52,15.9,32.0,40.4,40.0,59.8,0.1,43.41,29.0,43.1,4.5
CHEM-TR-0366,img_train_0366_var01,train,0.0,243.7,239.1,223.1,94.44,-1.15,8.28,48.0,8.2,95.3,2.38,0.532,16.39,29.7,56.4,6.5
CHEM-TR-0366,img_train_0366_var02,train,0.0,244.0,239.4,222.2,94.52,-1.37,8.86,48.0,8.6,95.3,2.39,0.979,0.72,32.3,47.4,20.4
CHEM-TR-0366,img_train_0366_var03,train,0.0,244.9,236.6,224.0,93.93,0.69,7.09,38.0,8.6,95.7,2.82,0.218,27.37,22.7,53.7,25.2
CHEM-TR-0366,img_train_0366_var05,train,0.0,243.6,239.1,222.2,94.41,-1.33,8.7,48.0,8.6,95.3,2.44,0.965,1.21,27.9,33.9,10.8
CHEM-TR-0366,img_train_0366_var06,train,0.0,243.6,239.1,223.2,94.44,-1.17,8.2,48.0,8.2,95.3,2.42,0.551,15.72,27.4,50.8,5.1
CHEM-TR-0366,img_train_0366_var07,train,0.0,244.7,241.4,225.5,95.15,-1.58,8.07,50.0,7.8,95.7,2.43,0.964,1.25,21.5,69.5,16.6
CHEM-TR-0366,img_train_0366_var09,train,0.0,245.5,240.2,222.4,94.83,-1.19,9.23,46.0,9.4,96.1,2.07,0.593,14.24,33.3,63.0,34.1
CHEM-TR-0366,img_train_0366_var10,train,0.0,233.4,235.2,218.9,92.58,-3.43,7.68,68.0,7.1,92.2,5.37,0.141,30.07,30.2,38.6,4.1
CHEM-TR-0367,img_train_0367_var01,train,32.92,237.1,229.9,211.1,91.35,-0.71,10.03,42.0,11.0,92.9,4.91,0.482,18.15,24.4,65.8,37.5
CHEM-TR-0367,img_train_0367_var02,train,32.92,236.7,230.6,211.2,91.51,-1.22,10.17,46.0,10.6,92.5,4.95,0.987,0.46,21.2,73.4,5.7
CHEM-TR-0367,img_train_0367_var05,train,32.92,237.1,229.6,210.3,91.26,-0.69,10.31,42.0,11.4,92.9,5.06,0.963,1.3,29.7,35.0,18.9
CHEM-TR-0367,img_train_0367_var06,train,32.92,237.7,230.5,211.5,91.55,-0.71,10.1,44.0,11.0,92.9,4.74,0.6,13.99,28.2,60.4,35.4
CHEM-TR-0367,img_train_0367_var07,train,32.92,236.2,230.2,211.8,91.37,-1.04,9.67,46.0,10.6,92.5,4.93,0.962,1.32,26.5,63.0,29.3
CHEM-TR-0367,img_train_0367_var09,train,32.92,236.6,231.0,211.0,91.6,-1.48,10.42,48.0,11.0,92.5,5.03,0.632,12.88,34.1,44.2,23.2
CHEM-TR-0367,img_train_0367_var10,train,32.92,227.1,222.4,206.4,88.59,-1.14,8.4,46.0,9.4,89.0,7.61,0.248,26.32,25.9,49.8,18.6
CHEM-TR-0368,img_train_0368_var01,train,58.87,229.7,222.9,203.0,88.82,-1.03,10.58,44.0,11.8,89.8,7.51,0.573,14.94,30.4,68.2,21.4
CHEM-TR-0368,img_train_0368_var02,train,58.87,235.4,223.2,203.5,89.37,0.95,11.15,38.0,13.7,92.2,6.98,0.976,0.85,29.2,68.4,6.3
CHEM-TR-0368,img_train_0368_var03,train,58.87,228.4,221.7,208.2,88.56,-0.04,7.43,40.0,8.6,89.4,7.62,0.937,2.2,19.2,53.2,37.6
CHEM-TR-0368,img_train_0368_var04,train,58.87,229.1,228.4,222.3,90.63,-0.82,3.02,52.0,3.1,89.8,8.14,0.997,0.12,28.6,56.0,16.1
CHEM-TR-0368,img_train_0368_var05,train,58.87,230.8,222.8,202.2,88.87,-0.7,11.05,42.0,12.2,90.2,7.52,0.955,1.58,23.3,72.2,10.9
CHEM-TR-0368,img_train_0368_var06,train,58.87,228.4,222.1,204.0,88.54,-0.9,9.61,46.0,10.6,89.4,7.61,0.62,13.29,23.3,65.4,32.3
CHEM-TR-0368,img_train_0368_var07,train,58.87,230.6,223.0,204.0,88.96,-0.62,10.27,44.0,11.8,90.2,7.24,0.968,1.13,20.1,35.9,31.3
CHEM-TR-0368,img_train_0368_var09,train,58.87,228.4,222.2,203.3,88.55,-1.05,10.01,46.0,11.0,89.4,7.68,0.936,2.25,31.4,57.7,13.9
CHEM-TR-0368,img_train_0368_var10,train,58.87,214.1,211.2,195.8,84.46,-1.64,7.94,50.0,9.0,83.9,11.78,0.297,24.61,26.2,54.4,7.5
CHEM-TR-0369,img_train_0369_var01,train,931.44,104.3,84.0,63.5,37.25,5.18,15.18,30.0,39.6,40.8,59.26,0.98,0.7,25.6,49.6,36.2
CHEM-TR-0369,img_train_0369_var02,train,931.44,103.3,84.9,62.8,37.39,4.07,15.8,32.0,40.0,40.4,59.11,0.982,0.63,33.9,74.4,22.6
CHEM-TR-0369,img_train_0369_var03,train,931.44,104.4,84.8,60.1,37.41,4.3,17.47,32.0,42.4,40.8,59.32,0.98,0.7,21.3,74.4,17.8
CHEM-TR-0369,img_train_0369_var04,train,931.44,103.5,81.0,60.8,36.24,6.32,15.49,28.0,41.6,40.4,60.39,0.1,52.57,27.0,78.3,20.2
CHEM-TR-0369,img_train_0369_var05,train,931.44,104.6,83.4,62.5,37.08,5.58,15.59,30.0,40.4,40.8,59.5,0.96,1.39,22.7,70.5,12.3
CHEM-TR-0369,img_train_0369_var06,train,931.44,104.5,85.0,63.5,37.55,4.68,15.6,30.0,39.6,40.8,58.97,0.1,46.13,21.3,77.0,31.6
CHEM-TR-0369,img_train_0369_var07,train,931.44,99.6,80.8,60.5,35.73,4.62,14.88,30.0,39.2,38.8,60.7,0.254,26.12,29.8,58.5,34.5
CHEM-TR-0369,img_train_0369_var08,train,931.44,109.0,93.0,78.0,40.62,3.93,11.02,30.0,28.6,42.7,55.52,0.1,40.28,22.9,73.1,23.1
CHEM-TR-0369,img_train_0369_var09,train,931.44,103.4,83.8,61.9,37.03,4.7,15.85,32.0,40.8,40.4,59.51,0.945,1.91,20.9,77.2,11.7
CHEM-TR-0369,img_train_0369_var10,train,931.44,92.4,74.7,55.3,33.06,4.35,14.38,30.0,40.4,36.1,63.29,0.1,42.88,19.3,70.1,19.5
CHEM-TR-0370,img_train_0370_var01,train,109.57,217.2,208.5,189.8,83.89,-0.13,10.34,40.0,12.9,85.1,12.2,0.604,13.86,20.0,53.1,19.6
CHEM-TR-0370,img_train_0370_var02,train,109.57,216.4,208.2,188.1,83.7,-0.52,10.97,42.0,12.9,84.7,12.5,0.976,0.84,34.1,42.6,36.4
CHEM-TR-0370,img_train_0370_var03,train,109.57,221.7,212.9,211.8,85.9,2.83,1.61,6.0,4.7,86.7,12.73,0.599,14.04,22.4,42.6,36.3
CHEM-TR-0370,img_train_0370_var04,train,109.57,226.8,224.7,205.2,89.13,-2.62,9.81,54.0,9.4,88.6,7.59,0.627,13.07,22.8,59.9,20.5
CHEM-TR-0370,img_train_0370_var05,train,109.57,218.9,209.6,188.9,84.28,-0.25,11.42,42.0,13.7,85.5,11.99,0.958,1.48,28.2,31.7,9.1
CHEM-TR-0370,img_train_0370_var06,train,109.57,219.2,210.4,189.2,84.52,-0.54,11.61,42.0,13.7,85.9,11.82,0.6,13.98,21.2,76.0,15.1
CHEM-TR-0370,img_train_0370_var07,train,109.57,219.0,211.4,191.0,84.8,-0.82,11.04,42.0,12.9,85.9,11.46,0.62,13.29,26.7,41.0,38.2
CHEM-TR-0370,img_train_0370_var09,train,109.57,219.2,209.8,189.1,84.36,-0.19,11.41,40.0,13.7,85.9,11.91,0.933,2.33,30.9,52.9,26.8
CHEM-TR-0370,img_train_0370_var10,train,109.57,205.5,199.5,182.4,80.48,-0.87,9.3,44.0,11.4,80.4,15.58,0.376,21.86,25.9,59.4,27.6
CHEM-TR-0371,img_train_0371_var01,train,587.02,139.4,121.8,97.5,52.13,2.88,15.8,34.0,30.2,54.5,44.46,0.981,0.66,34.5,43.0,15.5
CHEM-TR-0371,img_train_0371_var02,train,587.02,141.3,121.7,98.1,52.32,3.75,15.78,32.0,30.6,55.3,44.32,0.102,31.43,33.9,39.4,6.3
CHEM-TR-0371,img_train_0371_var03,train,587.02,135.5,118.6,97.6,50.87,3.11,13.93,34.0,28.2,52.9,45.47,0.1,39.0,35.0,60.0,11.3
CHEM-TR-0371,img_train_0371_var04,train,587.02,147.0,126.3,102.4,54.22,4.13,15.96,32.0,30.2,57.3,42.51,0.1,35.81,20.7,42.6,12.5
CHEM-TR-0371,img_train_0371_var05,train,587.02,135.2,119.1,95.7,50.96,2.36,15.19,36.0,29.8,52.9,45.5,0.448,19.34,21.9,63.2,8.9
CHEM-TR-0371,img_train_0371_var06,train,587.02,135.9,118.5,97.1,50.88,3.22,14.28,34.0,28.2,52.9,45.51,0.1,32.1,33.7,78.8,23.2
CHEM-TR-0371,img_train_0371_var07,train,587.02,137.1,120.6,97.8,51.58,2.64,14.84,34.0,29.0,53.7,44.85,0.446,19.4,30.5,65.4,38.9
CHEM-TR-0371,img_train_0371_var08,train,587.02,143.0,133.0,119.0,56.03,1.29,8.91,36.0,16.9,56.1,39.98,0.159,29.42,29.0,78.7,4.5
CHEM-TR-0371,img_train_0371_var09,train,587.02,135.6,118.9,95.5,50.92,2.67,15.25,34.0,29.8,52.9,45.56,0.252,26.19,34.8,50.8,8.1
CHEM-TR-0371,img_train_0371_var10,train,587.02,129.9,113.1,90.4,48.66,2.84,15.04,36.0,30.2,50.6,47.78,0.1,33.55,30.6,76.3,28.4
CHEM-TR-0372,img_train_0372_var01,train,625.78,134.6,117.0,92.6,50.24,2.93,15.97,34.0,31.4,52.5,46.35,0.984,0.57,32.6,47.5,19.1
CHEM-TR-0372,img_train_0372_var02,train,625.78,135.3,116.4,92.2,50.13,3.48,16.1,34.0,31.8,52.9,46.51,0.978,0.76,32.1,70.5,36.6
CHEM-TR-0372,img_train_0372_var03,train,625.78,140.5,120.5,127.1,52.64,8.88,-0.73,340.0,14.1,54.9,45.22,0.1,39.56,32.3,38.4,21.1
CHEM-TR-0372,img_train_0372_var04,train,625.78,142.4,120.8,97.1,52.14,4.64,16.12,30.0,31.8,55.7,44.63,0.1,38.08,19.5,55.6,4.2
CHEM-TR-0372,img_train_0372_var05,train,625.78,130.2,112.6,90.9,48.56,3.31,14.61,34.0,30.6,51.0,47.85,0.36,22.41,22.5,33.3,17.2
CHEM-TR-0372,img_train_0372_var06,train,625.78,130.4,113.6,91.7,48.88,2.97,14.56,34.0,29.8,51.0,47.51,0.129,30.48,20.8,39.3,11.2
CHEM-TR-0372,img_train_0372_var07,train,625.78,130.9,113.9,90.9,48.98,2.89,15.22,34.0,30.6,51.0,47.49,0.375,21.88,24.5,30.9,13.2
CHEM-TR-0372,img_train_0372_var08,train,625.78,135.0,126.0,112.0,53.21,0.92,8.86,36.0,16.9,52.9,42.79,0.144,29.95,20.5,42.4,28.5
CHEM-TR-0372,img_train_0372_var09,train,625.78,135.0,116.1,92.6,50.04,3.56,15.72,34.0,31.4,52.5,46.55,0.948,1.82,19.3,37.5,11.8
CHEM-TR-0372,img_train_0372_var10,train,625.78,135.0,116.5,92.9,50.14,3.4,15.68,34.0,31.4,52.5,46.43,0.1,33.78,31.0,35.6,25.6
CHEM-TR-0373,img_train_0373_var01,train,111.13,219.1,208.9,187.8,84.1,0.0,11.77,40.0,14.5,85.9,12.23,0.577,14.81,25.5,35.8,12.7
CHEM-TR-0373,img_train_0373_var02,train,111.13,224.3,209.8,187.4,84.74,1.37,12.91,36.0,16.5,87.8,11.95,0.979,0.72,22.1,68.8,34.6
CHEM-TR-0373,img_train_0373_var04,train,111.13,224.4,222.2,208.5,88.36,-1.62,6.98,52.0,7.1,87.8,8.18,0.996,0.13,26.4,58.0,12.7
CHEM-TR-0373,img_train_0373_var05,train,111.13,216.7,207.1,187.1,83.42,-0.02,11.1,42.0,13.3,84.7,12.76,0.963,1.29,32.2,56.2,32.5
CHEM-TR-0373,img_train_0373_var06,train,111.13,217.7,207.5,188.6,83.65,0.35,10.67,40.0,13.3,85.1,12.46,0.629,12.98,33.2,75.9,26.8
CHEM-TR-0373,img_train_0373_var07,train,111.13,219.8,210.9,189.1,84.69,-0.54,11.88,42.0,13.7,85.9,11.72,0.968,1.11,22.9,65.3,23.3
CHEM-TR-0373,img_train_0373_var09,train,111.13,217.0,207.7,188.6,83.65,-0.0,10.65,40.0,13.3,85.1,12.47,0.664,11.78,22.6,54.2,27.1
CHEM-TR-0373,img_train_0373_var10,train,111.13,220.1,212.0,192.1,85.07,-0.58,10.87,42.0,12.5,86.3,11.14,0.497,17.6,30.6,36.3,36.2
CHEM-TR-0374,img_train_0374_var01,train,116.95,218.4,208.1,187.0,83.82,0.06,11.75,40.0,14.1,85.5,12.49,0.559,15.42,33.0,74.2,26.6
CHEM-TR-0374,img_train_0374_var02,train,116.95,216.9,205.9,188.1,83.17,0.83,10.22,36.0,12.9,84.7,12.89,0.98,0.69,29.9,32.9,30.4
CHEM-TR-0374,img_train_0374_var03,train,116.95,218.3,204.7,191.3,83.05,2.47,8.36,28.0,12.5,85.5,13.11,0.691,10.81,29.1,67.0,21.5
CHEM-TR-0374,img_train_0374_var04,train,116.95,228.8,219.3,200.1,87.78,0.07,10.59,40.0,12.2,89.4,8.38,0.641,12.56,30.1,55.4,31.7
CHEM-TR-0374,img_train_0374_var05,train,116.95,218.7,208.2,186.2,83.86,-0.05,12.24,42.0,14.5,85.5,12.58,0.958,1.46,33.3,61.7,25.0
CHEM-TR-0374,img_train_0374_var06,train,116.95,217.9,208.1,187.1,83.78,-0.13,11.66,42.0,13.7,85.1,12.52,0.602,13.92,33.4,52.8,35.3
CHEM-TR-0374,img_train_0374_var07,train,116.95,218.7,208.6,188.1,83.99,0.1,11.4,40.0,13.7,85.5,12.25,0.969,1.1,21.0,31.5,37.9
CHEM-TR-0374,img_train_0374_var09,train,116.95,216.7,206.5,186.5,83.26,0.19,11.22,40.0,13.7,84.7,12.94,0.675,11.37,29.5,50.0,23.3
CHEM-TR-0374,img_train_0374_var10,train,116.95,209.5,201.4,183.0,81.29,-0.28,10.18,42.0,12.9,82.0,14.78,0.32,23.8,23.8,40.3,7.6
CHEM-TR-0375,img_train_0375_var01,train,355.19,173.0,157.4,133.6,65.62,1.86,14.5,36.0,23.1,67.8,30.9,0.368,22.14,29.0,64.8,26.2
CHEM-TR-0375,img_train_0375_var02,train,355.19,169.2,154.1,132.1,64.39,1.91,13.58,36.0,22.0,66.3,31.97,0.976,0.84,28.7,53.9,13.1
CHEM-TR-0375,img_train_0375_var03,train,355.19,172.3,156.7,141.6,65.56,3.19,9.96,30.0,18.0,67.5,30.57,0.984,0.56,21.1,57.3,13.4
CHEM-TR-0375,img_train_0375_var04,train,355.19,190.1,169.6,145.3,70.61,3.55,15.27,32.0,23.5,74.5,26.33,0.455,19.07,34.3,63.8,20.0
CHEM-TR-0375,img_train_0375_var05,train,355.19,172.5,156.6,133.4,65.36,2.05,14.29,36.0,22.7,67.5,31.13,0.966,1.17,29.8,58.1,26.3
CHEM-TR-0375,img_train_0375_var06,train,355.19,169.6,154.7,133.3,64.59,1.91,13.24,34.0,21.2,66.3,31.73,0.418,20.36,33.6,68.6,4.9
CHEM-TR-0375,img_train_0375_var07,train,355.19,173.3,155.9,134.1,65.27,2.85,13.77,32.0,22.4,67.8,31.19,0.959,1.44,20.6,33.9,5.8
CHEM-TR-0375,img_train_0375_var08,train,355.19,185.0,179.0,175.0,73.32,1.4,2.79,24.0,5.5,72.5,23.53,0.908,3.23,31.5,71.8,39.0
CHEM-TR-0375,img_train_0375_var09,train,355.19,168.8,155.1,132.9,64.63,1.32,13.47,38.0,21.6,65.9,31.7,0.475,18.37,33.8,54.0,8.6
CHEM-TR-0375,img_train_0375_var10,train,355.19,162.0,148.0,127.5,62.01,1.76,12.74,34.0,21.6,63.5,34.22,0.978,0.78,22.7,60.7,12.4
CHEM-TR-0376,img_train_0376_var01,train,88.95,223.9,215.8,194.8,86.38,-0.72,11.32,44.0,12.9,87.5,9.97,0.613,13.56,24.2,55.5,6.6
CHEM-TR-0376,img_train_0376_var02,train,88.95,222.0,213.9,195.8,85.77,-0.25,9.9,42.0,11.8,86.7,10.3,0.976,0.84,21.7,71.4,24.6
CHEM-TR-0376,img_train_0376_var04,train,88.95,229.5,226.2,212.1,89.86,-1.3,7.27,50.0,7.5,89.8,6.63,0.996,0.15,31.3,74.0,16.2
CHEM-TR-0376,img_train_0376_var05,train,88.95,224.1,213.9,195.3,85.94,0.36,10.46,38.0,12.9,87.8,10.17,0.96,1.4,32.5,57.5,14.9
CHEM-TR-0376,img_train_0376_var06,train,88.95,222.2,214.0,195.4,85.81,-0.3,10.18,40.0,12.2,87.1,10.29,0.647,12.37,31.2,77.2,27.7
CHEM-TR-0376,img_train_0376_var07,train,88.95,221.7,213.8,195.9,85.73,-0.29,9.78,42.0,11.8,86.7,10.33,0.968,1.13,33.3,40.8,31.1
CHEM-TR-0376,img_train_0376_var09,train,88.95,224.5,215.3,194.9,86.3,-0.24,11.16,42.0,13.3,87.8,9.97,0.951,1.72,26.7,46.8,8.1
CHEM-TR-0376,img_train_0376_var10,train,88.95,211.7,204.9,188.4,82.5,-0.5,9.07,42.0,11.0,82.7,13.54,0.312,24.09,19.8,61.7,11.0
CHEM-TR-0377,img_train_0377_var01,train,266.21,185.2,172.2,151.1,70.99,1.13,12.55,38.0,18.4,72.5,25.27,0.42,20.31,20.0,53.8,36.6
CHEM-TR-0377,img_train_0377_var02,train,266.21,184.3,171.6,150.0,70.73,0.94,12.78,38.0,18.4,72.2,25.55,0.981,0.65,29.9,75.6,26.2
CHEM-TR-0377,img_train_0377_var03,train,266.21,188.0,175.0,176.5,72.56,4.94,0.89,352.0,7.5,73.7,25.2,0.983,0.59,23.2,67.1,13.0
CHEM-TR-0377,img_train_0377_var04,train,266.21,204.2,189.7,167.1,77.5,1.39,13.28,36.0,18.0,80.0,19.01,0.616,13.45,30.1,42.0,27.9
CHEM-TR-0377,img_train_0377_var05,train,266.21,183.9,171.3,150.7,70.61,1.1,12.23,38.0,18.0,71.8,25.6,0.961,1.36,20.2,35.7,12.5
CHEM-TR-0377,img_train_0377_var06,train,266.21,187.6,173.8,150.8,71.58,1.16,13.59,38.0,19.6,73.3,24.86,0.475,18.37,28.3,33.8,34.7
CHEM-TR-0377,img_train_0377_var07,train,266.21,183.9,171.4,150.1,70.64,0.92,12.58,38.0,18.0,71.8,25.61,0.966,1.18,24.6,31.9,8.2
CHEM-TR-0377,img_train_0377_var08,train,266.21,187.0,189.0,183.0,76.3,-1.8,2.78,80.0,3.1,74.1,20.79,0.982,0.63,26.1,40.9,38.6
CHEM-TR-0377,img_train_0377_var09,train,266.21,184.1,171.4,150.0,70.65,1.01,12.67,38.0,18.4,72.2,25.62,0.942,2.04,30.0,49.8,28.7
CHEM-TR-0377,img_train_0377_var10,train,266.21,177.5,165.4,145.2,68.39,1.01,12.05,38.0,18.0,69.4,27.78,0.977,0.79,34.2,77.3,25.5
CHEM-TR-0378,img_train_0378_var01,train,110.0,217.1,209.2,189.0,84.03,-0.66,10.98,42.0,12.9,85.1,12.19,0.607,13.77,24.7,48.4,6.3
CHEM-TR-0378,img_train_0378_var02,train,110.0,224.4,210.3,189.6,84.93,1.46,12.01,36.0,15.7,87.8,11.51,0.981,0.66,34.6,52.0,12.6
CHEM-TR-0378,img_train_0378_var03,train,110.0,218.5,210.0,200.2,84.61,1.27,5.88,30.0,8.2,85.5,11.83,0.98,0.71,31.9,68.8,22.3
CHEM-TR-0378,img_train_0378_var04,train,110.0,227.2,225.5,207.4,89.39,-2.5,9.06,54.0,8.6,89.0,7.26,0.997,0.12,31.6,58.7,9.0
CHEM-TR-0378,img_train_0378_var05,train,110.0,219.6,210.7,189.2,84.64,-0.54,11.77,42.0,13.7,85.9,11.74,0.96,1.4,20.6,65.2,21.5
CHEM-TR-0378,img_train_0378_var06,train,110.0,217.0,208.8,189.0,83.93,-0.48,10.82,40.0,12.9,85.1,12.25,0.598,14.05,29.5,37.8,18.1
CHEM-TR-0378,img_train_0378_var07,train,110.0,220.0,209.7,189.4,84.41,0.14,11.37,40.0,13.7,85.9,11.84,0.613,13.53,33.6,49.5,37.2
CHEM-TR-0378,img_train_0378_var09,train,110.0,216.1,209.0,188.4,83.9,-1.04,11.12,46.0,12.9,84.7,12.38,0.938,2.17,33.7,51.6,16.5
CHEM-TR-0378,img_train_0378_var10,train,110.0,209.1,203.2,183.7,81.75,-1.31,10.48,46.0,12.5,82.0,14.44,0.357,22.52,28.2,73.6,36.1
CHEM-TR-0379,img_train_0379_var01,train,278.06,182.8,170.2,148.9,70.2,0.96,12.62,38.0,18.8,71.4,26.06,0.461,18.86,28.3,78.6,30.1
CHEM-TR-0379,img_train_0379_var02,train,278.06,182.6,169.8,148.4,70.08,1.03,12.73,38.0,18.8,71.4,26.19,0.98,0.69,24.2,50.1,34.5
CHEM-TR-0379,img_train_0379_var03,train,278.06,185.8,171.3,142.5,70.6,0.55,16.74,40.0,23.1,72.5,26.55,0.932,2.37,30.5,58.4,31.2
CHEM-TR-0379,img_train_0379_var04,train,278.06,203.3,186.4,163.3,76.49,2.27,13.91,34.0,19.6,79.6,20.2,0.583,14.61,31.8,38.0,7.4
CHEM-TR-0379,img_train_0379_var05,train,278.06,181.0,168.0,146.9,69.43,1.13,12.62,38.0,18.8,70.6,26.82,0.954,1.62,28.3,61.3,16.3
CHEM-TR-0379,img_train_0379_var06,train,278.06,186.2,171.9,148.6,70.92,1.34,13.84,36.0,20.4,72.9,25.56,0.499,17.55,20.7,59.4,30.4
CHEM-TR-0379,img_train_0379_var07,train,278.06,182.4,169.2,147.7,69.88,1.15,12.81,38.0,19.2,71.4,26.4,0.97,1.04,28.2,41.2,35.2
CHEM-TR-0379,img_train_0379_var08,train,278.06,186.0,184.0,173.0,74.66,-1.27,5.83,50.0,7.1,72.9,21.65,0.982,0.61,26.7,47.4,4.4
CHEM-TR-0379,img_train_0379_var09,train,278.06,182.9,169.6,148.1,70.02,1.25,12.8,38.0,18.8,71.4,26.27,0.572,14.98,35.0,34.4,23.2
CHEM-TR-0379,img_train_0379_var10,train,278.06,178.0,164.1,143.6,68.06,1.62,12.44,38.0,19.2,69.4,28.17,0.979,0.75,20.0,61.2,6.3
CHEM-TR-0380,img_train_0380_var01,train,0.0,244.7,240.2,222.6,94.79,-1.48,9.05,50.0,9.0,95.7,2.32,0.41,20.64,33.9,75.1,32.4
CHEM-TR-0380,img_train_0380_var02,train,0.0,244.1,239.4,221.7,94.53,-1.42,9.15,46.0,9.4,95.7,2.42,0.974,0.9,24.3,76.1,23.0
CHEM-TR-0380,img_train_0380_var03,train,0.0,245.0,238.0,228.8,94.39,0.78,5.28,34.0,6.7,95.7,4.06,0.371,22.03,25.5,76.7,31.5
CHEM-TR-0380,img_train_0380_var05,train,0.0,245.0,240.0,222.2,94.75,-1.32,9.2,46.0,9.4,96.1,2.22,0.958,1.46,20.3,62.2,21.2
CHEM-TR-0380,img_train_0380_var06,train,0.0,243.5,239.9,222.4,94.6,-1.75,8.88,48.0,8.6,95.3,2.65,0.535,16.26,31.6,71.3,7.6
CHEM-TR-0380,img_train_0380_var07,train,0.0,244.1,240.8,224.5,94.92,-1.65,8.26,48.0,8.2,95.7,2.52,0.963,1.31,27.0,39.8,24.1
CHEM-TR-0380,img_train_0380_var09,train,0.0,244.5,240.3,223.5,94.81,-1.4,8.62,48.0,8.6,95.7,2.27,0.594,14.21,22.5,74.6,16.9
CHEM-TR-0380,img_train_0380_var10,train,0.0,228.2,226.6,211.5,89.85,-2.08,7.56,52.0,7.5,89.4,6.82,0.1,39.28,26.5,43.0,20.4
CHEM-TR-0381,img_train_0381_var01,train,826.49,108.6,91.3,69.9,39.92,3.59,14.99,34.0,36.1,42.4,56.48,0.1,40.23,34.4,63.5,38.5
CHEM-TR-0381,img_train_0381_var02,train,826.49,113.2,94.5,71.7,41.36,3.94,15.92,32.0,37.3,44.3,55.18,0.1,37.93,31.8,50.9,6.5
CHEM-TR-0381,img_train_0381_var03,train,826.49,116.9,101.2,122.4,45.0,10.44,-9.48,282.0,17.3,47.8,55.15,0.1,47.57,26.3,51.0,18.1
CHEM-TR-0381,img_train_0381_var04,train,826.49,114.1,91.8,70.3,40.66,5.77,15.83,28.0,38.4,44.7,56.01,0.1,49.53,25.4,35.1,29.1
CHEM-TR-0381,img_train_0381_var05,train,826.49,113.3,92.7,70.9,40.82,4.98,15.67,30.0,38.0,44.3,55.76,0.959,1.43,20.9,78.4,17.0
CHEM-TR-0381,img_train_0381_var06,train,826.49,113.6,94.8,71.3,41.48,3.87,16.3,32.0,37.3,44.3,55.11,0.985,0.54,33.8,66.7,16.4
CHEM-TR-0381,img_train_0381_var07,train,826.49,112.8,93.7,71.3,41.06,4.22,15.76,32.0,36.5,43.9,55.48,0.1,34.99,22.5,59.5,36.9
CHEM-TR-0381,img_train_0381_var08,train,826.49,118.0,106.0,91.0,45.52,2.08,10.15,34.0,22.7,46.3,50.52,0.1,36.79,27.0,74.0,30.0
CHEM-TR-0381,img_train_0381_var09,train,826.49,108.1,90.9,69.2,39.72,3.51,15.15,32.0,36.1,42.4,56.69,0.1,35.14,29.4,59.4,21.6
CHEM-TR-0381,img_train_0381_var10,train,826.49,112.9,93.9,70.8,41.12,4.08,16.13,32.0,37.6,43.9,55.46,0.1,38.27,23.4,34.1,10.7
CHEM-TR-0382,img_train_0382_var01,train,690.73,128.5,109.0,85.6,47.28,3.95,15.94,34.0,33.7,50.2,49.33,0.1,38.58,30.8,33.0,5.9
CHEM-TR-0382,img_train_0382_var02,train,690.73,127.9,108.9,85.5,47.2,3.74,15.87,32.0,32.9,49.8,49.39,0.1,35.39,31.6,41.1,29.2
CHEM-TR-0382,img_train_0382_var03,train,690.73,144.9,137.5,194.0,59.82,15.13,-28.39,248.0,29.4,76.1,54.05,0.1,38.54,23.3,72.4,25.7
CHEM-TR-0382,img_train_0382_var04,train,690.73,130.2,107.4,86.4,47.03,5.73,15.13,28.0,33.7,51.0,49.63,0.1,42.6,33.8,64.2,11.6
CHEM-TR-0382,img_train_0382_var05,train,690.73,126.1,107.8,84.9,46.68,3.55,15.52,32.0,33.3,49.4,49.84,0.957,1.49,20.0,62.7,34.6
CHEM-TR-0382,img_train_0382_var06,train,690.73,127.7,109.2,86.0,47.26,3.59,15.67,34.0,32.9,49.8,49.29,0.1,36.16,34.0,52.2,34.7
CHEM-TR-0382,img_train_0382_var07,train,690.73,126.7,108.8,84.7,47.01,3.18,16.11,34.0,33.3,49.4,49.58,0.353,22.63,25.7,66.0,26.6
CHEM-TR-0382,img_train_0382_var08,train,690.73,129.0,118.0,103.0,50.22,1.59,9.8,34.0,20.0,50.6,45.8,0.1,32.8,20.2,45.3,13.4
CHEM-TR-0382,img_train_0382_var09,train,690.73,123.6,106.2,84.2,45.98,3.29,14.9,34.0,31.8,48.2,50.44,0.158,29.48,22.0,61.0,7.5
CHEM-TR-0382,img_train_0382_var10,train,690.73,114.4,97.8,77.7,42.52,3.34,13.93,32.0,32.5,44.7,53.78,0.114,31.01,25.6,53.6,19.2
CHEM-TR-0383,img_train_0383_var01,train,1800.88,59.1,42.7,27.8,18.89,5.28,12.65,28.0,54.1,23.1,77.34,0.983,0.58,19.7,47.5,21.8
CHEM-TR-0383,img_train_0383_var05,train,1800.88,59.2,42.4,27.1,18.81,5.4,13.01,28.0,54.1,23.1,77.45,0.1,38.08,23.8,37.7,7.3
CHEM-TR-0383,img_train_0383_var07,train,1800.88,53.7,37.2,23.0,16.38,5.65,12.5,30.0,58.4,20.8,79.86,0.1,37.85,29.6,31.9,37.1
CHEM-TR-0383,img_train_0383_var09,train,1800.88,58.1,41.7,28.0,18.47,5.47,11.95,28.0,53.3,22.7,77.75,0.949,1.8,28.0,72.5,28.9
CHEM-TR-0383,img_train_0383_var10,train,1800.88,46.9,29.9,16.5,13.01,6.41,12.13,26.0,65.1,18.0,83.26,0.1,54.02,31.1,30.5,15.6
CHEM-TR-0384,img_train_0384_var01,train,497.4,150.5,133.9,109.5,56.76,2.27,15.48,36.0,27.5,58.8,39.81,0.1,33.21,23.5,38.3,26.8
CHEM-TR-0384,img_train_0384_var02,train,497.4,146.2,131.1,108.6,55.57,2.01,14.28,36.0,25.9,57.3,40.8,0.254,26.1,22.8,42.7,12.5
CHEM-TR-0384,img_train_0384_var03,train,497.4,147.4,131.0,109.2,55.67,2.64,14.06,34.0,25.9,57.6,40.7,0.1,31.69,28.7,56.9,32.9
CHEM-TR-0384,img_train_0384_var04,train,497.4,162.3,141.9,117.5,60.2,3.76,15.83,32.0,27.8,63.5,36.59,0.995,0.18,19.8,67.4,37.3
CHEM-TR-0384,img_train_0384_var05,train,497.4,146.7,130.1,107.4,55.31,2.6,14.6,36.0,26.7,57.3,41.13,0.465,18.72,30.5,39.1,17.0
CHEM-TR-0384,img_train_0384_var06,train,497.4,147.0,131.4,108.6,55.71,2.15,14.47,36.0,25.9,57.3,40.69,0.274,25.42,21.0,45.5,8.7
CHEM-TR-0384,img_train_0384_var07,train,497.4,150.5,133.3,108.5,56.58,2.47,15.8,36.0,27.8,58.8,40.05,0.965,1.21,22.2,44.8,8.9
CHEM-TR-0384,img_train_0384_var08,train,497.4,165.1,156.0,170.5,65.53,6.06,-6.34,278.0,8.2,66.7,34.56,0.1,36.18,21.7,33.9,21.5
CHEM-TR-0384,img_train_0384_var09,train,497.4,150.8,133.9,109.8,56.77,2.49,15.32,36.0,27.5,58.8,39.79,0.258,25.97,30.1,45.7,22.6
CHEM-TR-0384,img_train_0384_var10,train,497.4,152.4,134.5,111.1,57.13,2.98,15.09,34.0,27.1,59.6,39.42,0.237,26.71,20.8,79.0,25.5
CHEM-TR-0385,img_train_0385_var01,train,968.92,97.0,78.6,58.7,34.78,4.55,14.66,30.0,40.4,38.0,61.61,0.1,43.31,19.6,38.5,9.6
CHEM-TR-0385,img_train_0385_var02,train,968.92,100.9,81.0,60.6,35.95,5.1,15.12,32.0,40.0,39.2,60.54,0.979,0.74,29.4,55.5,28.7
CHEM-TR-0385,img_train_0385_var03,train,968.92,101.8,81.9,57.6,36.24,4.54,17.41,32.0,43.5,39.6,60.48,0.1,49.76,28.6,45.5,18.0
CHEM-TR-0385,img_train_0385_var04,train,968.92,99.9,77.5,57.5,34.76,6.39,15.47,28.0,42.4,38.8,61.86,0.1,54.34,19.8,62.5,18.0
CHEM-TR-0385,img_train_0385_var05,train,968.92,97.3,77.6,58.8,34.52,5.29,14.25,30.0,40.4,38.0,61.89,0.167,29.16,27.3,46.9,22.9
CHEM-TR-0385,img_train_0385_var06,train,968.92,97.2,78.6,58.7,34.81,4.58,14.7,30.0,40.4,38.0,61.59,0.1,45.04,29.3,40.2,11.5
CHEM-TR-0385,img_train_0385_var07,train,968.92,100.8,80.3,59.6,35.72,5.32,15.42,30.0,41.2,39.2,60.81,0.968,1.11,31.2,45.3,23.1
CHEM-TR-0385,img_train_0385_var08,train,968.92,103.0,90.0,76.0,39.1,2.82,10.03,32.0,26.3,40.4,56.96,0.1,45.23,31.8,73.1,14.4
CHEM-TR-0385,img_train_0385_var09,train,968.92,95.5,77.7,58.5,34.34,4.38,14.17,30.0,38.8,37.3,62.0,0.1,39.06,34.3,73.6,19.9
CHEM-TR-0385,img_train_0385_var10,train,968.92,101.3,80.7,60.4,35.9,5.45,15.21,30.0,40.8,39.6,60.62,0.1,41.61,28.1,53.8,12.3
CHEM-TR-0386,img_train_0386_var01,train,422.66,162.2,145.8,121.9,61.3,2.21,14.89,36.0,25.5,63.5,35.24,0.244,26.47,21.7,41.1,27.1
CHEM-TR-0386,img_train_0386_var02,train,422.66,163.4,146.6,121.0,61.6,2.13,15.82,36.0,25.9,63.9,35.11,0.983,0.6,21.9,69.4,26.6
CHEM-TR-0386,img_train_0386_var03,train,422.66,158.4,143.1,123.8,60.3,2.48,12.35,34.0,22.0,62.0,35.91,0.981,0.65,33.8,72.7,36.6
CHEM-TR-0386,img_train_0386_var04,train,422.66,172.7,155.7,131.6,65.11,2.3,14.93,36.0,23.9,67.5,31.51,0.99,0.35,24.0,51.8,21.5
CHEM-TR-0386,img_train_0386_var05,train,422.66,161.0,144.1,120.0,60.69,2.39,15.11,36.0,25.5,62.7,35.88,0.96,1.4,32.5,64.5,19.9
CHEM-TR-0386,img_train_0386_var06,train,422.66,157.8,143.5,120.8,60.28,1.56,14.01,38.0,23.5,61.6,36.09,0.366,22.2,21.1,68.5,11.7
CHEM-TR-0386,img_train_0386_var07,train,422.66,161.6,145.4,122.8,61.17,2.31,14.21,36.0,24.3,63.1,35.26,0.588,14.43,20.1,59.2,14.3
CHEM-TR-0386,img_train_0386_var08,train,422.66,168.0,158.0,150.0,65.73,2.22,5.48,26.0,10.6,65.9,30.52,0.953,1.63,32.4,34.4,17.7
CHEM-TR-0386,img_train_0386_var09,train,422.66,162.3,145.9,121.7,61.34,2.18,15.08,36.0,25.5,63.5,35.23,0.36,22.41,30.8,42.1,31.5
CHEM-TR-0386,img_train_0386_var10,train,422.66,160.3,146.1,124.3,61.28,1.62,13.5,36.0,22.4,62.7,35.03,0.41,20.67,31.2,42.0,35.7
CHEM-TR-0387,img_train_0387_var01,train,487.85,153.1,135.5,111.0,57.47,2.69,15.63,34.0,28.2,60.0,39.16,0.985,0.52,28.2,55.8,28.9
CHEM-TR-0387,img_train_0387_var02,train,487.85,148.1,132.9,109.1,56.26,1.82,14.95,36.0,26.3,58.0,40.2,0.295,24.68,20.0,36.0,23.8
CHEM-TR-0387,img_train_0387_var03,train,487.85,149.2,132.7,110.9,56.32,2.69,14.03,34.0,26.3,58.4,40.06,0.1,31.52,34.2,63.6,33.8
CHEM-TR-0387,img_train_0387_var04,train,487.85,166.4,144.4,118.7,61.25,4.21,16.7,32.0,29.0,65.1,35.79,0.189,28.39,24.2,36.8,17.8
CHEM-TR-0387,img_train_0387_var05,train,487.85,152.7,135.3,109.1,57.32,2.38,16.48,36.0,28.2,59.6,39.44,0.962,1.32,21.1,67.1,21.3
CHEM-TR-0387,img_train_0387_var06,train,487.85,153.1,135.8,110.4,57.53,2.43,16.06,34.0,28.2,60.0,39.16,0.265,25.74,25.6,70.5,12.1
CHEM-TR-0387,img_train_0387_var07,train,487.85,152.1,135.4,110.5,57.32,2.29,15.69,36.0,27.5,59.6,39.3,0.968,1.11,24.7,30.5,12.3
CHEM-TR-0387,img_train_0387_var08,train,487.85,182.8,163.5,176.4,69.15,9.33,-4.09,318.0,10.6,71.4,31.15,0.808,6.74,33.9,37.9,6.8
CHEM-TR-0387,img_train_0387_var09,train,487.85,149.0,132.7,110.0,56.3,2.44,14.55,34.0,26.7,58.4,40.13,0.339,23.14,34.0,36.0,33.0
CHEM-TR-0387,img_train_0387_var10,train,487.85,143.2,128.3,104.4,54.42,1.76,15.02,36.0,27.5,56.1,42.03,0.259,25.92,30.1,34.6,30.1
CHEM-TR-0388,img_train_0388_var01,train,614.99,130.8,114.7,92.6,49.24,2.63,14.55,34.0,29.4,51.0,47.14,0.134,30.3,20.6,44.6,21.0
CHEM-TR-0388,img_train_0388_var02,train,614.99,131.1,114.2,91.8,49.12,2.89,14.84,34.0,30.6,51.4,47.3,0.143,30.01,23.3,78.8,28.0
CHEM-TR-0388,img_train_0388_var03,train,614.99,135.2,117.6,94.9,50.52,3.17,15.02,34.0,30.2,52.9,45.95,0.981,0.65,32.0,54.4,31.5
CHEM-TR-0388,img_train_0388_var04,train,614.99,145.9,123.8,98.6,53.33,4.61,16.96,32.0,32.5,56.9,43.6,0.1,36.52,31.8,49.5,17.5
CHEM-TR-0388,img_train_0388_var05,train,614.99,134.4,117.1,92.4,50.24,2.78,16.1,36.0,31.4,52.5,46.36,0.96,1.4,33.3,69.7,10.2
CHEM-TR-0388,img_train_0388_var06,train,614.99,131.6,114.8,92.6,49.34,2.93,14.69,34.0,29.8,51.4,47.07,0.1,33.8,21.0,71.1,25.4
CHEM-TR-0388,img_train_0388_var07,train,614.99,135.0,117.3,93.2,50.37,2.97,15.85,36.0,30.6,52.5,46.21,0.964,1.27,19.2,75.1,6.3
CHEM-TR-0388,img_train_0388_var08,train,614.99,163.3,149.3,180.9,63.94,11.31,-14.54,268.0,17.3,70.6,41.22,0.1,39.04,28.6,33.8,30.9
CHEM-TR-0388,img_train_0388_var09,train,614.99,135.7,117.1,92.9,50.39,3.37,16.02,34.0,31.8,52.9,46.24,0.952,1.66,27.7,77.9,4.2
CHEM-TR-0388,img_train_0388_var10,train,614.99,124.4,108.3,87.1,46.71,2.81,14.2,34.0,29.8,48.6,49.62,0.191,28.32,31.1,57.3,28.3
CHEM-TR-0389,img_train_0389_var04,train,1784.76,53.6,36.6,20.3,16.12,5.75,13.97,30.0,62.4,20.8,80.21,0.989,0.39,27.7,65.6,32.7
CHEM-TR-0389,img_train_0389_var05,train,1784.76,58.2,42.0,27.3,18.55,5.26,12.52,28.0,53.3,22.7,77.68,0.963,1.31,33.1,64.8,5.5
CHEM-TR-0389,img_train_0389_var06,train,1784.76,54.9,39.4,26.1,17.29,5.12,11.61,28.0,51.8,21.2,78.89,0.1,54.34,34.6,30.3,4.5
CHEM-TR-0389,img_train_0389_var07,train,1784.76,58.0,42.7,26.3,18.71,4.57,13.36,30.0,54.5,22.4,77.52,0.1,35.06,24.7,32.9,33.8
CHEM-TR-0389,img_train_0389_var09,train,1784.76,53.3,39.3,24.9,17.0,4.25,12.01,32.0,54.9,20.8,79.15,0.1,48.52,33.5,33.2,38.1
CHEM-TR-0389,img_train_0389_var10,train,1784.76,45.1,30.8,16.1,13.04,4.74,12.37,28.0,64.3,17.6,83.14,0.1,51.16,33.5,60.1,21.5
CHEM-TR-0390,img_train_0390_var01,train,1593.68,62.2,44.9,31.3,20.06,5.81,11.89,26.0,49.8,24.3,76.18,0.1,52.88,23.7,62.6,6.9
CHEM-TR-0390,img_train_0390_var02,train,1593.68,60.8,44.2,30.1,19.63,5.41,12.08,28.0,50.2,23.5,76.59,0.1,50.04,20.1,31.8,25.1
CHEM-TR-0390,img_train_0390_var05,train,1593.68,64.4,47.2,31.7,21.03,5.48,12.94,30.0,51.4,25.1,75.24,0.1,38.69,20.6,41.8,11.4
CHEM-TR-0390,img_train_0390_var06,train,1593.68,67.1,47.9,33.3,21.63,6.5,12.77,24.0,50.6,26.3,74.71,0.985,0.52,32.7,46.9,23.9
CHEM-TR-0390,img_train_0390_var07,train,1593.68,65.7,46.5,30.8,20.98,6.49,13.5,28.0,53.7,25.5,75.39,0.965,1.23,24.7,65.0,23.4
CHEM-TR-0390,img_train_0390_var08,train,1593.68,67.0,53.0,40.0,23.31,4.04,10.57,28.0,40.4,26.3,72.79,0.1,52.13,33.7,70.7,21.7
CHEM-TR-0390,img_train_0390_var09,train,1593.68,61.9,44.2,29.3,19.76,5.88,12.85,28.0,52.5,23.9,76.53,0.1,45.49,25.1,52.8,24.6
CHEM-TR-0390,img_train_0390_var10,train,1593.68,63.8,46.1,30.5,20.6,5.76,13.19,30.0,52.5,24.7,75.7,0.1,54.13,31.5,41.7,33.4
CHEM-TR-0391,img_train_0391_var01,train,268.64,185.1,171.8,151.1,70.86,1.34,12.37,36.0,18.4,72.5,25.38,0.477,18.32,21.4,67.6,32.9
CHEM-TR-0391,img_train_0391_var02,train,268.64,187.9,174.5,151.0,71.81,0.97,13.78,38.0,19.2,73.3,24.66,0.98,0.71,32.2,70.5,14.9
CHEM-TR-0391,img_train_0391_var03,train,268.64,187.2,173.7,146.4,71.44,0.39,15.77,40.0,22.0,73.3,25.48,0.954,1.62,19.9,40.3,33.5
CHEM-TR-0391,img_train_0391_var04,train,268.64,207.3,188.4,164.6,77.38,2.85,14.48,34.0,20.8,81.2,19.55,0.999,0.03,26.1,63.0,24.3
CHEM-TR-0391,img_train_0391_var05,train,268.64,183.9,170.6,149.7,70.42,1.28,12.51,38.0,18.4,71.8,25.83,0.95,1.76,31.6,60.6,28.7
CHEM-TR-0391,img_train_0391_var06,train,268.64,184.2,171.9,151.0,70.81,0.94,12.35,38.0,18.4,72.2,25.42,0.512,17.07,31.1,79.1,24.0
CHEM-TR-0391,img_train_0391_var07,train,268.64,188.0,173.7,151.3,71.62,1.43,13.36,36.0,19.2,73.3,24.78,0.966,1.21,29.1,77.7,15.4
CHEM-TR-0391,img_train_0391_var08,train,268.64,190.0,187.0,182.0,75.99,0.15,2.9,38.0,4.3,74.5,20.92,0.981,0.68,24.0,69.8,12.1
CHEM-TR-0391,img_train_0391_var09,train,268.64,187.8,173.9,151.1,71.66,1.22,13.53,36.0,19.2,73.3,24.77,0.934,2.3,28.0,66.1,34.1
CHEM-TR-0391,img_train_0391_var10,train,268.64,179.2,166.6,145.3,68.86,0.98,12.68,38.0,18.8,70.2,27.39,0.978,0.76,20.7,73.6,30.9
CHEM-TR-0392,img_train_0392_var01,train,243.92,192.5,178.8,156.5,73.46,1.21,13.17,36.0,18.8,75.3,22.93,0.464,18.76,25.6,43.0,11.1
CHEM-TR-0392,img_train_0392_var02,train,243.92,196.2,179.3,156.6,73.91,2.32,13.81,34.0,20.4,76.9,22.68,0.98,0.69,23.3,41.1,16.9
CHEM-TR-0392,img_train_0392_var03,train,243.92,191.3,180.1,163.7,73.85,1.2,9.78,36.0,14.5,74.9,22.17,0.985,0.53,22.1,46.0,4.7
CHEM-TR-0392,img_train_0392_var04,train,243.92,200.2,183.3,163.1,75.42,2.74,12.44,32.0,18.4,78.4,20.99,0.982,0.65,21.5,36.1,36.2
CHEM-TR-0392,img_train_0392_var05,train,243.92,191.4,178.5,154.8,73.23,0.68,13.76,38.0,19.2,74.9,23.26,0.957,1.51,34.6,78.7,18.7
CHEM-TR-0392,img_train_0392_var06,train,243.92,191.7,179.3,156.4,73.52,0.61,13.33,40.0,18.4,74.9,22.89,0.503,17.39,30.3,58.2,34.8
CHEM-TR-0392,img_train_0392_var07,train,243.92,191.4,178.5,155.1,73.25,0.73,13.66,38.0,18.8,74.9,23.22,0.971,1.02,31.6,39.7,29.0
CHEM-TR-0392,img_train_0392_var08,train,243.92,199.0,200.0,196.0,80.42,-1.07,1.87,76.0,2.0,78.4,17.21,0.783,7.6,32.0,47.5,33.6
CHEM-TR-0392,img_train_0392_var09,train,243.92,188.7,176.8,155.5,72.58,0.67,12.45,38.0,17.6,73.7,23.67,0.616,13.43,22.8,73.0,25.8
CHEM-TR-0392,img_train_0392_var10,train,243.92,173.3,163.8,145.0,67.6,0.22,10.99,38.0,16.1,67.8,28.47,0.569,15.08,34.9,33.5,9.5
CHEM-TR-0393,img_train_0393_var01,train,1021.15,97.8,78.8,58.0,34.92,4.67,15.29,30.0,40.4,38.0,61.54,0.1,49.01,23.2,34.9,35.3
CHEM-TR-0393,img_train_0393_var02,train,1021.15,92.6,74.4,55.1,33.0,4.58,14.45,30.0,40.4,36.1,63.37,0.1,40.72,26.1,38.0,16.7
CHEM-TR-0393,img_train_0393_var03,train,1021.15,101.8,86.2,109.3,38.91,11.18,-10.85,280.0,21.2,42.7,61.38,0.984,0.54,21.7,40.9,9.6
CHEM-TR-0393,img_train_0393_var05,train,1021.15,96.8,77.2,57.4,34.34,5.12,14.86,30.0,40.8,37.6,62.11,0.964,1.27,28.3,49.3,18.6
CHEM-TR-0393,img_train_0393_var06,train,1021.15,92.7,75.2,55.8,33.25,4.25,14.36,32.0,40.4,36.1,63.09,0.1,43.8,31.9,46.4,12.2
CHEM-TR-0393,img_train_0393_var07,train,1021.15,97.4,78.5,56.5,34.73,4.49,15.96,32.0,42.4,38.0,61.79,0.1,32.38,34.1,52.5,28.7
CHEM-TR-0393,img_train_0393_var08,train,1021.15,104.0,90.0,73.0,39.13,2.78,11.93,32.0,29.8,40.8,56.99,0.1,52.08,23.1,62.3,19.0
CHEM-TR-0393,img_train_0393_var09,train,1021.15,93.0,75.0,56.1,33.25,4.56,14.13,30.0,39.6,36.5,63.09,0.1,39.59,19.1,72.3,17.9
CHEM-TR-0393,img_train_0393_var10,train,1021.15,93.9,74.9,54.9,33.29,4.85,14.98,30.0,42.0,36.5,63.14,0.1,39.07,22.5,45.1,4.9
CHEM-TR-0394,img_train_0394_var02,train,1594.43,61.9,44.4,30.9,19.85,5.97,11.86,28.0,51.0,23.9,76.4,0.1,51.37,21.9,76.5,15.3
CHEM-TR-0394,img_train_0394_var03,train,1594.43,66.8,54.3,77.1,24.93,10.67,-11.85,272.0,29.8,30.2,74.76,0.985,0.51,31.3,39.4,34.7
CHEM-TR-0394,img_train_0394_var05,train,1594.43,65.6,47.2,32.4,21.21,6.09,12.78,28.0,50.6,25.5,75.09,0.962,1.32,25.6,58.4,9.0
CHEM-TR-0394,img_train_0394_var06,train,1594.43,61.1,44.8,31.2,19.88,5.33,11.74,26.0,49.0,23.9,76.32,0.1,54.04,26.5,60.5,35.8
CHEM-TR-0394,img_train_0394_var07,train,1594.43,60.8,44.1,29.8,19.6,5.41,12.3,30.0,51.8,23.5,76.63,0.1,36.96,30.9,53.2,36.8
CHEM-TR-0394,img_train_0394_var09,train,1594.43,65.2,48.0,32.5,21.39,5.45,12.94,28.0,50.6,25.5,74.88,0.945,1.93,29.0,66.5,38.0
CHEM-TR-0394,img_train_0394_var10,train,1594.43,52.1,35.3,22.6,15.56,6.09,11.69,26.0,57.6,20.4,80.68,0.1,47.68,24.4,75.4,7.5
CHEM-TR-0395,img_train_0395_var01,train,479.47,153.5,137.2,112.5,58.0,2.07,15.5,36.0,26.7,60.0,38.58,0.986,0.5,27.7,63.3,27.5
CHEM-TR-0395,img_train_0395_var02,train,479.47,149.6,133.3,110.6,56.52,2.46,14.52,36.0,26.3,58.4,39.91,0.303,24.38,20.5,76.1,28.3
CHEM-TR-0395,img_train_0395_var03,train,479.47,178.4,172.5,235.8,73.06,15.44,-30.88,246.0,26.7,92.2,48.37,0.179,28.73,25.8,77.5,35.5
CHEM-TR-0395,img_train_0395_var04,train,479.47,164.1,144.7,119.5,61.13,3.24,16.01,34.0,27.5,64.3,35.67,0.175,28.87,34.5,69.4,38.1
CHEM-TR-0395,img_train_0395_var05,train,479.47,149.6,133.6,110.4,56.6,2.25,14.73,36.0,26.3,58.4,39.85,0.48,18.2,25.2,37.0,34.7
CHEM-TR-0395,img_train_0395_var06,train,479.47,153.7,136.8,113.0,57.92,2.45,15.11,34.0,26.3,60.0,38.62,0.273,25.44,34.5,47.4,25.9
CHEM-TR-0395,img_train_0395_var07,train,479.47,153.2,136.1,111.8,57.66,2.47,15.43,36.0,27.5,60.0,38.93,0.967,1.14,29.6,41.1,36.3
CHEM-TR-0395,img_train_0395_var08,train,479.47,167.0,158.0,145.0,65.53,0.99,7.96,36.0,13.3,65.5,30.49,0.984,0.54,34.8,69.0,35.8
CHEM-TR-0395,img_train_0395_var09,train,479.47,153.7,136.8,112.4,57.9,2.4,15.43,36.0,26.7,60.0,38.69,0.335,23.28,24.5,55.8,19.6
CHEM-TR-0395,img_train_0395_var10,train,479.47,141.7,127.6,106.3,54.13,1.8,13.55,36.0,24.7,55.3,42.14,0.336,23.23,22.5,63.9,30.0
CHEM-TR-0396,img_train_0396_var05,train,1671.23,62.4,46.4,30.5,20.53,4.79,13.04,30.0,51.8,24.3,75.7,0.962,1.34,33.5,56.1,25.3
CHEM-TR-0396,img_train_0396_var06,train,1671.23,63.8,47.0,30.8,20.88,5.16,13.34,30.0,52.5,24.7,75.39,0.985,0.52,23.8,55.5,14.5
CHEM-TR-0396,img_train_0396_var07,train,1671.23,57.2,42.1,27.3,18.45,4.69,12.38,30.0,52.5,22.4,77.74,0.1,33.49,26.6,58.7,7.7
CHEM-TR-0396,img_train_0396_var09,train,1671.23,58.1,41.5,27.3,18.39,5.53,12.31,28.0,53.3,22.7,77.84,0.917,2.89,33.7,55.8,4.0
CHEM-TR-0396,img_train_0396_var10,train,1671.23,48.3,33.3,18.4,14.31,4.97,12.71,30.0,62.4,18.8,81.9,0.1,49.45,22.6,74.0,26.4
CHEM-TR-0397,img_train_0397_var01,train,810.09,110.2,92.2,71.5,40.38,3.96,14.64,32.0,35.3,43.1,56.01,0.1,42.04,25.1,38.4,8.7
CHEM-TR-0397,img_train_0397_var02,train,810.09,109.9,91.7,71.1,40.21,4.06,14.67,32.0,34.9,42.7,56.19,0.1,35.62,29.9,69.7,16.0
CHEM-TR-0397,img_train_0397_var03,train,810.09,115.7,104.9,139.0,46.5,11.58,-17.18,260.0,24.7,54.1,57.08,0.984,0.54,26.7,48.1,16.1
CHEM-TR-0397,img_train_0397_var04,train,810.09,118.4,97.0,75.1,42.67,5.19,15.72,30.0,36.5,46.3,53.96,0.1,47.63,27.2,37.7,6.5
CHEM-TR-0397,img_train_0397_var05,train,810.09,109.2,91.2,71.3,39.98,4.09,14.19,32.0,34.9,42.7,56.37,0.253,26.16,32.6,36.3,8.7
CHEM-TR-0397,img_train_0397_var06,train,810.09,115.3,95.5,73.6,41.88,4.57,15.49,32.0,36.5,45.1,54.66,0.1,38.96,33.2,54.3,35.3
CHEM-TR-0397,img_train_0397_var07,train,810.09,110.2,91.6,71.2,40.2,4.3,14.58,30.0,35.3,43.1,56.21,0.1,33.44,34.8,39.2,28.5
CHEM-TR-0397,img_train_0397_var08,train,810.09,147.2,120.4,130.1,53.33,12.08,-1.37,338.0,18.4,57.6,45.41,0.1,46.34,34.9,70.3,28.9
CHEM-TR-0397,img_train_0397_var09,train,810.09,109.4,92.6,71.8,40.41,3.43,14.48,34.0,34.9,42.7,55.94,0.1,33.48,28.0,55.0,9.5
CHEM-TR-0397,img_train_0397_var10,train,810.09,103.6,85.7,64.6,37.66,4.03,15.03,32.0,38.0,40.4,58.76,0.1,43.09,32.7,71.1,38.5
CHEM-TR-0398,img_train_0398_var01,train,166.38,204.2,194.3,174.2,78.84,0.11,11.35,40.0,14.9,80.0,17.32,0.569,15.09,33.5,37.4,16.6
CHEM-TR-0398,img_train_0398_var02,train,166.38,204.1,194.7,174.5,78.94,-0.08,11.32,40.0,14.9,80.0,17.23,0.978,0.77,30.9,63.2,9.3
CHEM-TR-0398,img_train_0398_var03,train,166.38,206.6,193.9,182.9,79.14,2.57,7.11,28.0,11.8,80.8,17.09,0.982,0.62,20.7,64.0,5.4
CHEM-TR-0398,img_train_0398_var04,train,166.38,220.8,208.4,188.6,84.11,1.03,11.33,38.0,14.5,86.3,12.13,0.982,0.63,29.6,58.9,6.8
CHEM-TR-0398,img_train_0398_var05,train,166.38,204.0,193.3,172.9,78.53,0.37,11.6,40.0,15.7,80.0,17.66,0.957,1.5,34.8,63.3,31.1
CHEM-TR-0398,img_train_0398_var06,train,166.38,205.0,194.9,173.9,79.05,0.02,11.83,40.0,15.3,80.0,17.19,0.619,13.35,32.2,76.0,22.5
CHEM-TR-0398,img_train_0398_var07,train,166.38,204.3,193.7,172.8,78.66,0.22,11.84,40.0,15.7,80.0,17.57,0.969,1.1,30.3,66.4,33.6
CHEM-TR-0398,img_train_0398_var09,train,166.38,206.8,196.0,174.3,79.51,0.15,12.3,42.0,15.7,80.8,16.82,0.628,13.03,32.3,71.2,11.5
CHEM-TR-0398,img_train_0398_var10,train,166.38,205.3,195.5,176.1,79.29,0.15,11.01,40.0,14.1,80.4,16.83,0.979,0.74,27.4,60.4,23.0
CHEM-TR-0399,img_train_0399_var01,train,460.93,156.7,140.3,116.2,59.2,2.22,15.15,36.0,25.5,61.2,37.35,0.2,27.99,28.5,45.5,33.8
CHEM-TR-0399,img_train_0399_var02,train,460.93,152.4,136.7,114.3,57.8,2.2,14.2,34.0,25.1,59.6,38.59,0.981,0.67,34.7,40.0,6.9
CHEM-TR-0399,img_train_0399_var03,train,460.93,156.8,139.8,120.7,59.18,3.17,12.55,32.0,23.1,61.2,37.09,0.983,0.59,27.9,49.7,18.8
CHEM-TR-0399,img_train_0399_var04,train,460.93,166.0,147.0,122.7,62.01,3.15,15.47,34.0,26.7,65.1,34.7,0.192,28.28,20.7,71.4,23.6
CHEM-TR-0399,img_train_0399_var05,train,460.93,155.7,139.1,115.3,58.76,2.39,14.99,36.0,25.9,60.8,37.77,0.961,1.36,26.0,34.9,11.1
CHEM-TR-0399,img_train_0399_var06,train,460.93,157.0,139.4,115.4,58.98,2.7,15.25,34.0,26.7,61.6,37.61,0.986,0.51,25.0,79.6,18.8
CHEM-TR-0399,img_train_0399_var07,train,460.93,156.7,140.2,116.0,59.19,2.24,15.2,36.0,25.5,61.2,37.37,0.509,17.19,28.4,42.8,25.0
CHEM-TR-0399,img_train_0399_var08,train,460.93,161.0,151.0,141.0,63.04,1.9,6.58,30.0,12.5,63.1,33.08,0.33,23.46,21.8,30.3,38.8
CHEM-TR-0399,img_train_0399_var09,train,460.93,152.5,136.9,114.9,57.87,2.21,13.95,34.0,25.1,59.6,38.49,0.381,21.65,25.0,48.6,25.5
CHEM-TR-0399,img_train_0399_var10,train,460.93,143.6,129.0,108.5,54.75,2.09,13.15,36.0,24.3,56.1,41.49,0.436,19.76,34.1,65.0,6.5
CHEM-TR-0400,img_train_0400_var01,train,787.67,118.2,99.5,75.7,43.35,3.73,16.31,34.0,36.5,46.3,53.25,0.1,44.28,26.3,58.0,6.8
CHEM-TR-0400,img_train_0400_var02,train,787.67,117.2,98.0,75.8,42.85,4.16,15.52,32.0,36.1,45.9,53.67,0.978,0.78,22.0,35.4,20.2
CHEM-TR-0400,img_train_0400_var03,train,787.67,112.8,94.8,72.9,41.41,3.77,15.25,34.0,35.7,43.9,55.04,0.1,44.4,28.5,40.1,21.3
CHEM-TR-0400,img_train_0400_var04,train,787.67,117.0,96.1,74.1,42.25,4.98,15.76,32.0,36.1,45.5,54.36,0.1,47.56,27.2,36.2,20.0
CHEM-TR-0400,img_train_0400_var05,train,787.67,112.8,95.1,73.2,41.49,3.62,15.19,34.0,34.9,43.9,54.95,0.319,23.84,31.1,64.8,23.2
CHEM-TR-0400,img_train_0400_var06,train,787.67,117.7,98.5,75.9,43.04,4.08,15.75,32.0,36.1,45.9,53.51,0.984,0.55,21.3,52.5,5.8
CHEM-TR-0400,img_train_0400_var07,train,787.67,117.7,97.8,74.0,42.79,4.27,16.56,32.0,37.6,45.9,53.88,0.266,25.67,21.9,33.3,24.1
CHEM-TR-0400,img_train_0400_var08,train,787.67,124.0,110.0,96.0,47.34,3.05,9.82,30.0,22.7,48.6,48.73,0.1,45.16,33.0,43.4,4.5
CHEM-TR-0400,img_train_0400_var09,train,787.67,117.4,98.2,75.3,42.92,4.05,15.96,32.0,36.1,45.9,53.65,0.921,2.76,29.3,67.8,6.9
CHEM-TR-0400,img_train_0400_var10,train,787.67,116.7,98.0,75.3,42.77,3.88,15.71,32.0,35.3,45.5,53.76,0.1,35.39,22.8,61.0,10.7
CHEM-VA-0001,img_validation_0001_var05,validation,1994.7,49.1,33.0,20.4,14.38,5.82,11.56,26.0,59.2,19.2,81.83,0.1,38.14,34.8,67.6,9.1
CHEM-VA-0001,img_validation_0001_var07,validation,1994.7,47.9,32.8,18.9,14.11,5.19,12.15,28.0,61.6,18.4,82.08,0.1,46.73,28.5,70.9,26.6
CHEM-VA-0001,img_validation_0001_var08,validation,1994.7,87.1,63.2,84.9,30.06,14.62,-8.94,308.0,27.5,34.1,69.78,0.1,54.62,34.1,59.8,29.5
CHEM-VA-0001,img_validation_0001_var09,validation,1994.7,54.1,37.9,25.2,16.69,5.63,11.42,24.0,53.7,21.2,79.51,0.954,1.61,22.3,73.6,7.4
CHEM-VA-0002,img_validation_0002_var01,validation,1246.07,77.4,60.6,43.9,26.92,4.68,13.08,30.0,44.3,30.2,69.33,0.1,49.13,22.1,35.5,9.5
CHEM-VA-0002,img_validation_0002_var02,validation,1246.07,81.1,63.4,45.6,28.23,4.88,13.82,30.0,44.3,31.8,68.08,0.1,50.75,33.6,41.8,5.0
CHEM-VA-0002,img_validation_0002_var03,validation,1246.07,76.3,59.0,40.3,26.24,4.74,14.45,30.0,47.5,29.8,70.1,0.1,51.72,28.5,68.7,35.8
CHEM-VA-0002,img_validation_0002_var05,validation,1246.07,76.9,60.0,42.4,26.66,4.62,13.67,30.0,44.7,29.8,69.62,0.1,33.61,19.3,64.0,33.0
CHEM-VA-0002,img_validation_0002_var07,validation,1246.07,76.6,58.1,40.5,26.03,5.4,14.07,30.0,47.5,29.8,70.32,0.1,40.69,26.0,45.9,5.9
CHEM-VA-0002,img_validation_0002_var09,validation,1246.07,77.2,58.8,42.1,26.33,5.52,13.47,28.0,45.5,30.2,69.99,0.918,2.86,28.0,44.2,17.2
CHEM-VA-0002,img_validation_0002_var10,validation,1246.07,72.6,54.7,36.8,24.45,5.19,14.32,30.0,50.2,28.2,71.9,0.1,45.22,28.3,47.6,9.8
CHEM-VA-0003,img_validation_0003_var01,validation,74.44,224.9,218.2,199.7,87.19,-0.85,9.91,46.0,11.0,87.8,8.96,0.582,14.64,21.9,57.9,27.0
CHEM-VA-0003,img_validation_0003_var02,validation,74.44,224.1,217.9,198.8,87.02,-1.06,10.12,44.0,11.8,87.8,9.18,0.975,0.87,20.7,53.7,13.8
CHEM-VA-0003,img_validation_0003_var03,validation,74.44,226.8,219.9,212.2,88.05,1.04,4.57,30.0,6.3,88.6,9.12,0.98,0.69,34.7,71.6,27.7
CHEM-VA-0003,img_validation_0003_var04,validation,74.44,229.3,228.3,218.8,90.54,-1.31,4.73,54.0,4.7,89.8,7.16,0.995,0.16,27.3,51.1,36.5
CHEM-VA-0003,img_validation_0003_var05,validation,74.44,224.0,216.8,198.9,86.76,-0.59,9.69,44.0,11.4,87.5,9.33,0.954,1.61,19.7,37.4,17.6
CHEM-VA-0003,img_validation_0003_var06,validation,74.44,225.8,217.8,199.5,87.15,-0.36,9.98,42.0,11.4,88.2,8.95,0.65,12.25,27.6,77.9,17.8
CHEM-VA-0003,img_validation_0003_var07,validation,74.44,227.3,219.3,198.8,87.63,-0.7,11.03,44.0,12.9,89.0,8.7,0.964,1.26,28.9,61.8,32.5
CHEM-VA-0003,img_validation_0003_var09,validation,74.44,227.1,218.9,199.2,87.54,-0.52,10.71,40.0,12.2,89.0,8.69,0.629,12.97,28.7,47.6,25.7
CHEM-VA-0003,img_validation_0003_var10,validation,74.44,217.6,212.0,194.7,84.91,-1.02,9.22,44.0,10.6,85.1,11.2,0.286,25.0,27.4,36.3,19.9
CHEM-VA-0004,img_validation_0004_var01,validation,1959.77,54.1,39.0,26.4,17.06,5.08,11.05,26.0,51.8,21.2,79.1,0.983,0.59,23.5,49.7,19.1
CHEM-VA-0004,img_validation_0004_var02,validation,1959.77,49.1,35.6,22.6,15.23,4.33,11.18,28.0,55.3,19.2,80.89,0.1,52.43,27.1,46.2,33.2
CHEM-VA-0004,img_validation_0004_var05,validation,1959.77,52.8,38.0,25.6,16.58,4.97,10.97,28.0,51.8,20.4,79.57,0.958,1.46,20.7,31.6,6.7
CHEM-VA-0004,img_validation_0004_var07,validation,1959.77,48.0,34.2,21.1,14.63,4.52,11.36,28.0,56.1,18.8,81.5,0.1,47.22,21.8,77.5,31.9
CHEM-VA-0004,img_validation_0004_var08,validation,1959.77,56.0,42.0,32.0,18.37,4.78,9.03,26.0,42.7,22.0,77.75,0.1,54.93,27.0,39.7,28.1
CHEM-VA-0004,img_validation_0004_var09,validation,1959.77,53.0,38.5,25.0,16.72,4.71,11.56,28.0,54.9,20.8,79.43,0.92,2.79,29.3,66.1,32.4
CHEM-VA-0004,img_validation_0004_var10,validation,1959.77,48.0,33.8,20.1,14.47,4.62,11.87,28.0,57.3,18.4,81.68,0.1,49.84,20.9,61.3,16.9
CHEM-VA-0005,img_validation_0005_var01,validation,201.95,200.0,188.3,165.6,76.76,0.33,13.01,40.0,17.6,78.4,19.65,0.559,15.44,23.1,38.3,5.4
CHEM-VA-0005,img_validation_0005_var02,validation,201.95,196.9,185.6,165.9,75.8,0.71,11.43,38.0,15.7,76.9,20.35,0.978,0.78,32.5,72.1,23.5
CHEM-VA-0005,img_validation_0005_var03,validation,201.95,197.7,186.1,169.2,76.08,1.24,10.04,36.0,14.1,77.3,19.96,0.982,0.62,19.9,67.9,8.8
CHEM-VA-0005,img_validation_0005_var04,validation,201.95,211.4,198.3,179.8,80.57,1.52,10.89,36.0,15.3,82.7,15.58,0.613,13.54,23.9,62.6,37.1
CHEM-VA-0005,img_validation_0005_var05,validation,201.95,196.8,185.2,164.8,75.65,0.71,11.81,40.0,16.5,76.9,20.54,0.955,1.57,32.9,66.0,4.1
CHEM-VA-0005,img_validation_0005_var06,validation,201.95,199.7,188.1,166.3,76.67,0.47,12.46,40.0,16.5,78.0,19.64,0.527,16.55,31.6,36.0,28.4
CHEM-VA-0005,img_validation_0005_var07,validation,201.95,200.0,188.0,167.2,76.69,0.77,12.02,38.0,16.1,78.0,19.55,0.97,1.07,19.4,39.9,38.5
CHEM-VA-0005,img_validation_0005_var08,validation,201.95,199.0,199.0,199.0,80.24,-0.0,0.0,0.0,0.0,78.0,18.16,0.906,3.29,23.0,71.3,14.9
CHEM-VA-0005,img_validation_0005_var09,validation,201.95,199.9,187.6,165.5,76.55,0.7,12.73,38.0,17.3,78.0,19.81,0.626,13.08,25.2,56.3,30.1
CHEM-VA-0005,img_validation_0005_var10,validation,201.95,198.0,188.0,167.9,76.55,0.13,11.45,40.0,15.3,77.3,19.61,0.979,0.72,22.5,59.2,10.2
CHEM-VA-0006,img_validation_0006_var01,validation,1814.64,53.0,38.5,25.6,16.74,4.76,11.19,28.0,52.9,20.8,79.4,0.1,54.15,33.1,48.0,26.9
CHEM-VA-0006,img_validation_0006_var02,validation,1814.64,57.6,41.5,27.9,18.35,5.36,11.8,28.0,52.5,22.4,77.85,0.978,0.79,22.1,62.8,12.2
CHEM-VA-0006,img_validation_0006_var05,validation,1814.64,52.7,37.9,24.7,16.48,4.89,11.42,28.0,53.7,20.4,79.68,0.1,36.1,33.3,77.6,12.5
CHEM-VA-0006,img_validation_0006_var06,validation,1814.64,59.0,42.7,27.9,18.87,5.27,12.55,30.0,53.3,22.7,77.36,0.985,0.52,22.8,35.4,4.5
CHEM-VA-0006,img_validation_0006_var07,validation,1814.64,53.0,37.1,23.7,16.26,5.42,11.83,28.0,55.7,20.4,79.94,0.1,47.47,33.4,37.7,16.2
CHEM-VA-0006,img_validation_0006_var09,validation,1814.64,53.4,38.3,24.9,16.7,4.99,11.64,28.0,54.9,20.8,79.47,0.1,50.05,27.1,71.8,18.8
CHEM-VA-0006,img_validation_0006_var10,validation,1814.64,44.4,29.3,16.1,12.46,5.38,11.56,28.0,63.5,17.3,83.72,0.1,45.41,27.9,67.3,9.9
CHEM-VA-0007,img_validation_0007_var01,validation,179.55,202.8,191.6,171.3,77.97,0.53,11.64,38.0,15.3,79.2,18.22,0.566,15.18,22.1,76.8,12.9
CHEM-VA-0007,img_validation_0007_var02,validation,179.55,208.8,192.8,170.7,78.75,2.04,13.17,34.0,18.4,81.6,17.81,0.982,0.64,34.7,41.3,29.3
CHEM-VA-0007,img_validation_0007_var03,validation,179.55,196.2,185.5,132.1,75.04,-4.31,28.49,50.0,32.5,76.9,29.02,0.982,0.62,30.0,55.5,16.7
CHEM-VA-0007,img_validation_0007_var04,validation,179.55,224.2,210.6,188.4,84.97,1.06,12.71,36.0,16.1,87.8,11.65,0.992,0.28,32.2,31.8,6.5
CHEM-VA-0007,img_validation_0007_var05,validation,179.55,205.1,192.5,170.4,78.35,0.8,12.69,38.0,17.3,80.4,18.03,0.96,1.41,27.7,36.6,21.4
CHEM-VA-0007,img_validation_0007_var06,validation,179.55,201.8,191.5,170.9,77.84,0.17,11.72,40.0,15.3,78.8,18.37,0.613,13.56,34.3,37.3,14.0
CHEM-VA-0007,img_validation_0007_var07,validation,179.55,205.3,193.2,170.5,78.55,0.52,12.95,40.0,17.3,80.4,17.89,0.968,1.13,21.7,78.6,10.8
CHEM-VA-0007,img_validation_0007_var08,validation,179.55,216.0,218.0,212.0,86.75,-1.75,2.71,80.0,2.7,85.5,11.41,0.985,0.53,31.1,62.0,13.1
CHEM-VA-0007,img_validation_0007_var09,validation,179.55,202.0,191.2,170.4,77.78,0.27,11.89,40.0,15.3,78.8,18.45,0.638,12.68,24.8,55.9,24.3
CHEM-VA-0007,img_validation_0007_var10,validation,179.55,188.8,181.2,163.5,73.91,-0.34,9.99,44.0,13.3,73.7,22.13,0.487,17.97,25.6,64.8,29.5
CHEM-VA-0008,img_validation_0008_var01,validation,426.32,162.0,145.0,121.0,61.06,2.44,15.05,34.0,25.5,63.5,35.51,0.232,26.89,30.3,47.3,28.1
CHEM-VA-0008,img_validation_0008_var02,validation,426.32,157.5,141.2,118.5,59.57,2.38,14.33,36.0,24.7,61.6,36.87,0.978,0.77,26.3,32.8,14.9
CHEM-VA-0008,img_validation_0008_var03,validation,426.32,154.2,138.8,98.3,58.21,-0.45,23.79,42.0,36.5,60.4,40.59,0.193,28.24,19.8,48.1,36.9
CHEM-VA-0008,img_validation_0008_var04,validation,426.32,175.6,155.6,132.2,65.36,3.65,14.95,32.0,24.7,68.6,31.37,0.996,0.13,25.7,49.1,14.8
CHEM-VA-0008,img_validation_0008_var05,validation,426.32,161.8,144.5,119.3,60.86,2.37,15.76,36.0,26.3,63.1,35.83,0.961,1.37,32.0,70.0,24.8
CHEM-VA-0008,img_validation_0008_var06,validation,426.32,158.8,142.8,120.6,60.17,2.31,14.01,34.0,23.9,62.0,36.22,0.322,23.75,26.7,43.6,24.6
CHEM-VA-0008,img_validation_0008_var07,validation,426.32,161.9,144.4,120.5,60.87,2.66,15.07,36.0,25.5,63.1,35.72,0.969,1.1,20.5,30.1,28.5
CHEM-VA-0008,img_validation_0008_var08,validation,426.32,167.0,159.0,150.0,65.92,1.29,5.73,32.0,10.2,65.5,30.27,0.865,4.73,31.7,57.5,31.5
CHEM-VA-0008,img_validation_0008_var09,validation,426.32,157.4,141.5,119.6,59.66,2.36,13.87,34.0,24.3,61.6,36.71,0.946,1.9,30.2,73.5,36.4
CHEM-VA-0008,img_validation_0008_var10,validation,426.32,150.0,134.8,113.2,57.03,2.13,13.72,34.0,24.3,58.4,39.29,0.735,9.27,23.7,44.9,38.1
CHEM-VA-0009,img_validation_0009_var01,validation,1455.12,66.1,50.8,35.4,22.44,4.42,12.39,30.0,47.1,25.9,73.74,0.1,53.11,29.6,79.7,8.4
CHEM-VA-0009,img_validation_0009_var02,validation,1455.12,65.8,49.6,33.7,21.99,4.8,12.95,30.0,49.4,25.5,74.24,0.1,51.45,24.2,77.5,33.6
CHEM-VA-0009,img_validation_0009_var04,validation,1455.12,67.6,48.6,30.2,21.84,5.94,15.09,30.0,55.3,26.3,74.61,0.986,0.49,27.9,75.9,14.9
CHEM-VA-0009,img_validation_0009_var05,validation,1455.12,70.1,53.0,36.5,23.61,5.06,13.36,28.0,48.6,27.5,72.66,0.959,1.44,25.2,45.5,5.0
CHEM-VA-0009,img_validation_0009_var06,validation,1455.12,72.2,54.9,37.8,24.49,5.01,13.68,30.0,48.6,28.2,71.8,0.1,52.24,27.7,65.7,20.8
CHEM-VA-0009,img_validation_0009_var07,validation,1455.12,66.2,49.1,32.6,21.87,5.19,13.49,30.0,51.4,25.9,74.41,0.1,35.52,27.1,43.1,9.1
CHEM-VA-0009,img_validation_0009_var08,validation,1455.12,73.0,58.0,45.0,25.66,4.4,10.58,28.0,38.4,28.6,70.47,0.1,48.66,19.9,49.4,22.4
CHEM-VA-0009,img_validation_0009_var09,validation,1455.12,71.5,54.4,36.9,24.2,4.91,13.91,30.0,49.4,27.8,72.1,0.1,49.67,28.1,79.3,8.1
CHEM-VA-0009,img_validation_0009_var10,validation,1455.12,65.8,49.2,32.4,21.83,4.95,13.57,30.0,50.6,25.5,74.44,0.1,42.4,26.5,35.7,6.9
CHEM-VA-0010,img_validation_0010_var01,validation,1060.53,89.3,71.4,51.7,31.68,4.46,14.71,32.0,42.7,34.9,64.69,0.1,43.94,19.1,77.4,13.3
CHEM-VA-0010,img_validation_0010_var02,validation,1060.53,89.6,71.7,52.2,31.82,4.49,14.6,30.0,41.6,34.9,64.55,0.1,41.13,24.9,37.1,29.3
CHEM-VA-0010,img_validation_0010_var03,validation,1060.53,99.2,88.2,118.9,39.6,11.17,-15.75,262.0,25.5,46.3,62.51,0.984,0.57,23.7,36.5,11.3
CHEM-VA-0010,img_validation_0010_var05,validation,1060.53,88.9,71.3,51.9,31.6,4.37,14.51,32.0,42.0,34.5,64.75,0.178,28.78,30.8,40.5,28.5
CHEM-VA-0010,img_validation_0010_var06,validation,1060.53,89.5,71.6,51.8,31.74,4.49,14.77,32.0,42.7,34.9,64.64,0.1,43.5,20.9,47.1,23.5
CHEM-VA-0010,img_validation_0010_var07,validation,1060.53,89.6,70.8,51.6,31.53,5.02,14.6,30.0,42.7,34.9,64.87,0.121,30.78,26.0,59.0,27.9
CHEM-VA-0010,img_validation_0010_var08,validation,1060.53,101.0,88.0,72.0,38.22,2.52,11.24,34.0,28.6,39.6,57.86,0.1,53.38,25.4,69.4,36.7
CHEM-VA-0010,img_validation_0010_var09,validation,1060.53,89.3,72.0,52.6,31.86,4.25,14.4,30.0,41.6,34.9,64.48,0.1,39.91,31.3,49.3,38.8
CHEM-VA-0010,img_validation_0010_var10,validation,1060.53,89.5,71.3,50.3,31.63,4.51,15.51,32.0,43.9,34.9,64.82,0.1,35.28,19.2,58.2,7.2
CHEM-VA-0011,img_validation_0011_var01,validation,431.03,156.9,141.3,118.4,59.53,2.09,14.32,36.0,24.3,61.2,36.89,0.197,28.09,23.8,72.0,29.1
CHEM-VA-0011,img_validation_0011_var02,validation,431.03,156.6,140.1,118.4,59.18,2.64,13.85,34.0,24.3,61.2,37.2,0.979,0.72,19.1,59.4,6.9
CHEM-VA-0011,img_validation_0011_var03,validation,431.03,157.7,141.7,121.4,59.77,2.63,12.98,34.0,22.7,61.6,36.51,0.21,27.64,26.9,35.0,6.2
CHEM-VA-0011,img_validation_0011_var04,validation,431.03,176.6,155.0,130.1,65.25,4.01,15.99,32.0,26.3,69.0,31.73,0.986,0.47,34.6,44.9,8.7
CHEM-VA-0011,img_validation_0011_var05,validation,431.03,160.9,143.7,118.5,60.54,2.36,15.73,36.0,26.3,62.7,36.14,0.96,1.39,23.5,36.9,10.4
CHEM-VA-0011,img_validation_0011_var06,validation,431.03,160.8,143.4,120.1,60.51,2.68,14.79,34.0,25.1,62.7,36.03,0.986,0.5,31.3,55.1,27.2
CHEM-VA-0011,img_validation_0011_var07,validation,431.03,156.2,140.3,118.4,59.22,2.34,13.88,34.0,24.3,61.2,37.15,0.967,1.15,23.6,63.9,30.1
CHEM-VA-0011,img_validation_0011_var08,validation,431.03,168.0,163.0,150.0,67.07,-0.52,7.39,44.0,10.6,65.9,28.99,0.984,0.56,29.2,44.8,36.1
CHEM-VA-0011,img_validation_0011_var09,validation,431.03,157.5,141.3,119.2,59.63,2.43,14.01,34.0,24.3,61.6,36.76,0.424,20.14,32.7,43.0,4.4
CHEM-VA-0011,img_validation_0011_var10,validation,431.03,142.4,128.6,107.4,54.51,1.7,13.41,36.0,24.7,55.7,41.74,0.765,8.24,21.2,32.5,14.8
CHEM-VA-0012,img_validation_0012_var02,validation,1955.35,55.6,39.5,26.8,17.4,5.56,11.28,26.0,52.5,21.6,78.8,0.978,0.76,30.7,30.2,23.5
CHEM-VA-0012,img_validation_0012_var05,validation,1955.35,53.3,37.6,25.6,16.51,5.51,10.91,26.0,52.9,20.8,79.67,0.959,1.43,26.1,44.8,36.4
CHEM-VA-0012,img_validation_0012_var07,validation,1955.35,54.9,38.8,24.2,17.07,5.35,12.6,28.0,55.7,21.2,79.16,0.97,1.04,22.8,41.0,6.6
CHEM-VA-0012,img_validation_0012_var08,validation,1955.35,58.0,43.0,32.0,18.94,5.11,9.84,26.0,44.7,22.7,77.2,0.1,54.5,29.0,76.2,31.7
CHEM-VA-0012,img_validation_0012_var09,validation,1955.35,54.1,38.2,24.5,16.76,5.39,11.96,28.0,55.7,21.2,79.45,0.924,2.67,24.6,69.9,20.3
CHEM-VA-0012,img_validation_0012_var10,validation,1955.35,44.3,28.1,16.2,12.07,6.21,10.93,26.0,63.5,17.3,84.15,0.1,53.84,26.3,37.0,23.1
CHEM-VA-0013,img_validation_0013_var01,validation,740.08,121.8,102.3,79.6,44.6,4.19,15.76,32.0,34.9,47.5,51.97,0.1,40.22,26.5,78.6,5.7
CHEM-VA-0013,img_validation_0013_var02,validation,740.08,121.9,102.1,79.6,44.56,4.33,15.69,32.0,34.9,47.5,52.01,0.98,0.71,20.8,35.3,12.3
CHEM-VA-0013,img_validation_0013_var03,validation,740.08,133.5,113.6,146.4,50.75,14.28,-14.94,276.0,22.7,57.3,53.01,0.1,42.17,24.6,34.8,26.4
CHEM-VA-0013,img_validation_0013_var04,validation,740.08,126.0,104.9,81.3,45.79,4.69,16.39,32.0,35.3,49.0,50.92,0.1,44.42,33.3,39.5,4.5
CHEM-VA-0013,img_validation_0013_var05,validation,740.08,117.3,99.6,78.0,43.36,3.57,14.91,32.0,33.3,45.9,53.06,0.31,24.16,31.5,72.1,38.6
CHEM-VA-0013,img_validation_0013_var06,validation,740.08,121.6,103.0,79.5,44.79,3.63,16.05,34.0,34.9,47.5,51.79,0.1,37.76,34.2,34.7,13.7
CHEM-VA-0013,img_validation_0013_var07,validation,740.08,121.6,101.8,78.5,44.43,4.21,16.16,32.0,35.7,47.5,52.2,0.965,1.21,34.8,76.6,33.7
CHEM-VA-0013,img_validation_0013_var08,validation,740.08,127.0,115.0,100.0,49.12,2.02,10.0,34.0,21.2,49.8,46.92,0.1,43.98,34.0,51.2,28.8
CHEM-VA-0013,img_validation_0013_var09,validation,740.08,121.9,102.2,78.9,44.57,4.16,16.14,34.0,35.7,47.5,52.05,0.951,1.72,33.6,49.2,13.7
CHEM-VA-0013,img_validation_0013_var10,validation,740.08,107.7,90.9,70.1,39.7,3.46,14.55,32.0,34.5,42.0,56.65,0.166,29.18,24.3,30.2,22.0
CHEM-VA-0014,img_validation_0014_var01,validation,647.16,132.9,113.7,90.0,49.1,3.76,15.93,32.0,31.8,51.8,47.52,0.1,35.94,30.5,63.9,4.4
CHEM-VA-0014,img_validation_0014_var02,validation,647.16,132.9,113.3,90.0,49.0,3.94,15.78,32.0,31.8,51.8,47.61,0.104,31.35,32.9,46.4,4.1
CHEM-VA-0014,img_validation_0014_var03,validation,647.16,132.2,114.6,110.9,49.79,6.18,4.58,10.0,16.9,51.8,46.77,0.1,36.45,21.3,33.7,25.6
CHEM-VA-0014,img_validation_0014_var04,validation,647.16,140.7,118.1,93.0,51.17,4.88,17.11,32.0,33.7,54.9,45.77,0.991,0.32,29.4,36.8,17.0
CHEM-VA-0014,img_validation_0014_var05,validation,647.16,127.9,110.4,88.2,47.67,3.25,14.96,34.0,30.6,49.8,48.77,0.396,21.14,33.6,69.6,10.5
CHEM-VA-0014,img_validation_0014_var06,validation,647.16,128.5,110.4,88.2,47.71,3.53,15.0,34.0,31.4,50.2,48.76,0.1,33.33,23.5,52.9,24.9
CHEM-VA-0014,img_validation_0014_var07,validation,647.16,129.4,111.7,89.4,48.18,3.32,14.98,34.0,31.0,50.6,48.27,0.396,21.16,23.1,37.7,30.7
CHEM-VA-0014,img_validation_0014_var08,validation,647.16,140.0,126.0,111.0,53.65,2.76,10.12,32.0,20.8,54.9,42.43,0.1,31.52,26.0,45.8,19.9
CHEM-VA-0014,img_validation_0014_var09,validation,647.16,128.5,111.0,87.9,47.87,3.15,15.43,34.0,32.2,50.2,48.63,0.194,28.2,23.1,61.1,30.6
CHEM-VA-0014,img_validation_0014_var10,validation,647.16,133.0,113.4,89.8,49.03,3.93,15.97,32.0,32.9,52.2,47.61,0.1,32.04,30.4,45.2,36.5
CHEM-VA-0015,img_validation_0015_var01,validation,1394.13,69.1,53.1,37.1,23.55,4.59,12.86,30.0,46.3,27.1,72.67,0.1,51.91,34.9,49.8,25.3
CHEM-VA-0015,img_validation_0015_var02,validation,1394.13,68.6,52.2,36.1,23.19,4.81,13.0,30.0,47.1,26.7,73.05,0.1,47.07,31.4,32.8,21.9
CHEM-VA-0015,img_validation_0015_var03,validation,1394.13,83.7,77.8,124.3,35.5,14.04,-25.54,248.0,38.0,48.6,70.97,0.1,54.55,34.8,69.4,11.6
CHEM-VA-0015,img_validation_0015_var05,validation,1394.13,73.9,55.7,37.9,24.93,5.36,14.22,30.0,49.4,28.6,71.43,0.1,38.37,25.8,31.5,37.7
CHEM-VA-0015,img_validation_0015_var06,validation,1394.13,69.7,52.3,37.3,23.37,5.4,12.52,28.0,46.3,27.1,72.88,0.1,52.55,28.9,45.8,28.8
CHEM-VA-0015,img_validation_0015_var07,validation,1394.13,69.1,51.7,34.6,23.06,5.19,13.83,30.0,50.6,27.1,73.25,0.1,34.12,21.1,59.5,15.4
CHEM-VA-0015,img_validation_0015_var08,validation,1394.13,78.0,62.0,49.0,27.54,4.78,10.63,26.0,37.3,30.6,68.61,0.1,50.71,24.6,46.9,10.9
CHEM-VA-0015,img_validation_0015_var09,validation,1394.13,67.9,51.9,35.1,22.98,4.5,13.35,30.0,47.8,26.3,73.26,0.1,46.74,29.4,31.6,20.5
CHEM-VA-0015,img_validation_0015_var10,validation,1394.13,74.2,54.7,37.4,24.64,6.11,14.2,28.0,50.2,29.0,71.77,0.1,50.93,20.6,51.2,4.5
CHEM-VA-0016,img_validation_0016_var01,validation,221.7,195.8,183.9,160.8,75.14,0.4,13.23,40.0,18.0,76.5,21.28,0.522,16.72,32.6,39.4,23.2
CHEM-VA-0016,img_validation_0016_var02,validation,221.7,201.5,184.1,161.0,75.7,2.42,14.0,36.0,20.4,78.8,20.99,0.982,0.64,32.5,58.8,29.4
CHEM-VA-0016,img_validation_0016_var03,validation,221.7,196.4,185.5,187.3,76.24,4.18,0.48,350.0,5.5,76.9,21.83,0.979,0.72,33.4,45.6,7.8
CHEM-VA-0016,img_validation_0016_var04,validation,221.7,209.9,195.1,171.8,79.46,1.4,13.56,38.0,18.0,82.0,17.18,0.596,14.12,29.3,51.8,18.4
CHEM-VA-0016,img_validation_0016_var05,validation,221.7,196.2,183.0,159.9,74.94,0.89,13.43,38.0,18.8,76.9,21.52,0.964,1.26,28.9,42.3,10.8
CHEM-VA-0016,img_validation_0016_var06,validation,221.7,193.0,181.5,160.7,74.29,0.59,12.07,38.0,17.3,75.7,21.93,0.575,14.88,26.1,62.2,5.5
CHEM-VA-0016,img_validation_0016_var07,validation,221.7,196.7,184.4,163.4,75.42,0.86,12.25,38.0,16.9,76.9,20.84,0.97,1.03,32.7,67.7,32.3
CHEM-VA-0016,img_validation_0016_var08,validation,221.7,211.0,211.0,203.0,84.35,-1.42,3.96,60.0,3.9,82.7,12.84,0.986,0.5,24.5,79.3,35.2
CHEM-VA-0016,img_validation_0016_var09,validation,221.7,195.7,183.6,160.7,75.05,0.49,13.18,40.0,18.0,76.5,21.36,0.944,1.94,28.2,78.0,9.0
CHEM-VA-0016,img_validation_0016_var10,validation,221.7,197.3,185.3,163.2,75.7,0.58,12.74,38.0,17.3,77.3,20.64,0.98,0.71,28.0,76.8,38.4
CHEM-VA-0017,img_validation_0017_var01,validation,168.07,206.2,196.2,174.4,79.51,-0.16,12.23,42.0,15.7,80.8,16.82,0.983,0.6,30.3,61.6,33.3
CHEM-VA-0017,img_validation_0017_var02,validation,168.07,205.8,193.6,173.9,78.77,0.99,11.44,38.0,15.7,80.4,17.41,0.979,0.74,30.8,67.4,16.0
CHEM-VA-0017,img_validation_0017_var04,validation,168.07,222.1,210.6,189.1,84.8,0.44,12.08,38.0,14.9,87.1,11.62,0.991,0.32,22.4,71.9,28.0
CHEM-VA-0017,img_validation_0017_var05,validation,168.07,202.7,193.6,172.6,78.5,-0.35,11.71,42.0,14.9,79.2,17.73,0.95,1.76,31.8,50.2,37.4
CHEM-VA-0017,img_validation_0017_var06,validation,168.07,207.1,195.8,174.1,79.47,0.32,12.36,38.0,16.1,81.2,16.87,0.608,13.7,23.7,69.5,38.4
CHEM-VA-0017,img_validation_0017_var07,validation,168.07,204.0,194.3,174.2,78.81,0.04,11.32,40.0,14.9,80.0,17.35,0.964,1.27,28.3,31.0,11.8
CHEM-VA-0017,img_validation_0017_var08,validation,168.07,205.0,204.0,203.0,82.1,0.16,0.62,30.0,0.8,80.4,16.23,0.98,0.7,22.1,56.7,25.0
CHEM-VA-0017,img_validation_0017_var09,validation,168.07,206.8,195.8,174.2,79.44,0.25,12.24,40.0,15.7,80.8,16.88,0.94,2.09,21.8,51.4,8.3
CHEM-VA-0017,img_validation_0017_var10,validation,168.07,193.5,185.6,166.7,75.54,-0.48,10.61,42.0,14.1,75.7,20.55,0.512,17.07,26.0,48.6,23.5
CHEM-VA-0018,img_validation_0018_var01,validation,806.74,110.7,93.0,72.4,40.67,3.89,14.5,32.0,34.5,43.1,55.71,0.1,42.27,19.5,48.5,31.1
CHEM-VA-0018,img_validation_0018_var02,validation,806.74,115.2,96.0,73.2,42.0,4.14,15.94,32.0,36.5,45.1,54.57,0.982,0.63,19.6,34.6,13.7
CHEM-VA-0018,img_validation_0018_var03,validation,806.74,130.7,119.6,162.0,52.68,13.28,-21.15,256.0,26.3,63.1,54.3,0.1,43.12,29.3,40.5,10.9
CHEM-VA-0018,img_validation_0018_var04,validation,806.74,113.3,93.0,71.9,40.92,4.95,15.18,30.0,37.3,44.3,55.6,0.1,49.35,33.5,72.1,4.6
CHEM-VA-0018,img_validation_0018_var05,validation,806.74,115.5,96.0,73.0,42.04,4.24,16.09,32.0,36.5,45.1,54.55,0.232,26.87,30.9,48.2,27.8
CHEM-VA-0018,img_validation_0018_var06,validation,806.74,116.0,96.8,73.5,42.34,4.01,16.21,32.0,36.5,45.1,54.26,0.986,0.5,29.8,57.6,36.5
CHEM-VA-0018,img_validation_0018_var07,validation,806.74,115.4,95.9,72.7,42.01,4.2,16.24,32.0,37.3,45.1,54.6,0.1,34.84,32.9,33.1,8.0
CHEM-VA-0018,img_validation_0018_var08,validation,806.74,116.0,105.0,90.0,45.02,1.67,10.02,34.0,22.4,45.5,51.0,0.1,36.32,27.6,73.4,36.2
CHEM-VA-0018,img_validation_0018_var09,validation,806.74,115.5,95.9,73.7,42.02,4.43,15.66,32.0,36.5,45.1,54.53,0.952,1.67,33.5,74.8,14.6
CHEM-VA-0018,img_validation_0018_var10,validation,806.74,105.0,87.4,65.5,38.32,3.72,15.39,34.0,37.6,40.8,58.12,0.1,38.82,27.7,59.6,17.7
CHEM-VA-0019,img_validation_0019_var01,validation,1302.07,74.2,57.3,39.7,25.47,4.68,13.78,30.0,47.5,29.0,70.82,0.1,51.58,33.7,62.9,33.3
CHEM-VA-0019,img_validation_0019_var02,validation,1302.07,78.5,59.9,42.2,26.84,5.39,14.1,28.0,46.3,30.6,69.52,0.979,0.74,34.8,69.5,22.9
CHEM-VA-0019,img_validation_0019_var05,validation,1302.07,77.1,58.6,40.4,26.22,5.34,14.42,30.0,48.2,30.2,70.16,0.961,1.38,21.9,32.6,6.1
CHEM-VA-0019,img_validation_0019_var06,validation,1302.07,79.6,60.7,42.1,27.21,5.41,14.64,30.0,46.7,31.0,69.2,0.1,52.69,28.2,65.5,19.8
CHEM-VA-0019,img_validation_0019_var07,validation,1302.07,74.0,56.6,37.9,25.22,4.77,14.6,32.0,49.4,28.6,71.13,0.1,31.82,30.6,30.0,28.1
CHEM-VA-0019,img_validation_0019_var09,validation,1302.07,79.2,59.4,42.1,26.76,6.06,14.06,28.0,46.7,31.0,69.65,0.949,1.77,24.3,75.5,19.8
CHEM-VA-0019,img_validation_0019_var10,validation,1302.07,67.1,50.1,31.7,22.26,4.85,14.63,32.0,53.7,26.3,74.08,0.1,49.49,23.8,58.9,34.2
CHEM-VA-0020,img_validation_0020_var01,validation,969.41,97.4,78.3,58.3,34.72,4.87,14.83,30.0,40.4,38.0,61.71,0.1,40.61,22.9,38.1,36.0
CHEM-VA-0020,img_validation_0020_var02,validation,969.41,100.1,81.0,60.8,35.85,4.73,14.9,32.0,40.0,39.2,60.59,0.1,40.94,25.0,32.8,28.3
CHEM-VA-0020,img_validation_0020_var03,validation,969.41,125.7,117.1,178.6,52.28,17.36,-31.41,248.0,34.1,69.8,61.88,0.1,47.13,27.9,69.2,22.5
CHEM-VA-0020,img_validation_0020_var04,validation,969.41,100.4,77.3,57.5,34.77,6.74,15.5,28.0,43.1,39.2,61.89,0.1,54.14,27.9,39.7,14.8
CHEM-VA-0020,img_validation_0020_var05,validation,969.41,101.4,80.5,60.1,35.86,5.56,15.33,30.0,40.8,39.6,60.68,0.1,32.08,23.9,43.9,36.9
CHEM-VA-0020,img_validation_0020_var06,validation,969.41,96.5,77.8,58.3,34.49,4.75,14.51,30.0,39.6,37.6,61.9,0.1,42.87,23.9,53.1,25.8
CHEM-VA-0020,img_validation_0020_var07,validation,969.41,101.1,81.6,58.7,36.1,4.56,16.49,32.0,42.7,39.6,60.5,0.97,1.04,20.2,59.7,22.4
CHEM-VA-0020,img_validation_0020_var08,validation,969.41,140.4,86.4,74.7,42.51,20.96,16.19,10.0,47.1,54.9,57.72,0.1,40.77,33.0,50.0,9.1
CHEM-VA-0020,img_validation_0020_var09,validation,969.41,100.5,81.2,60.0,35.95,4.69,15.52,32.0,41.2,39.2,60.55,0.944,1.96,19.7,57.7,8.0
CHEM-VA-0020,img_validation_0020_var10,validation,969.41,91.7,72.6,52.9,32.32,5.06,14.89,30.0,42.7,35.7,64.11,0.1,41.97,24.6,66.5,13.2
CHEM-VA-0021,img_validation_0021_var01,validation,69.07,227.1,219.8,201.1,87.79,-0.63,10.05,42.0,11.4,89.0,8.35,0.599,14.05,24.1,62.9,5.8
CHEM-VA-0021,img_validation_0021_var02,validation,69.07,236.4,219.9,199.9,88.56,2.42,11.88,32.0,15.7,92.5,8.21,0.98,0.71,33.6,49.3,18.2
CHEM-VA-0021,img_validation_0021_var03,validation,69.07,228.3,217.5,205.6,87.41,1.7,7.16,32.0,10.2,89.4,8.87,0.535,16.26,22.2,39.1,30.9
CHEM-VA-0021,img_validation_0021_var04,validation,69.07,228.2,227.6,219.1,90.28,-1.29,4.21,54.0,3.9,89.4,7.67,0.994,0.23,19.7,60.0,13.8
CHEM-VA-0021,img_validation_0021_var05,validation,69.07,227.5,219.7,200.1,87.78,-0.62,10.59,42.0,11.8,89.0,8.45,0.965,1.21,23.0,57.0,15.2
CHEM-VA-0021,img_validation_0021_var06,validation,69.07,226.5,219.3,200.2,87.62,-0.77,10.3,44.0,11.4,88.6,8.57,0.64,12.58,34.4,61.6,14.7
CHEM-VA-0021,img_validation_0021_var07,validation,69.07,225.7,219.5,200.8,87.6,-1.01,9.94,46.0,11.0,88.2,8.59,0.966,1.19,26.0,75.6,34.5
CHEM-VA-0021,img_validation_0021_var09,validation,69.07,227.7,219.7,199.7,87.8,-0.62,10.82,42.0,12.2,89.0,8.47,0.649,12.28,34.0,47.5,17.4
CHEM-VA-0021,img_validation_0021_var10,validation,69.07,219.4,213.2,195.8,85.39,-0.79,9.35,46.0,11.0,85.9,10.69,0.25,26.26,25.3,76.2,8.8
CHEM-VA-0022,img_validation_0022_var01,validation,1438.39,67.2,50.8,35.1,22.57,4.88,12.83,28.0,47.8,26.3,73.66,0.1,53.35,20.2,66.0,18.4
CHEM-VA-0022,img_validation_0022_var02,validation,1438.39,69.9,54.7,37.7,24.14,4.0,13.26,32.0,46.3,27.1,72.07,0.1,51.51,22.7,47.9,23.5
CHEM-VA-0022,img_validation_0022_var05,validation,1438.39,72.1,54.1,36.0,24.18,5.27,14.47,30.0,51.4,28.2,72.19,0.1,35.3,32.1,49.5,30.4
CHEM-VA-0022,img_validation_0022_var06,validation,1438.39,67.0,50.7,34.9,22.52,4.83,12.84,30.0,49.4,26.3,73.71,0.1,51.47,32.1,52.4,19.9
CHEM-VA-0022,img_validation_0022_var07,validation,1438.39,72.1,52.8,35.9,23.79,6.08,14.02,28.0,51.4,28.2,72.6,0.1,35.67,28.2,76.6,25.1
CHEM-VA-0022,img_validation_0022_var08,validation,1438.39,75.0,58.0,45.0,25.9,5.35,10.94,26.0,40.0,29.4,70.29,0.1,49.65,30.9,67.8,7.9
CHEM-VA-0022,img_validation_0022_var09,validation,1438.39,67.0,49.6,33.9,22.16,5.42,13.03,28.0,50.6,26.3,74.11,0.1,46.97,23.6,42.4,21.3
CHEM-VA-0022,img_validation_0022_var10,validation,1438.39,61.5,44.0,28.1,19.6,5.65,13.45,28.0,54.1,23.9,76.7,0.1,49.54,23.3,75.6,17.5
CHEM-VA-0023,img_validation_0023_var01,validation,366.58,171.0,155.0,131.0,64.77,1.94,14.74,36.0,23.1,66.7,31.79,0.345,22.92,30.7,71.6,33.5
CHEM-VA-0023,img_validation_0023_var02,validation,366.58,166.9,151.7,129.4,63.47,1.92,13.78,36.0,22.4,65.1,32.91,0.981,0.65,25.8,42.5,31.6
CHEM-VA-0023,img_validation_0023_var03,validation,366.58,174.4,157.9,167.7,66.74,7.75,-2.87,324.0,9.8,68.2,32.4,0.981,0.65,30.2,55.8,17.5
CHEM-VA-0023,img_validation_0023_var04,validation,366.58,177.6,158.7,135.8,66.43,3.24,14.48,32.0,23.9,69.4,30.2,0.984,0.55,20.0,54.8,38.4
CHEM-VA-0023,img_validation_0023_var05,validation,366.58,167.2,151.8,129.9,63.53,2.07,13.56,34.0,22.7,65.5,32.83,0.968,1.1,28.0,78.4,14.8
CHEM-VA-0023,img_validation_0023_var06,validation,366.58,171.1,155.2,130.6,64.79,1.85,15.0,36.0,23.9,67.1,31.81,0.398,21.06,32.6,44.4,9.0
CHEM-VA-0023,img_validation_0023_var07,validation,366.58,170.6,154.8,132.1,64.69,2.05,14.04,34.0,22.4,66.7,31.75,0.966,1.19,33.9,79.9,14.5
CHEM-VA-0023,img_validation_0023_var08,validation,366.58,174.0,169.0,161.0,69.43,0.34,4.76,36.0,7.5,68.2,26.91,0.981,0.67,23.2,74.9,22.7
CHEM-VA-0023,img_validation_0023_var09,validation,366.58,170.9,154.5,130.2,64.6,2.05,14.97,36.0,23.5,66.7,32.0,0.951,1.73,26.5,37.0,21.9
CHEM-VA-0023,img_validation_0023_var10,validation,366.58,173.0,155.3,133.0,65.05,2.88,14.08,34.0,23.1,67.5,31.45,0.751,8.73,32.7,70.0,14.2
CHEM-VA-0024,img_validation_0024_var01,validation,1562.17,62.2,45.8,32.1,20.34,5.32,11.75,26.0,48.2,24.3,75.86,0.1,52.75,20.0,63.7,13.4
CHEM-VA-0024,img_validation_0024_var02,validation,1562.17,63.7,49.7,34.4,21.77,3.79,12.16,32.0,45.9,24.7,74.37,0.1,52.74,27.5,49.5,26.4
CHEM-VA-0024,img_validation_0024_var04,validation,1562.17,63.2,43.7,28.5,19.75,6.8,13.38,26.0,55.7,24.7,76.64,0.989,0.39,27.2,41.8,19.3
CHEM-VA-0024,img_validation_0024_var05,validation,1562.17,63.4,45.4,31.6,20.34,6.15,12.12,26.0,51.0,24.7,75.93,0.1,37.94,20.9,68.0,5.9
CHEM-VA-0024,img_validation_0024_var06,validation,1562.17,62.7,45.8,32.4,20.41,5.65,11.65,26.0,48.2,24.3,75.81,0.1,52.78,31.3,43.6,6.7
CHEM-VA-0024,img_validation_0024_var07,validation,1562.17,66.1,47.9,32.4,21.49,5.95,13.16,26.0,51.4,25.9,74.82,0.1,37.07,29.3,62.0,29.5
CHEM-VA-0024,img_validation_0024_var09,validation,1562.17,67.5,49.8,34.3,22.27,5.63,12.94,28.0,49.4,26.3,74.01,0.1,51.17,32.8,36.8,14.7
CHEM-VA-0024,img_validation_0024_var10,validation,1562.17,56.7,38.6,24.5,17.23,6.46,12.65,26.0,57.3,22.0,79.08,0.1,45.43,25.8,35.9,29.3
CHEM-VA-0025,img_validation_0025_var01,validation,300.38,182.0,167.9,143.5,69.42,1.06,14.49,38.0,21.2,71.0,27.15,0.984,0.55,27.0,65.8,34.1
CHEM-VA-0025,img_validation_0025_var02,validation,300.38,177.2,164.7,142.6,68.13,0.84,13.11,38.0,19.6,69.4,28.17,0.977,0.82,32.6,46.5,23.8
CHEM-VA-0025,img_validation_0025_var03,validation,300.38,176.4,163.1,133.4,67.44,-0.01,17.19,42.0,24.3,69.0,29.72,0.976,0.85,34.0,56.7,11.1
CHEM-VA-0025,img_validation_0025_var04,validation,300.38,189.0,174.4,152.7,71.91,1.68,13.0,36.0,19.6,74.1,24.45,0.447,19.34,25.9,44.2,13.5
CHEM-VA-0025,img_validation_0025_var05,validation,300.38,181.8,167.7,143.8,69.34,1.15,14.21,38.0,21.2,71.0,27.17,0.963,1.29,21.1,74.4,9.1
CHEM-VA-0025,img_validation_0025_var06,validation,300.38,178.1,165.9,143.3,68.53,0.66,13.31,38.0,19.6,69.8,27.81,0.434,19.81,21.1,45.6,20.3
CHEM-VA-0025,img_validation_0025_var07,validation,300.38,182.3,168.8,145.0,69.7,0.98,14.04,38.0,20.4,71.4,26.78,0.966,1.2,29.5,65.0,12.9
CHEM-VA-0025,img_validation_0025_var08,validation,300.38,179.0,177.0,170.0,72.18,-0.57,3.83,46.0,5.1,70.2,24.4,0.79,7.33,32.1,43.9,5.9
CHEM-VA-0025,img_validation_0025_var09,validation,300.38,182.0,167.5,143.3,69.31,1.24,14.43,38.0,21.2,71.0,27.25,0.952,1.68,23.9,79.0,4.9
CHEM-VA-0025,img_validation_0025_var10,validation,300.38,167.2,155.6,136.1,64.7,0.9,11.78,36.0,18.4,65.5,31.43,0.974,0.91,29.1,34.6,38.4
CHEM-VA-0026,img_validation_0026_var01,validation,102.28,219.0,211.1,192.0,84.74,-0.48,10.42,42.0,12.9,85.9,11.39,0.619,13.32,21.6,63.5,15.9
CHEM-VA-0026,img_validation_0026_var02,validation,102.28,225.4,212.5,191.6,85.61,1.0,11.92,38.0,15.3,88.2,10.8,0.981,0.67,31.3,50.5,11.3
CHEM-VA-0026,img_validation_0026_var03,validation,102.28,208.3,200.4,120.9,79.8,-8.53,40.65,54.0,42.4,81.6,36.68,0.874,4.41,29.0,67.0,21.8
CHEM-VA-0026,img_validation_0026_var04,validation,102.28,228.8,224.5,208.7,89.3,-1.25,8.25,48.0,8.6,89.4,6.97,0.994,0.19,34.6,40.3,35.5
CHEM-VA-0026,img_validation_0026_var05,validation,102.28,221.5,212.4,190.7,85.23,-0.47,11.85,42.0,14.1,86.7,11.18,0.964,1.26,28.2,54.2,20.6
CHEM-VA-0026,img_validation_0026_var06,validation,102.28,220.8,212.0,191.8,85.11,-0.36,11.09,44.0,13.3,86.3,11.12,0.602,13.94,24.2,52.2,5.3
CHEM-VA-0026,img_validation_0026_var07,validation,102.28,220.9,211.4,191.3,84.97,-0.1,11.15,42.0,13.3,86.3,11.25,0.629,12.98,24.9,40.8,34.0
CHEM-VA-0026,img_validation_0026_var09,validation,102.28,220.8,211.7,190.6,84.99,-0.38,11.55,42.0,13.7,86.3,11.34,0.695,10.66,22.4,55.4,37.7
CHEM-VA-0026,img_validation_0026_var10,validation,102.28,212.0,205.8,186.3,82.7,-1.19,10.47,46.0,11.8,82.7,13.49,0.302,24.45,28.5,35.6,18.0
CHEM-VA-0027,img_validation_0027_var01,validation,147.78,210.7,200.5,179.0,81.06,-0.03,12.0,40.0,14.9,82.4,15.25,0.597,14.12,34.0,41.0,14.5
CHEM-VA-0027,img_validation_0027_var02,validation,147.78,217.6,200.5,179.0,81.64,2.49,12.91,34.0,17.6,85.1,15.02,0.983,0.6,25.7,61.6,17.5
CHEM-VA-0027,img_validation_0027_var03,validation,147.78,203.9,196.0,150.6,78.77,-4.38,23.87,50.0,26.3,79.6,23.28,0.979,0.75,32.9,31.2,16.1
CHEM-VA-0027,img_validation_0027_var04,validation,147.78,227.9,218.2,197.7,87.38,-0.05,11.28,42.0,13.3,89.0,8.93,0.994,0.19,26.9,35.1,26.9
CHEM-VA-0027,img_validation_0027_var05,validation,147.78,209.9,200.9,178.4,81.1,-0.64,12.41,42.0,14.9,82.0,15.33,0.96,1.4,29.2,46.5,33.2
CHEM-VA-0027,img_validation_0027_var06,validation,147.78,211.5,200.8,179.0,81.2,0.11,12.22,40.0,15.3,82.7,15.15,0.592,14.27,33.4,77.6,10.7
CHEM-VA-0027,img_validation_0027_var07,validation,147.78,207.9,200.5,180.0,80.85,-0.89,11.14,44.0,12.9,81.2,15.36,0.966,1.17,23.7,67.7,19.0
CHEM-VA-0027,img_validation_0027_var09,validation,147.78,208.2,199.6,179.8,80.65,-0.33,11.0,42.0,14.1,81.6,15.5,0.661,11.87,32.8,54.1,25.5
CHEM-VA-0027,img_validation_0027_var10,validation,147.78,202.8,194.8,174.2,78.84,-0.7,11.37,42.0,13.7,79.2,17.36,0.343,22.99,28.9,48.0,6.4
CHEM-VA-0028,img_validation_0028_var01,validation,696.41,122.7,104.4,83.0,45.35,3.79,14.73,32.0,32.2,47.8,51.08,0.1,33.9,22.0,75.2,24.0
CHEM-VA-0028,img_validation_0028_var02,validation,696.41,121.7,103.6,82.3,45.01,3.71,14.69,32.0,32.2,47.5,51.41,0.1,34.46,23.0,47.1,19.7
CHEM-VA-0028,img_validation_0028_var03,validation,696.41,126.6,107.0,85.2,46.52,4.24,15.1,32.0,32.5,49.4,49.99,0.982,0.62,24.6,71.3,24.7
CHEM-VA-0028,img_validation_0028_var04,validation,696.41,129.5,107.0,85.2,46.8,5.52,15.56,28.0,34.1,50.6,49.89,0.1,42.22,22.4,70.1,12.0
CHEM-VA-0028,img_validation_0028_var05,validation,696.41,122.2,103.4,82.5,45.0,4.13,14.57,32.0,32.9,47.8,51.43,0.3,24.51,23.5,75.8,11.8
CHEM-VA-0028,img_validation_0028_var06,validation,696.41,122.3,104.5,83.4,45.36,3.58,14.53,32.0,32.2,47.8,51.03,0.1,38.36,30.5,66.7,19.5
CHEM-VA-0028,img_validation_0028_var07,validation,696.41,126.4,108.2,83.3,46.79,3.24,16.59,34.0,34.1,49.4,49.87,0.269,25.59,31.9,72.2,21.1
CHEM-VA-0028,img_validation_0028_var08,validation,696.41,133.0,119.0,107.0,50.97,3.3,8.57,28.0,19.6,52.2,45.12,0.1,31.57,34.1,76.3,20.8
CHEM-VA-0028,img_validation_0028_var09,validation,696.41,122.3,104.9,82.5,45.45,3.24,15.18,34.0,32.9,47.8,51.0,0.154,29.62,31.7,41.7,8.9
CHEM-VA-0028,img_validation_0028_var10,validation,696.41,114.8,98.2,77.0,42.66,3.2,14.53,34.0,33.3,44.7,53.69,0.1,31.87,31.5,35.0,6.4
CHEM-VA-0029,img_validation_0029_var01,validation,85.81,224.0,216.5,196.2,86.62,-0.84,10.92,42.0,12.5,87.8,9.67,0.604,13.88,27.3,48.2,31.8
CHEM-VA-0029,img_validation_0029_var02,validation,85.81,221.9,214.5,196.0,85.93,-0.57,10.04,44.0,11.8,86.7,10.18,0.978,0.78,23.4,71.1,13.2
CHEM-VA-0029,img_validation_0029_var03,validation,85.81,226.5,218.3,215.8,87.72,2.36,2.19,16.0,4.7,88.6,10.88,0.978,0.78,34.3,49.3,27.5
CHEM-VA-0029,img_validation_0029_var04,validation,85.81,230.6,227.0,207.3,90.03,-2.13,10.07,50.0,9.8,90.2,6.61,0.54,16.08,34.3,36.4,22.0
CHEM-VA-0029,img_validation_0029_var05,validation,85.81,223.9,215.9,196.4,86.47,-0.55,10.62,42.0,12.2,87.5,9.72,0.959,1.45,29.6,64.3,32.1
CHEM-VA-0029,img_validation_0029_var06,validation,85.81,223.0,215.2,196.3,86.2,-0.52,10.26,44.0,11.8,87.1,9.93,0.613,13.53,24.3,45.2,11.0
CHEM-VA-0029,img_validation_0029_var07,validation,85.81,222.0,215.8,197.2,86.29,-0.98,9.9,44.0,11.4,87.1,9.86,0.965,1.24,20.6,34.6,5.9
CHEM-VA-0029,img_validation_0029_var09,validation,85.81,223.3,215.1,196.9,86.21,-0.25,9.98,42.0,12.2,87.5,9.87,0.68,11.19,20.6,76.8,8.0
CHEM-VA-0029,img_validation_0029_var10,validation,85.81,207.7,202.1,185.9,81.4,-0.85,8.79,46.0,10.6,81.2,14.66,0.291,24.82,33.7,54.6,20.1
CHEM-VA-0030,img_validation_0030_var01,validation,462.44,156.2,139.7,114.9,58.96,2.17,15.49,36.0,27.1,61.2,37.64,0.157,29.52,30.5,62.1,37.5
CHEM-VA-0030,img_validation_0030_var02,validation,462.44,151.3,135.8,112.4,57.41,1.98,14.74,36.0,25.9,59.2,39.04,0.982,0.61,27.5,47.8,4.8
CHEM-VA-0030,img_validation_0030_var03,validation,462.44,155.9,139.7,125.8,59.18,3.73,9.66,28.0,19.2,60.8,36.97,0.983,0.59,24.3,55.7,17.5
CHEM-VA-0030,img_validation_0030_var04,validation,462.44,159.6,142.4,119.0,60.09,2.6,14.83,36.0,25.9,62.4,36.44,0.146,29.88,32.2,41.8,10.3
CHEM-VA-0030,img_validation_0030_var05,validation,462.44,155.4,139.3,113.5,58.75,1.86,16.03,38.0,27.1,60.8,37.93,0.961,1.36,33.2,43.7,13.8
CHEM-VA-0030,img_validation_0030_var06,validation,462.44,155.8,139.9,115.2,58.98,1.92,15.39,36.0,25.9,60.8,37.59,0.234,26.82,34.2,67.1,17.5
CHEM-VA-0030,img_validation_0030_var07,validation,462.44,155.2,139.8,114.3,58.88,1.64,15.74,36.0,26.3,60.8,37.74,0.966,1.18,20.2,46.6,32.7
CHEM-VA-0030,img_validation_0030_var08,validation,462.44,166.0,159.0,146.0,65.73,0.23,7.69,40.0,12.2,65.1,30.3,0.985,0.54,30.4,74.8,27.7
CHEM-VA-0030,img_validation_0030_var09,validation,462.44,151.6,136.9,113.6,57.75,1.71,14.5,36.0,25.1,59.2,38.66,0.348,22.82,25.6,57.4,5.5
CHEM-VA-0030,img_validation_0030_var10,validation,462.44,156.0,140.4,115.3,59.16,1.73,15.59,36.0,26.3,61.2,37.44,0.978,0.78,20.6,42.1,23.4
CHEM-VA-0031,img_validation_0031_var01,validation,0.0,244.8,240.0,221.8,94.72,-1.44,9.38,50.0,9.4,95.7,2.36,0.53,16.44,31.7,49.2,33.2
CHEM-VA-0031,img_validation_0031_var02,validation,0.0,243.5,239.3,223.1,94.48,-1.36,8.34,48.0,8.2,95.3,2.49,0.977,0.8,26.9,45.2,21.5
CHEM-VA-0031,img_validation_0031_var05,validation,0.0,245.0,240.2,221.6,94.77,-1.49,9.55,48.0,9.8,96.1,2.4,0.961,1.36,33.4,67.8,14.2
CHEM-VA-0031,img_validation_0031_var06,validation,0.0,244.7,239.8,222.2,94.67,-1.32,9.1,46.0,9.0,95.7,2.26,0.526,16.59,29.9,67.3,18.2
CHEM-VA-0031,img_validation_0031_var07,validation,0.0,243.8,240.1,223.2,94.7,-1.6,8.58,52.0,8.2,95.3,2.51,0.964,1.26,26.9,62.8,13.5
CHEM-VA-0031,img_validation_0031_var09,validation,0.0,244.9,239.5,224.3,94.67,-0.76,8.02,46.0,8.2,95.7,2.08,0.572,14.97,34.5,56.3,37.3
CHEM-VA-0031,img_validation_0031_var10,validation,0.0,234.9,232.6,218.8,92.05,-1.58,6.96,52.0,6.7,91.8,4.91,0.979,0.75,30.2,76.2,10.4
CHEM-VA-0032,img_validation_0032_var01,validation,47.3,232.8,226.3,207.1,90.02,-1.0,10.17,46.0,10.6,91.0,6.28,0.565,15.24,25.3,43.5,13.9
CHEM-VA-0032,img_validation_0032_var02,validation,47.3,234.0,225.3,207.5,89.87,-0.03,9.77,42.0,11.0,91.4,6.2,0.975,0.88,30.5,43.5,7.2
CHEM-VA-0032,img_validation_0032_var03,validation,47.3,231.6,225.8,214.6,89.97,0.04,6.16,38.0,7.5,90.6,6.68,0.978,0.77,30.1,45.1,16.8
CHEM-VA-0032,img_validation_0032_var05,validation,47.3,230.5,224.2,206.6,89.31,-0.84,9.4,46.0,10.6,90.2,6.83,0.953,1.65,27.6,32.6,24.0
CHEM-VA-0032,img_validation_0032_var06,validation,47.3,233.0,225.3,207.4,89.8,-0.41,9.67,44.0,10.6,91.0,6.3,0.601,13.95,19.1,36.1,21.0
CHEM-VA-0032,img_validation_0032_var07,validation,47.3,232.2,225.5,209.2,89.82,-0.46,8.78,42.0,9.8,91.0,6.26,0.968,1.12,20.0,44.4,24.4
CHEM-VA-0032,img_validation_0032_var08,validation,47.3,229.9,219.2,200.0,87.85,0.44,10.76,40.0,12.9,89.8,8.34,0.979,0.73,33.1,46.1,31.6
CHEM-VA-0032,img_validation_0032_var09,validation,47.3,232.6,225.5,208.7,89.85,-0.42,9.1,42.0,10.2,91.0,6.22,0.632,12.9,35.0,71.3,19.2
CHEM-VA-0032,img_validation_0032_var10,validation,47.3,223.4,217.8,202.7,87.04,-0.7,8.13,42.0,9.4,87.5,9.08,0.182,28.62,30.7,34.3,19.7
CHEM-VA-0033,img_validation_0033_var02,validation,1476.26,69.9,53.1,35.6,23.59,4.81,13.88,32.0,49.4,27.1,72.7,0.977,0.79,25.3,71.3,7.9
CHEM-VA-0033,img_validation_0033_var04,validation,1476.26,65.7,47.5,29.9,21.27,5.71,14.51,30.0,55.3,25.5,75.11,0.988,0.42,24.6,70.0,36.8
CHEM-VA-0033,img_validation_0033_var05,validation,1476.26,64.9,49.0,32.5,21.66,4.59,13.3,30.0,50.2,25.1,74.58,0.958,1.48,32.3,47.3,32.9
CHEM-VA-0033,img_validation_0033_var07,validation,1476.26,63.9,48.2,30.9,21.27,4.45,13.78,32.0,52.5,24.7,74.99,0.1,43.2,24.4,39.4,22.8
CHEM-VA-0033,img_validation_0033_var08,validation,1476.26,72.0,58.0,45.0,25.54,3.92,10.4,28.0,37.6,28.2,70.56,0.1,51.24,26.8,35.0,6.6
CHEM-VA-0033,img_validation_0033_var09,validation,1476.26,70.2,52.0,35.1,23.31,5.57,13.84,30.0,49.8,27.5,73.03,0.949,1.78,32.0,63.7,5.1
CHEM-VA-0033,img_validation_0033_var10,validation,1476.26,57.1,40.8,25.3,17.99,5.26,13.12,28.0,56.1,22.4,78.26,0.1,46.05,23.3,33.9,16.7
CHEM-VA-0034,img_validation_0034_var01,validation,401.48,160.7,146.0,124.0,61.27,1.83,13.65,36.0,23.1,62.7,35.07,0.345,22.92,27.5,69.7,19.5
CHEM-VA-0034,img_validation_0034_var02,validation,401.48,160.8,145.0,123.0,61.0,2.22,13.86,36.0,23.9,62.7,35.38,0.979,0.72,26.3,34.6,4.3
CHEM-VA-0034,img_validation_0034_var03,validation,401.48,175.3,164.7,193.2,69.34,9.33,-13.21,262.0,14.9,75.7,35.81,0.983,0.58,34.1,51.5,34.1
CHEM-VA-0034,img_validation_0034_var04,validation,401.48,176.6,156.3,134.1,65.67,3.91,14.36,32.0,23.9,69.0,30.99,0.986,0.48,30.7,68.1,36.1
CHEM-VA-0034,img_validation_0034_var05,validation,401.48,164.8,147.9,124.1,62.14,2.39,14.87,34.0,24.3,64.3,34.42,0.967,1.16,20.6,34.9,13.7
CHEM-VA-0034,img_validation_0034_var06,validation,401.48,165.2,149.4,124.4,62.61,1.74,15.36,36.0,24.7,64.7,34.01,0.985,0.51,23.8,60.1,14.9
CHEM-VA-0034,img_validation_0034_var07,validation,401.48,164.9,148.5,124.7,62.35,2.17,14.8,36.0,24.3,64.3,34.19,0.964,1.25,34.1,35.7,17.7
CHEM-VA-0034,img_validation_0034_var08,validation,401.48,162.0,154.0,146.0,64.05,1.48,5.24,30.0,9.8,63.5,32.19,0.896,3.63,20.7,71.7,23.9
CHEM-VA-0034,img_validation_0034_var09,validation,401.48,165.2,148.4,125.0,62.33,2.44,14.63,34.0,24.3,64.7,34.19,0.951,1.71,32.4,57.6,10.4
CHEM-VA-0034,img_validation_0034_var10,validation,401.48,163.4,149.5,126.5,62.5,1.35,13.99,38.0,22.7,63.9,33.88,0.424,20.17,28.8,62.4,18.5
CHEM-VA-0035,img_validation_0035_var01,validation,474.54,155.2,137.5,113.8,58.27,2.82,15.15,34.0,27.1,60.8,38.3,0.206,27.78,34.9,62.1,35.5
CHEM-VA-0035,img_validation_0035_var02,validation,474.54,157.5,137.5,114.2,58.49,3.79,15.29,32.0,27.5,61.6,38.18,0.98,0.69,32.1,67.9,17.6
CHEM-VA-0035,img_validation_0035_var03,validation,474.54,150.5,134.2,114.9,56.95,2.98,12.63,34.0,23.9,58.8,39.3,0.981,0.67,32.2,46.2,9.9
CHEM-VA-0035,img_validation_0035_var04,validation,474.54,162.8,144.0,120.9,60.87,3.25,14.88,34.0,25.9,63.5,35.72,0.998,0.06,28.9,53.9,5.5
CHEM-VA-0035,img_validation_0035_var05,validation,474.54,154.6,136.9,113.5,58.04,2.85,15.01,34.0,26.7,60.4,38.5,0.959,1.44,33.2,74.8,32.3
CHEM-VA-0035,img_validation_0035_var06,validation,474.54,151.5,135.5,113.1,57.35,2.34,14.26,34.0,25.1,59.2,39.05,0.188,28.42,27.5,50.8,9.9
CHEM-VA-0035,img_validation_0035_var07,validation,474.54,154.0,137.1,113.7,58.03,2.53,14.9,36.0,26.3,60.0,38.48,0.963,1.29,21.0,71.3,14.0
CHEM-VA-0035,img_validation_0035_var08,validation,474.54,169.0,156.0,144.0,65.14,2.68,8.0,28.0,14.9,66.3,30.95,0.986,0.48,20.9,74.9,6.8
CHEM-VA-0035,img_validation_0035_var09,validation,474.54,154.2,137.0,113.2,58.02,2.61,15.15,36.0,26.7,60.4,38.53,0.949,1.78,24.4,46.8,6.2
CHEM-VA-0035,img_validation_0035_var10,validation,474.54,141.5,127.5,106.5,54.11,1.76,13.37,36.0,24.7,55.3,42.14,0.332,23.38,20.5,34.8,12.3
CHEM-VA-0036,img_validation_0036_var01,validation,87.33,224.2,216.0,194.4,86.46,-0.79,11.65,44.0,13.3,87.8,9.98,0.536,16.23,29.0,47.1,21.4
CHEM-VA-0036,img_validation_0036_var02,validation,87.33,226.2,216.5,194.5,86.75,-0.35,12.02,42.0,14.1,88.6,9.77,0.975,0.87,34.9,33.3,13.9
CHEM-VA-0036,img_validation_0036_var03,validation,87.33,224.1,214.4,206.7,86.33,1.98,4.98,26.0,7.8,87.8,10.58,0.428,20.0,31.2,55.8,6.9
CHEM-VA-0036,img_validation_0036_var04,validation,87.33,227.6,228.1,213.0,90.21,-2.74,7.27,64.0,6.7,89.4,6.86,0.599,14.05,24.9,55.7,28.2
CHEM-VA-0036,img_validation_0036_var05,validation,87.33,221.9,213.8,194.7,85.71,-0.42,10.42,42.0,12.2,86.7,10.43,0.962,1.33,23.5,64.9,37.0
CHEM-VA-0036,img_validation_0036_var06,validation,87.33,224.1,215.6,195.0,86.37,-0.55,11.21,42.0,12.9,87.8,9.94,0.595,14.18,19.6,39.6,36.9
CHEM-VA-0036,img_validation_0036_var07,validation,87.33,224.6,216.7,195.7,86.69,-0.81,11.33,44.0,12.9,87.8,9.69,0.967,1.15,30.5,77.7,14.0
CHEM-VA-0036,img_validation_0036_var09,validation,87.33,224.7,215.8,195.5,86.48,-0.35,11.11,42.0,12.9,87.8,9.79,0.943,2.0,28.7,58.3,5.7
CHEM-VA-0036,img_validation_0036_var10,validation,87.33,212.0,206.3,189.7,82.91,-0.9,8.96,46.0,10.6,82.7,13.16,0.311,24.12,20.3,68.4,24.6
CHEM-VA-0037,img_validation_0037_var01,validation,1035.84,91.5,73.0,53.9,32.45,4.8,14.44,32.0,41.6,35.7,63.93,0.1,44.95,28.7,63.8,33.7
CHEM-VA-0037,img_validation_0037_var02,validation,1035.84,91.4,72.4,53.8,32.27,5.13,14.22,30.0,41.6,35.7,64.11,0.1,41.6,30.5,35.1,18.4
CHEM-VA-0037,img_validation_0037_var03,validation,1035.84,97.3,86.5,114.0,38.75,10.35,-14.0,264.0,23.9,44.3,62.48,0.1,53.13,29.2,68.2,15.3
CHEM-VA-0037,img_validation_0037_var05,validation,1035.84,91.9,73.6,54.3,32.65,4.68,14.48,30.0,40.8,35.7,63.72,0.13,30.46,30.6,61.1,7.2
CHEM-VA-0037,img_validation_0037_var06,validation,1035.84,92.1,73.5,54.8,32.66,4.92,14.13,30.0,41.2,36.1,63.7,0.1,43.28,22.8,33.0,25.7
CHEM-VA-0037,img_validation_0037_var07,validation,1035.84,95.5,75.6,54.4,33.65,5.12,15.82,30.0,43.1,37.3,62.89,0.966,1.2,20.5,76.4,12.4
CHEM-VA-0037,img_validation_0037_var08,validation,1035.84,98.0,83.0,68.0,36.37,3.63,11.09,30.0,30.6,38.4,59.75,0.1,42.93,20.7,53.5,14.4
CHEM-VA-0037,img_validation_0037_var09,validation,1035.84,95.6,76.2,55.8,33.86,5.03,15.18,32.0,42.0,37.3,62.61,0.946,1.89,29.9,51.9,9.0
CHEM-VA-0037,img_validation_0037_var10,validation,1035.84,86.2,67.5,47.7,30.09,4.99,15.07,30.0,45.5,33.7,66.34,0.1,41.55,34.8,51.4,29.4
CHEM-VA-0038,img_validation_0038_var01,validation,1312.57,72.9,56.8,39.7,25.18,4.35,13.39,30.0,45.9,28.2,71.06,0.1,48.79,22.0,70.6,30.4
CHEM-VA-0038,img_validation_0038_var02,validation,1312.57,73.7,56.4,39.5,25.13,5.0,13.44,30.0,46.7,28.6,71.15,0.1,44.81,29.5,57.2,16.1
CHEM-VA-0038,img_validation_0038_var03,validation,1312.57,78.9,67.9,95.2,30.9,10.84,-14.38,264.0,29.4,37.3,69.94,0.983,0.59,34.7,44.3,36.9
CHEM-VA-0038,img_validation_0038_var04,validation,1312.57,76.9,55.8,39.0,25.34,6.88,14.16,26.0,49.8,29.8,71.13,0.986,0.49,24.1,78.3,29.0
CHEM-VA-0038,img_validation_0038_var05,validation,1312.57,77.2,60.4,42.0,26.82,4.44,14.14,30.0,45.5,30.2,69.48,0.96,1.38,33.4,79.7,36.0
CHEM-VA-0038,img_validation_0038_var06,validation,1312.57,73.3,57.0,39.5,25.29,4.39,13.66,32.0,46.7,28.6,70.97,0.1,48.43,28.8,50.9,32.8
CHEM-VA-0038,img_validation_0038_var07,validation,1312.57,77.4,59.4,40.9,26.51,5.01,14.5,30.0,48.2,30.2,69.85,0.968,1.12,30.7,56.8,29.5
CHEM-VA-0038,img_validation_0038_var09,validation,1312.57,78.4,59.6,41.7,26.7,5.51,14.23,30.0,47.5,30.6,69.68,0.951,1.72,32.4,79.4,34.8
CHEM-VA-0038,img_validation_0038_var10,validation,1312.57,77.1,59.6,40.0,26.53,4.67,15.03,30.0,48.2,30.2,69.86,0.1,44.42,29.1,34.5,29.1
CHEM-VA-0039,img_validation_0039_var01,validation,1787.59,59.4,43.9,28.2,19.32,4.67,12.97,30.0,52.5,23.1,76.9,0.986,0.51,21.7,37.5,8.3
CHEM-VA-0039,img_validation_0039_var02,validation,1787.59,56.9,42.9,27.9,18.68,4.05,12.27,32.0,51.8,22.0,77.47,0.978,0.77,25.4,78.6,29.6
CHEM-VA-0039,img_validation_0039_var05,validation,1787.59,53.8,39.0,24.2,16.98,4.58,12.48,32.0,54.9,20.8,79.2,0.1,37.42,23.8,48.1,37.1
CHEM-VA-0039,img_validation_0039_var07,validation,1787.59,58.8,41.9,26.7,18.6,5.5,12.99,28.0,55.3,22.7,77.66,0.965,1.23,22.8,52.8,30.6
CHEM-VA-0039,img_validation_0039_var08,validation,1787.59,62.0,48.0,35.0,21.05,4.17,10.75,28.0,43.5,24.3,75.06,0.1,54.01,28.4,59.8,13.6
CHEM-VA-0039,img_validation_0039_var09,validation,1787.59,58.1,41.7,27.4,18.44,5.45,12.27,28.0,53.3,22.7,77.79,0.946,1.88,25.0,43.6,11.6
CHEM-VA-0039,img_validation_0039_var10,validation,1787.59,43.6,29.2,15.9,12.29,5.03,11.42,30.0,65.1,16.9,83.87,0.1,51.96,24.4,52.6,27.9
CHEM-VA-0040,img_validation_0040_var01,validation,931.8,100.8,81.2,62.5,36.02,5.2,14.09,30.0,38.0,39.2,60.38,0.1,39.8,29.1,65.6,14.2
CHEM-VA-0040,img_validation_0040_var02,validation,931.8,104.6,84.4,63.4,37.37,5.05,15.44,30.0,39.6,40.8,59.16,0.1,41.13,32.9,56.4,20.4
CHEM-VA-0040,img_validation_0040_var03,validation,931.8,105.7,91.2,114.8,40.89,10.72,-11.16,276.0,20.0,44.7,59.56,0.1,47.93,28.3,30.5,26.3
CHEM-VA-0040,img_validation_0040_var04,validation,931.8,106.8,84.5,63.7,37.67,6.02,15.65,30.0,40.4,41.6,58.97,0.989,0.39,23.5,42.0,16.5
CHEM-VA-0040,img_validation_0040_var05,validation,931.8,103.9,83.3,62.8,36.97,5.38,15.2,30.0,40.0,40.4,59.55,0.963,1.31,24.0,63.1,34.0
CHEM-VA-0040,img_validation_0040_var06,validation,931.8,100.3,80.9,61.8,35.87,5.05,14.31,30.0,38.8,39.2,60.54,0.1,45.35,19.7,51.5,7.6
CHEM-VA-0040,img_validation_0040_var07,validation,931.8,104.4,83.1,63.3,37.0,5.72,14.95,30.0,39.6,40.8,59.53,0.966,1.19,31.9,70.9,38.9
CHEM-VA-0040,img_validation_0040_var08,validation,931.8,105.0,93.0,78.0,40.22,2.2,10.4,34.0,25.9,41.2,55.82,0.1,39.82,22.8,68.8,38.5
CHEM-VA-0040,img_validation_0040_var09,validation,931.8,104.3,84.8,63.1,37.46,4.65,15.73,30.0,39.6,40.8,59.07,0.945,1.94,24.9,31.3,27.0
CHEM-VA-0040,img_validation_0040_var10,validation,931.8,103.7,83.2,63.0,36.93,5.33,15.04,30.0,38.8,40.4,59.57,0.1,41.16,25.2,33.0,16.6
CHEM-VA-0041,img_validation_0041_var01,validation,0.0,243.6,239.6,222.2,94.54,-1.61,8.88,48.0,8.6,95.3,2.57,0.539,16.14,22.6,39.2,29.2
CHEM-VA-0041,img_validation_0041_var02,validation,0.0,244.2,239.5,223.1,94.59,-1.21,8.48,46.0,8.6,95.7,2.28,0.977,0.8,31.2,40.8,25.5
CHEM-VA-0041,img_validation_0041_var05,validation,0.0,244.6,239.7,221.3,94.63,-1.46,9.47,46.0,9.4,95.7,2.44,0.959,1.43,23.2,45.3,5.8
CHEM-VA-0041,img_validation_0041_var06,validation,0.0,244.7,240.0,223.5,94.74,-1.16,8.5,46.0,8.6,95.7,2.14,0.559,15.43,21.7,34.4,19.9
CHEM-VA-0041,img_validation_0041_var07,validation,0.0,244.4,240.3,223.3,94.81,-1.52,8.74,48.0,8.6,95.7,2.36,0.962,1.34,27.5,63.3,36.5
CHEM-VA-0041,img_validation_0041_var09,validation,0.0,245.4,239.9,222.7,94.77,-1.05,8.99,44.0,9.4,96.1,1.98,0.586,14.47,31.3,43.1,8.3
CHEM-VA-0041,img_validation_0041_var10,validation,0.0,231.2,230.2,215.9,91.09,-2.14,7.08,56.0,7.1,90.6,5.9,0.975,0.89,32.2,64.3,38.2
CHEM-VA-0042,img_validation_0042_var01,validation,263.25,186.5,172.8,151.6,71.26,1.39,12.68,36.0,18.8,72.9,25.03,0.533,16.33,33.2,68.2,33.7
CHEM-VA-0042,img_validation_0042_var02,validation,263.25,185.7,172.8,151.1,71.19,1.0,12.86,38.0,18.4,72.5,25.11,0.978,0.79,21.6,53.9,22.2
CHEM-VA-0042,img_validation_0042_var03,validation,263.25,188.8,175.2,155.3,72.17,1.52,11.99,36.0,17.6,73.7,24.04,0.985,0.51,24.4,68.5,5.4
CHEM-VA-0042,img_validation_0042_var04,validation,263.25,207.5,189.8,166.7,77.78,2.52,13.93,34.0,20.0,81.2,18.98,0.986,0.49,26.9,74.6,24.4
CHEM-VA-0042,img_validation_0042_var05,validation,263.25,188.0,174.9,151.0,71.94,0.72,13.99,38.0,20.4,73.7,24.57,0.958,1.47,21.5,39.5,31.5
CHEM-VA-0042,img_validation_0042_var06,validation,263.25,186.2,173.0,151.5,71.27,1.16,12.77,36.0,18.8,72.9,25.02,0.554,15.62,22.7,45.0,25.5
CHEM-VA-0042,img_validation_0042_var07,validation,263.25,185.1,173.2,153.4,71.28,0.97,11.72,38.0,17.3,72.5,24.87,0.969,1.07,22.0,67.2,34.2
CHEM-VA-0042,img_validation_0042_var08,validation,263.25,185.0,185.0,182.0,75.07,-0.55,1.52,60.0,1.6,72.5,22.25,0.852,5.16,33.9,71.0,34.5
CHEM-VA-0042,img_validation_0042_var09,validation,263.25,188.6,174.7,151.7,71.94,1.17,13.62,38.0,19.6,73.7,24.51,0.945,1.93,23.7,37.1,37.7
CHEM-VA-0042,img_validation_0042_var10,validation,263.25,189.7,176.4,154.7,72.55,1.15,12.83,38.0,18.4,74.1,23.77,0.98,0.71,29.9,33.5,35.8
CHEM-VA-0043,img_validation_0043_var01,validation,524.03,147.8,129.7,106.0,55.28,3.11,15.38,34.0,28.6,57.6,41.3,0.11,31.15,34.7,43.1,4.9
CHEM-VA-0043,img_validation_0043_var02,validation,524.03,143.4,126.9,104.3,54.06,2.61,14.63,34.0,27.5,56.1,42.37,0.1,31.68,32.4,34.5,19.6
CHEM-VA-0043,img_validation_0043_var03,validation,524.03,143.7,127.0,107.4,54.2,3.12,13.0,34.0,25.1,56.1,42.07,0.1,35.83,21.2,67.1,31.7
CHEM-VA-0043,img_validation_0043_var04,validation,524.03,158.3,136.0,112.5,58.1,4.74,15.75,30.0,29.0,62.0,38.73,0.987,0.44,32.4,55.4,35.8
CHEM-VA-0043,img_validation_0043_var05,validation,524.03,143.5,126.0,103.8,53.82,3.06,14.56,34.0,27.8,56.1,42.62,0.452,19.19,28.5,71.9,34.6
CHEM-VA-0043,img_validation_0043_var06,validation,524.03,143.1,127.2,104.0,54.12,2.23,14.84,36.0,27.5,56.1,42.32,0.171,29.02,20.5,44.2,38.2
CHEM-VA-0043,img_validation_0043_var07,validation,524.03,145.1,129.1,106.7,54.87,2.39,14.39,36.0,27.1,56.9,41.52,0.443,19.49,31.4,60.5,18.3
CHEM-VA-0043,img_validation_0043_var08,validation,524.03,153.0,143.0,132.0,59.96,1.75,7.18,32.0,13.7,60.0,36.11,0.787,7.45,25.1,32.6,18.6
CHEM-VA-0043,img_validation_0043_var09,validation,524.03,143.0,126.9,104.2,54.04,2.4,14.65,34.0,27.5,56.1,42.38,0.302,24.43,34.6,42.8,36.0
CHEM-VA-0043,img_validation_0043_var10,validation,524.03,147.6,130.7,106.1,55.54,2.44,15.71,36.0,27.8,57.6,41.06,0.242,26.53,26.7,39.2,35.4
CHEM-VA-0044,img_validation_0044_var01,validation,223.96,195.8,182.7,159.7,74.82,0.83,13.36,38.0,18.4,76.5,21.63,0.489,17.88,31.9,63.7,15.1
CHEM-VA-0044,img_validation_0044_var02,validation,223.96,192.4,180.7,159.9,74.01,0.69,12.13,38.0,17.3,75.3,22.21,0.979,0.75,27.3,57.1,22.1
CHEM-VA-0044,img_validation_0044_var03,validation,223.96,193.6,181.4,164.9,74.41,1.53,9.97,36.0,14.9,75.7,21.64,0.979,0.73,24.3,44.1,14.8
CHEM-VA-0044,img_validation_0044_var04,validation,223.96,203.0,189.8,168.2,77.44,1.07,12.6,38.0,16.9,79.2,18.91,0.984,0.56,20.0,59.1,23.7
CHEM-VA-0044,img_validation_0044_var05,validation,223.96,195.0,182.3,159.4,74.62,0.73,13.29,40.0,18.0,76.1,21.81,0.967,1.16,20.0,64.2,30.2
CHEM-VA-0044,img_validation_0044_var06,validation,223.96,195.9,183.4,160.1,75.0,0.6,13.42,40.0,18.0,76.5,21.46,0.573,14.95,33.2,75.4,19.2
CHEM-VA-0044,img_validation_0044_var07,validation,223.96,193.2,180.7,159.8,74.08,0.97,12.26,38.0,17.6,75.7,22.17,0.968,1.14,30.8,54.4,15.5
CHEM-VA-0044,img_validation_0044_var08,validation,223.96,213.0,210.0,207.0,84.35,0.49,1.85,30.0,2.7,83.5,13.67,0.987,0.47,32.1,77.3,30.0
CHEM-VA-0044,img_validation_0044_var09,validation,223.96,192.3,180.4,159.6,73.9,0.78,12.09,38.0,17.3,75.3,22.32,0.929,2.5,28.2,69.4,31.1
CHEM-VA-0044,img_validation_0044_var10,validation,223.96,177.0,167.2,148.3,68.89,0.3,11.06,40.0,16.1,69.0,27.19,0.54,16.12,23.8,55.7,14.9
CHEM-VA-0045,img_validation_0045_var01,validation,59.8,229.0,222.8,203.8,88.77,-1.1,10.05,46.0,11.0,89.4,7.48,0.575,14.87,19.0,51.1,27.6
CHEM-VA-0045,img_validation_0045_var02,validation,59.8,235.8,223.0,203.0,89.33,1.09,11.36,36.0,14.1,92.2,7.1,0.986,0.5,26.1,33.0,26.4
CHEM-VA-0045,img_validation_0045_var03,validation,59.8,228.5,222.1,207.6,88.64,-0.26,7.87,42.0,9.0,89.4,7.48,0.979,0.75,19.9,71.0,25.1
CHEM-VA-0045,img_validation_0045_var04,validation,59.8,234.1,228.8,215.4,90.94,-0.49,7.15,42.0,8.2,91.8,5.48,0.617,13.4,32.3,49.5,10.5
CHEM-VA-0045,img_validation_0045_var05,validation,59.8,228.4,221.7,202.2,88.41,-1.01,10.39,44.0,11.4,89.4,7.86,0.955,1.56,26.0,59.9,28.9
CHEM-VA-0045,img_validation_0045_var06,validation,59.8,230.5,223.2,203.0,88.97,-0.89,10.78,46.0,12.2,90.2,7.38,0.601,13.95,22.7,53.8,32.1
CHEM-VA-0045,img_validation_0045_var07,validation,59.8,228.2,222.0,204.3,88.53,-0.91,9.44,46.0,10.6,89.4,7.61,0.968,1.12,21.8,74.5,39.0
CHEM-VA-0045,img_validation_0045_var09,validation,59.8,230.7,223.9,204.1,89.18,-0.99,10.53,44.0,11.4,90.2,7.15,0.632,12.88,29.8,30.8,25.0
CHEM-VA-0045,img_validation_0045_var10,validation,59.8,217.6,213.2,197.7,85.3,-1.15,8.18,48.0,9.4,85.1,10.86,0.238,26.68,27.6,59.9,38.5
CHEM-VA-0046,img_validation_0046_var01,validation,1783.82,59.3,43.8,29.4,19.29,4.89,12.08,28.0,51.0,23.1,76.9,0.984,0.56,27.9,36.5,38.3
CHEM-VA-0046,img_validation_0046_var02,validation,1783.82,54.4,39.8,25.1,17.31,4.49,12.27,28.0,53.7,21.2,78.86,0.1,49.61,24.3,57.5,13.1
CHEM-VA-0046,img_validation_0046_var04,validation,1783.82,53.6,37.1,23.3,16.34,5.68,12.23,28.0,56.5,20.8,79.89,0.987,0.46,29.8,75.9,30.0
CHEM-VA-0046,img_validation_0046_var05,validation,1783.82,54.4,37.8,24.7,16.71,5.81,11.81,26.0,55.7,21.2,79.52,0.1,36.29,19.2,68.8,33.2
CHEM-VA-0046,img_validation_0046_var07,validation,1783.82,53.4,37.5,25.4,16.48,5.57,10.99,26.0,52.9,20.8,79.71,0.1,46.87,27.6,52.4,34.0
CHEM-VA-0046,img_validation_0046_var09,validation,1783.82,58.3,42.7,28.7,18.8,5.05,11.89,28.0,51.8,22.7,77.39,0.949,1.79,25.0,35.4,6.0
CHEM-VA-0046,img_validation_0046_var10,validation,1783.82,44.7,29.9,16.8,12.72,5.23,11.49,28.0,63.5,17.3,83.45,0.1,48.58,22.8,37.5,20.4
CHEM-VA-0047,img_validation_0047_var01,validation,1065.53,88.7,71.1,52.2,31.53,4.46,14.18,32.0,40.8,34.5,64.8,0.1,46.74,28.3,38.0,27.5
CHEM-VA-0047,img_validation_0047_var02,validation,1065.53,92.4,74.4,54.8,32.97,4.53,14.54,32.0,41.2,36.1,63.4,0.1,45.46,24.0,42.5,18.5
CHEM-VA-0047,img_validation_0047_var03,validation,1065.53,105.3,98.8,149.6,44.36,14.55,-26.87,248.0,34.1,58.4,64.43,0.1,49.45,20.6,58.8,15.0
CHEM-VA-0047,img_validation_0047_var05,validation,1065.53,88.0,70.8,52.0,31.35,4.32,14.06,30.0,40.4,34.1,64.96,0.139,30.14,29.5,55.6,10.2
CHEM-VA-0047,img_validation_0047_var06,validation,1065.53,94.3,75.0,54.8,33.35,4.97,15.13,30.0,42.7,36.9,63.11,0.1,52.67,30.6,40.4,10.5
CHEM-VA-0047,img_validation_0047_var07,validation,1065.53,92.4,73.0,52.5,32.5,5.06,15.41,30.0,43.5,36.1,63.99,0.1,33.42,34.8,75.4,34.0
CHEM-VA-0047,img_validation_0047_var08,validation,1065.53,94.0,79.0,67.0,34.76,4.16,9.42,26.0,28.6,36.9,61.35,0.1,42.77,28.7,57.8,36.8
CHEM-VA-0047,img_validation_0047_var09,validation,1065.53,92.7,74.6,54.0,33.05,4.4,15.21,32.0,42.4,36.1,63.38,0.953,1.66,21.5,56.1,11.9
CHEM-VA-0047,img_validation_0047_var10,validation,1065.53,88.9,70.5,51.3,31.36,4.81,14.53,30.0,42.0,34.5,65.02,0.1,38.21,30.3,63.9,33.1
CHEM-VA-0048,img_validation_0048_var01,validation,1652.92,64.8,46.9,31.5,21.0,5.77,13.08,28.0,51.4,25.1,75.3,0.986,0.5,23.1,54.9,38.5
CHEM-VA-0048,img_validation_0048_var02,validation,1652.92,59.9,46.2,31.9,20.16,3.89,11.6,32.0,47.5,23.1,75.96,0.977,0.81,31.8,65.8,7.7
CHEM-VA-0048,img_validation_0048_var05,validation,1652.92,59.2,42.9,28.0,18.96,5.24,12.59,28.0,52.5,23.1,77.27,0.1,34.48,26.6,58.8,22.5
CHEM-VA-0048,img_validation_0048_var07,validation,1652.92,58.4,41.6,26.2,18.43,5.46,13.1,28.0,55.3,22.7,77.84,0.965,1.24,34.0,41.4,6.2
CHEM-VA-0048,img_validation_0048_var08,validation,1652.92,66.0,51.0,39.0,22.56,4.72,10.19,26.0,40.8,25.9,73.57,0.1,53.53,30.6,48.1,13.4
CHEM-VA-0048,img_validation_0048_var09,validation,1652.92,59.1,41.5,27.9,18.52,6.13,12.12,26.0,54.1,23.1,77.75,0.1,49.42,29.7,48.3,23.7
CHEM-VA-0049,img_validation_0049_var01,validation,1416.61,69.0,51.9,36.8,23.14,5.32,12.51,28.0,47.8,27.1,73.1,0.1,49.98,29.4,45.8,29.6
CHEM-VA-0049,img_validation_0049_var02,validation,1416.61,68.4,51.1,34.3,22.78,5.19,13.61,30.0,50.2,26.7,73.51,0.1,49.61,22.7,53.0,24.3
CHEM-VA-0049,img_validation_0049_var03,validation,1416.61,73.2,54.9,32.0,24.49,4.78,17.43,32.0,56.1,28.6,72.13,0.98,0.69,25.6,61.4,33.3
CHEM-VA-0049,img_validation_0049_var05,validation,1416.61,67.7,52.0,35.0,22.98,4.35,13.42,30.0,47.8,26.3,73.25,0.1,34.38,19.8,58.9,5.4
CHEM-VA-0049,img_validation_0049_var06,validation,1416.61,68.3,52.2,35.6,23.13,4.59,13.23,30.0,48.6,26.7,73.11,0.1,48.29,21.1,70.5,21.8
CHEM-VA-0049,img_validation_0049_var07,validation,1416.61,72.9,54.4,36.7,24.38,5.57,14.26,30.0,50.2,28.2,71.99,0.1,35.98,28.8,54.6,11.4
CHEM-VA-0049,img_validation_0049_var08,validation,1416.61,75.0,62.0,48.0,27.17,3.22,10.73,32.0,36.1,29.4,68.91,0.1,48.14,24.9,78.1,28.6
CHEM-VA-0049,img_validation_0049_var09,validation,1416.61,67.9,50.8,35.0,22.65,5.23,12.98,28.0,47.8,26.3,73.61,0.1,47.04,20.5,74.4,16.9
CHEM-VA-0049,img_validation_0049_var10,validation,1416.61,59.1,43.0,27.5,18.97,5.05,12.98,28.0,54.1,23.1,77.27,0.1,45.97,32.8,42.5,4.9
CHEM-VA-0050,img_validation_0050_var01,validation,0.0,244.9,239.2,223.3,94.57,-0.77,8.37,46.0,8.6,95.7,2.01,0.498,17.58,25.1,33.5,34.7
CHEM-VA-0050,img_validation_0050_var02,validation,0.0,245.3,240.9,222.8,95.01,-1.56,9.24,46.0,9.4,96.1,2.3,0.976,0.84,30.7,44.3,7.7
CHEM-VA-0050,img_validation_0050_var03,validation,0.0,244.9,240.8,235.5,95.26,0.44,3.04,34.0,3.5,95.7,6.01,0.98,0.68,33.5,76.1,13.2
CHEM-VA-0050,img_validation_0050_var05,validation,0.0,245.5,240.0,221.7,94.77,-1.19,9.49,46.0,9.8,96.1,2.15,0.961,1.38,32.2,74.3,9.2
CHEM-VA-0050,img_validation_0050_var06,validation,0.0,245.0,239.6,221.6,94.64,-1.23,9.35,46.0,9.4,95.7,2.23,0.556,15.54,33.7,48.4,30.3
CHEM-VA-0050,img_validation_0050_var07,validation,0.0,245.0,240.6,225.2,94.96,-1.1,7.94,46.0,8.2,96.1,2.18,0.963,1.28,21.5,44.3,32.4
CHEM-VA-0050,img_validation_0050_var09,validation,0.0,244.5,240.2,223.7,94.79,-1.36,8.47,48.0,8.6,95.7,2.28,0.936,2.25,25.2,30.5,27.2
CHEM-VA-0050,img_validation_0050_var10,validation,0.0,235.2,232.4,217.8,91.99,-1.55,7.42,50.0,7.8,92.2,4.77,0.974,0.91,20.2,30.1,22.5
CHEM-VA-0051,img_validation_0051_var02,validation,1674.6,58.2,41.9,27.6,18.53,5.31,12.28,28.0,53.3,22.7,77.69,0.1,52.71,22.4,75.6,5.9
CHEM-VA-0051,img_validation_0051_var05,validation,1674.6,61.9,45.1,29.8,20.03,5.37,12.84,30.0,52.5,23.9,76.22,0.963,1.31,23.5,75.2,4.4
CHEM-VA-0051,img_validation_0051_var07,validation,1674.6,63.0,45.8,29.7,20.38,5.44,13.4,30.0,53.3,24.3,75.91,0.1,39.26,23.6,51.4,31.9
CHEM-VA-0051,img_validation_0051_var09,validation,1674.6,61.8,46.2,30.7,20.39,4.65,12.74,30.0,51.0,23.9,75.82,0.95,1.76,23.5,67.9,30.2
CHEM-VA-0051,img_validation_0051_var10,validation,1674.6,47.9,32.2,19.2,13.94,5.59,11.78,28.0,59.6,18.4,82.26,0.1,50.85,19.5,54.1,24.9
CHEM-VA-0052,img_validation_0052_var01,validation,998.19,93.1,75.8,56.1,33.49,4.14,14.46,30.0,39.6,36.5,62.85,0.1,42.91,26.2,64.8,18.6
CHEM-VA-0052,img_validation_0052_var02,validation,998.19,93.4,75.9,55.5,33.54,4.13,14.89,32.0,40.8,36.5,62.84,0.1,39.12,28.1,31.5,32.2
CHEM-VA-0052,img_validation_0052_var03,validation,998.19,100.8,85.1,104.4,38.34,10.31,-8.65,288.0,18.4,40.8,61.09,0.985,0.53,23.7,55.4,23.3
CHEM-VA-0052,img_validation_0052_var05,validation,998.19,97.6,78.0,57.1,34.65,4.95,15.52,32.0,41.2,38.0,61.86,0.959,1.45,33.2,69.0,31.8
CHEM-VA-0052,img_validation_0052_var06,validation,998.19,94.0,76.0,56.0,33.65,4.37,14.74,32.0,39.6,36.5,62.73,0.1,44.37,33.7,53.7,24.2
CHEM-VA-0052,img_validation_0052_var07,validation,998.19,94.7,76.0,56.7,33.73,4.79,14.43,32.0,40.4,36.9,62.65,0.18,28.69,29.0,52.6,27.6
CHEM-VA-0052,img_validation_0052_var08,validation,998.19,101.0,88.0,73.0,38.25,2.68,10.66,32.0,27.8,39.6,57.81,0.1,42.63,29.8,74.0,6.2
CHEM-VA-0052,img_validation_0052_var09,validation,998.19,98.1,78.6,58.6,34.91,4.99,14.95,30.0,40.8,38.4,61.54,0.948,1.83,24.5,56.4,5.5
CHEM-VA-0052,img_validation_0052_var10,validation,998.19,82.7,65.4,47.2,29.05,4.56,13.94,30.0,42.7,32.2,67.25,0.1,40.83,24.8,49.3,6.2
CHEM-VA-0053,img_validation_0053_var01,validation,249.69,187.4,175.9,155.2,72.23,0.63,12.11,38.0,17.3,73.3,23.97,0.534,16.31,19.7,71.9,33.9
CHEM-VA-0053,img_validation_0053_var02,validation,249.69,191.2,177.7,155.3,73.03,1.11,13.21,36.0,18.8,74.9,23.36,0.977,0.8,21.2,54.3,36.1
CHEM-VA-0053,img_validation_0053_var03,validation,249.69,204.7,197.0,230.0,81.06,8.97,-15.36,254.0,14.1,89.8,29.81,0.982,0.63,31.3,61.7,33.3
CHEM-VA-0053,img_validation_0053_var04,validation,249.69,205.2,185.6,165.1,76.48,3.68,12.92,30.0,19.6,80.4,20.16,0.543,15.98,22.2,33.8,6.3
CHEM-VA-0053,img_validation_0053_var05,validation,249.69,186.6,175.4,154.4,72.03,0.47,12.23,40.0,17.3,72.9,24.19,0.966,1.19,26.5,38.5,33.4
CHEM-VA-0053,img_validation_0053_var06,validation,249.69,187.9,175.8,154.7,72.24,0.8,12.39,38.0,17.6,73.3,24.0,0.576,14.83,24.0,55.1,35.3
CHEM-VA-0053,img_validation_0053_var07,validation,249.69,187.3,175.1,155.0,72.0,1.02,11.87,38.0,17.3,73.3,24.18,0.929,2.49,20.0,47.8,31.8
CHEM-VA-0053,img_validation_0053_var08,validation,249.69,196.0,191.0,188.0,77.66,1.21,2.13,22.0,3.9,76.9,19.6,0.981,0.66,29.3,70.2,15.5
CHEM-VA-0053,img_validation_0053_var09,validation,249.69,191.4,177.6,153.9,72.98,1.04,13.91,38.0,20.0,74.9,23.54,0.925,2.64,29.0,79.5,10.5
CHEM-VA-0053,img_validation_0053_var10,validation,249.69,176.8,166.5,147.9,68.67,0.54,10.96,40.0,16.5,69.0,27.4,0.98,0.72,27.0,60.6,13.3
CHEM-VA-0054,img_validation_0054_var01,validation,350.78,173.3,158.3,133.5,65.88,1.46,14.93,38.0,23.1,67.8,30.71,0.337,23.22,23.3,73.9,34.9
CHEM-VA-0054,img_validation_0054_var02,validation,350.78,173.9,157.3,133.4,65.68,2.18,14.73,36.0,23.1,67.8,30.9,0.976,0.82,30.9,39.4,37.2
CHEM-VA-0054,img_validation_0054_var03,validation,350.78,168.7,155.3,135.5,64.72,1.59,12.17,36.0,19.6,65.9,31.46,0.981,0.67,19.9,61.6,11.0
CHEM-VA-0054,img_validation_0054_var04,validation,350.78,184.5,167.6,145.0,69.58,2.43,13.92,34.0,21.6,72.2,26.94,0.394,21.2,34.2,37.3,18.3
CHEM-VA-0054,img_validation_0054_var05,validation,350.78,172.3,156.6,132.5,65.32,1.86,14.69,36.0,23.1,67.5,31.23,0.961,1.38,20.7,31.3,25.5
CHEM-VA-0054,img_validation_0054_var06,validation,350.78,173.1,157.7,133.6,65.71,1.67,14.68,36.0,23.1,67.8,30.84,0.396,21.15,22.6,36.7,32.2
CHEM-VA-0054,img_validation_0054_var07,validation,350.78,173.4,158.2,134.1,65.87,1.62,14.62,36.0,22.4,67.8,30.67,0.963,1.3,22.2,72.4,16.9
CHEM-VA-0054,img_validation_0054_var08,validation,350.78,184.0,182.0,171.0,73.92,-1.27,5.84,50.0,7.1,72.2,22.38,0.564,15.25,28.3,45.2,11.2
CHEM-VA-0054,img_validation_0054_var09,validation,350.78,172.1,157.6,133.4,65.59,1.36,14.59,36.0,22.7,67.5,30.93,0.924,2.66,20.2,73.6,21.9
CHEM-VA-0054,img_validation_0054_var10,validation,350.78,168.4,155.2,134.0,64.65,1.26,12.88,38.0,20.4,65.9,31.6,0.755,8.58,22.1,46.1,26.6
CHEM-VA-0055,img_validation_0055_var01,validation,1207.02,80.0,61.7,44.0,27.59,5.21,13.95,28.0,45.1,31.4,68.75,0.1,54.13,20.4,67.5,6.4
CHEM-VA-0055,img_validation_0055_var02,validation,1207.02,79.0,61.0,43.5,27.25,5.12,13.8,30.0,45.5,31.0,69.07,0.1,45.58,25.7,47.7,8.5
CHEM-VA-0055,img_validation_0055_var05,validation,1207.02,84.1,65.8,45.0,29.3,4.7,15.66,30.0,46.3,32.9,67.16,0.961,1.35,28.1,32.6,4.2
CHEM-VA-0055,img_validation_0055_var06,validation,1207.02,84.4,65.6,46.6,29.31,5.17,14.67,30.0,45.1,32.9,67.09,0.984,0.56,26.7,78.7,31.0
CHEM-VA-0055,img_validation_0055_var07,validation,1207.02,84.2,64.8,45.3,29.0,5.42,15.08,30.0,46.3,32.9,67.45,0.1,34.64,34.5,57.1,31.6
CHEM-VA-0055,img_validation_0055_var08,validation,1207.02,89.0,72.0,57.0,31.93,4.73,11.72,28.0,36.1,34.9,64.27,0.1,45.5,25.8,30.6,6.7
CHEM-VA-0055,img_validation_0055_var09,validation,1207.02,79.1,62.2,43.9,27.61,4.44,14.03,32.0,45.5,31.0,68.69,0.1,40.84,23.4,61.0,23.6
CHEM-VA-0055,img_validation_0055_var10,validation,1207.02,71.9,53.8,36.1,24.08,5.37,14.23,30.0,49.4,27.8,72.27,0.1,47.26,33.4,77.7,15.6
CHEM-VA-0056,img_validation_0056_var01,validation,0.0,244.9,240.2,222.4,94.8,-1.45,9.15,50.0,9.0,95.7,2.29,0.526,16.58,31.4,48.6,31.4
CHEM-VA-0056,img_validation_0056_var02,validation,0.0,239.7,239.6,221.7,94.23,-3.02,8.67,60.0,7.5,93.7,3.95,0.985,0.51,24.8,46.0,32.7
CHEM-VA-0056,img_validation_0056_var05,validation,0.0,246.0,238.9,222.0,94.55,-0.46,9.05,40.0,10.2,96.5,1.74,0.958,1.46,30.6,59.6,16.3
CHEM-VA-0056,img_validation_0056_var06,validation,0.0,245.0,240.7,222.0,94.9,-1.69,9.52,50.0,9.0,95.7,2.51,0.533,16.35,34.7,31.4,20.1
CHEM-VA-0056,img_validation_0056_var07,validation,0.0,244.5,239.9,223.7,94.71,-1.2,8.39,46.0,8.6,95.7,2.22,0.969,1.1,21.8,58.0,36.6
CHEM-VA-0056,img_validation_0056_var09,validation,0.0,245.2,240.5,222.4,94.88,-1.46,9.29,46.0,9.4,96.1,2.28,0.933,2.33,29.5,65.5,19.3
CHEM-VA-0056,img_validation_0056_var10,validation,0.0,245.8,241.9,228.1,95.43,-1.04,7.14,46.0,7.1,96.1,2.48,0.975,0.87,25.9,53.2,18.7
CHEM-VA-0057,img_validation_0057_var01,validation,775.66,114.4,96.2,75.7,42.03,4.05,14.41,32.0,34.1,44.7,54.36,0.1,38.32,19.5,35.2,15.1
CHEM-VA-0057,img_validation_0057_var02,validation,775.66,118.2,99.3,76.6,43.32,3.98,15.75,32.0,35.7,46.3,53.22,0.1,35.35,26.0,75.4,34.4
CHEM-VA-0057,img_validation_0057_var03,validation,775.66,138.4,124.3,163.0,54.62,13.4,-18.72,262.0,23.9,63.9,51.45,0.1,44.83,25.0,40.5,4.4
CHEM-VA-0057,img_validation_0057_var04,validation,775.66,117.2,96.9,75.9,42.53,4.87,15.05,30.0,36.1,45.9,53.99,0.1,47.53,23.2,65.3,15.1
CHEM-VA-0057,img_validation_0057_var05,validation,775.66,114.6,96.9,74.9,42.22,3.57,15.2,34.0,34.9,44.7,54.22,0.301,24.48,31.6,54.7,38.4
CHEM-VA-0057,img_validation_0057_var06,validation,775.66,119.0,99.3,76.3,43.41,4.24,16.01,32.0,35.7,46.3,53.19,0.985,0.52,20.0,42.9,12.3
CHEM-VA-0057,img_validation_0057_var07,validation,775.66,118.3,98.8,75.4,43.16,4.17,16.21,32.0,36.5,46.3,53.46,0.1,33.03,24.1,32.0,36.5
CHEM-VA-0057,img_validation_0057_var08,validation,775.66,130.0,114.0,99.0,49.11,3.68,10.61,30.0,23.9,51.0,47.03,0.1,44.45,21.5,64.9,5.2
CHEM-VA-0057,img_validation_0057_var09,validation,775.66,114.5,96.0,75.2,41.98,4.12,14.69,30.0,34.1,44.7,54.44,0.1,31.85,29.0,43.3,13.5
CHEM-VA-0057,img_validation_0057_var10,validation,775.66,108.4,91.3,68.5,39.88,3.3,15.75,34.0,36.9,42.4,56.59,0.115,30.97,33.8,77.1,17.6
CHEM-VA-0058,img_validation_0058_var01,validation,565.29,141.7,125.0,100.2,53.31,2.35,15.94,36.0,29.0,55.3,43.29,0.984,0.55,29.7,72.7,33.3
CHEM-VA-0058,img_validation_0058_var02,validation,565.29,136.7,122.0,99.0,51.96,1.88,14.65,36.0,27.1,53.3,44.42,0.206,27.79,30.1,38.0,16.0
CHEM-VA-0058,img_validation_0058_var03,validation,565.29,131.1,115.0,59.6,48.77,-1.34,32.65,46.0,54.9,51.4,52.85,0.1,32.03,22.5,35.9,24.3
CHEM-VA-0058,img_validation_0058_var04,validation,565.29,143.9,125.0,102.1,53.55,3.57,15.16,34.0,28.6,56.1,43.0,0.1,36.49,27.6,64.9,9.7
CHEM-VA-0058,img_validation_0058_var05,validation,565.29,140.9,124.0,99.9,52.94,2.53,15.58,36.0,29.4,54.9,43.61,0.962,1.33,32.8,37.6,17.7
CHEM-VA-0058,img_validation_0058_var06,validation,565.29,141.8,125.2,101.2,53.36,2.47,15.43,36.0,28.2,55.3,43.17,0.1,34.81,22.2,77.6,30.6
CHEM-VA-0058,img_validation_0058_var07,validation,565.29,139.4,123.4,101.5,52.66,2.53,14.26,34.0,27.5,54.5,43.71,0.449,19.3,23.0,40.3,15.6
CHEM-VA-0058,img_validation_0058_var08,validation,565.29,198.7,98.4,43.3,53.05,36.37,47.96,22.0,78.4,77.6,68.19,0.208,27.71,31.4,47.0,6.0
CHEM-VA-0058,img_validation_0058_var09,validation,565.29,140.9,124.4,100.1,53.04,2.41,15.59,36.0,28.6,54.9,43.5,0.95,1.74,34.9,75.6,9.8
CHEM-VA-0058,img_validation_0058_var10,validation,565.29,130.5,115.5,93.5,49.45,2.16,14.34,36.0,28.6,51.0,46.88,0.226,27.08,21.7,37.4,37.0
CHEM-VA-0059,img_validation_0059_var01,validation,75.09,225.4,217.7,199.9,87.1,-0.38,9.68,42.0,11.4,88.2,8.97,0.613,13.54,20.0,34.7,5.7
CHEM-VA-0059,img_validation_0059_var02,validation,75.09,234.3,218.8,199.4,88.09,2.15,11.44,32.0,14.9,91.8,8.44,0.98,0.7,32.0,65.8,21.9
CHEM-VA-0059,img_validation_0059_var03,validation,75.09,231.2,222.4,222.6,89.29,3.03,0.99,0.0,3.9,90.6,10.75,0.981,0.66,28.6,58.2,19.9
CHEM-VA-0059,img_validation_0059_var04,validation,75.09,232.6,228.1,216.4,90.68,-0.51,6.23,46.0,7.1,91.0,6.08,0.546,15.88,31.6,60.8,18.9
CHEM-VA-0059,img_validation_0059_var05,validation,75.09,225.0,217.8,199.7,87.1,-0.61,9.79,44.0,11.0,87.8,9.0,0.968,1.13,19.1,69.3,30.2
CHEM-VA-0059,img_validation_0059_var06,validation,75.09,225.5,218.3,199.7,87.27,-0.68,10.02,44.0,11.4,88.2,8.87,0.608,13.74,24.4,77.5,24.4
CHEM-VA-0059,img_validation_0059_var07,validation,75.09,227.6,220.0,198.9,87.83,-0.93,11.28,44.0,12.9,89.0,8.6,0.969,1.07,27.6,58.3,11.1
CHEM-VA-0059,img_validation_0059_var09,validation,75.09,225.4,217.7,199.2,87.09,-0.47,10.06,42.0,11.4,88.2,9.03,0.936,2.23,23.5,78.2,16.9
CHEM-VA-0059,img_validation_0059_var10,validation,75.09,226.5,219.2,202.4,87.63,-0.36,9.13,42.0,10.6,88.6,8.42,0.976,0.85,26.3,44.0,9.9
CHEM-VA-0060,img_validation_0060_var02,validation,1432.97,67.3,50.2,34.4,22.38,5.24,13.05,30.0,49.4,26.3,73.88,0.1,47.77,28.4,54.3,27.8
CHEM-VA-0060,img_validation_0060_var03,validation,1432.97,80.8,65.2,89.8,30.09,11.98,-12.12,278.0,27.1,34.9,70.16,0.983,0.59,25.6,31.2,17.1
CHEM-VA-0060,img_validation_0060_var05,validation,1432.97,65.4,48.9,32.8,21.7,4.92,13.17,30.0,50.6,25.5,74.55,0.1,34.77,21.4,65.5,34.1
CHEM-VA-0060,img_validation_0060_var06,validation,1432.97,67.8,51.1,35.6,22.74,5.11,12.69,30.0,47.8,26.3,73.5,0.1,50.16,23.3,30.8,22.6
CHEM-VA-0060,img_validation_0060_var07,validation,1432.97,66.6,49.5,33.2,22.05,5.19,13.36,30.0,49.8,25.9,74.23,0.1,42.95,34.1,79.0,33.4
CHEM-VA-0060,img_validation_0060_var08,validation,1432.97,75.0,60.0,47.0,26.54,4.35,10.52,28.0,37.3,29.4,69.58,0.1,49.54,32.9,49.8,22.7
CHEM-VA-0060,img_validation_0060_var09,validation,1432.97,71.3,52.8,36.5,23.71,5.78,13.52,28.0,49.4,27.8,72.62,0.921,2.76,19.1,74.5,15.4
CHEM-VA-0060,img_validation_0060_var10,validation,1432.97,70.5,53.2,35.4,23.71,4.98,14.16,30.0,49.8,27.5,72.61,0.1,51.8,34.7,32.5,12.7
CHEM-VA-0061,img_validation_0061_var01,validation,507.47,150.3,133.0,109.2,56.48,2.67,15.24,36.0,27.5,58.8,40.07,0.183,28.61,22.4,75.7,30.8
CHEM-VA-0061,img_validation_0061_var02,validation,507.47,152.1,133.0,108.5,56.64,3.31,15.89,34.0,29.0,59.6,40.06,0.222,27.21,34.4,33.3,25.2
CHEM-VA-0061,img_validation_0061_var03,validation,507.47,162.4,159.0,210.3,67.41,12.16,-25.7,244.0,24.7,82.4,46.45,0.114,31.01,19.0,33.1,14.4
CHEM-VA-0061,img_validation_0061_var04,validation,507.47,158.4,138.7,115.2,58.9,3.64,15.32,32.0,27.1,62.0,37.77,0.106,31.29,29.1,32.9,38.1
CHEM-VA-0061,img_validation_0061_var05,validation,507.47,145.8,129.0,106.8,54.91,2.79,14.39,34.0,27.1,56.9,41.51,0.449,19.3,26.0,52.7,34.8
CHEM-VA-0061,img_validation_0061_var06,validation,507.47,145.2,129.8,107.7,55.11,2.18,14.12,34.0,26.3,56.9,41.24,0.1,31.5,31.6,64.1,9.3
CHEM-VA-0061,img_validation_0061_var07,validation,507.47,149.6,132.4,108.2,56.23,2.62,15.46,36.0,27.5,58.4,40.35,0.451,19.21,19.1,38.8,5.9
CHEM-VA-0061,img_validation_0061_var08,validation,507.47,157.0,151.0,135.0,62.55,-0.65,9.22,44.0,14.1,61.6,33.47,0.1,32.36,32.5,73.8,21.7
CHEM-VA-0061,img_validation_0061_var09,validation,507.47,149.9,132.8,108.8,56.39,2.55,15.36,36.0,27.5,58.4,40.17,0.951,1.72,25.0,30.5,13.9
CHEM-VA-0061,img_validation_0061_var10,validation,507.47,138.1,124.1,101.8,52.73,1.63,14.16,38.0,26.7,54.1,43.59,0.408,20.72,30.9,48.3,8.7
CHEM-VA-0062,img_validation_0062_var01,validation,813.97,114.4,95.5,72.7,41.79,4.01,15.91,32.0,36.9,44.7,54.76,0.988,0.44,26.1,48.0,22.4
CHEM-VA-0062,img_validation_0062_var02,validation,813.97,109.9,91.8,70.9,40.21,4.03,14.79,32.0,35.7,42.7,56.2,0.1,35.64,22.3,54.5,4.7
CHEM-VA-0062,img_validation_0062_var03,validation,813.97,127.4,118.3,163.2,52.1,13.29,-22.79,252.0,27.5,63.9,55.69,0.1,43.63,34.1,37.1,5.3
CHEM-VA-0062,img_validation_0062_var04,validation,813.97,117.8,96.2,73.8,42.37,5.23,16.13,32.0,37.6,45.9,54.31,0.986,0.48,20.8,50.3,6.2
CHEM-VA-0062,img_validation_0062_var05,validation,813.97,109.6,91.8,70.6,40.18,3.81,14.95,32.0,35.7,42.7,56.23,0.28,25.19,32.0,72.3,7.6
CHEM-VA-0062,img_validation_0062_var06,validation,813.97,114.8,95.4,73.0,41.79,4.3,15.74,32.0,36.9,44.7,54.76,0.986,0.48,31.0,79.3,29.8
CHEM-VA-0062,img_validation_0062_var07,validation,813.97,114.5,95.1,71.3,41.66,4.08,16.58,34.0,37.6,44.7,54.98,0.209,27.68,32.9,77.9,13.6
CHEM-VA-0062,img_validation_0062_var08,validation,813.97,149.1,131.7,167.6,57.69,13.67,-16.57,270.0,21.6,65.5,47.91,0.1,35.65,30.0,53.1,32.4
CHEM-VA-0062,img_validation_0062_var09,validation,813.97,109.6,92.7,70.4,40.43,3.28,15.36,34.0,35.7,42.7,56.0,0.1,33.75,27.7,49.9,15.8
CHEM-VA-0062,img_validation_0062_var10,validation,813.97,102.2,84.9,64.2,37.27,3.78,14.77,32.0,37.3,40.0,59.1,0.1,33.85,22.6,34.0,25.0
CHEM-VA-0063,img_validation_0063_var01,validation,0.0,245.0,239.8,222.4,94.69,-1.16,8.99,46.0,9.0,95.7,2.11,0.495,17.66,30.9,40.3,21.0
CHEM-VA-0063,img_validation_0063_var02,validation,0.0,241.9,239.4,223.5,94.38,-1.86,7.96,54.0,7.5,94.5,3.05,0.982,0.61,20.0,34.6,15.2
CHEM-VA-0063,img_validation_0063_var03,validation,0.0,245.0,239.8,233.0,94.95,0.6,3.87,30.0,4.7,96.1,5.24,0.989,0.38,33.0,75.9,19.4
CHEM-VA-0063,img_validation_0063_var05,validation,0.0,244.5,239.2,221.5,94.49,-1.22,9.2,46.0,9.4,95.7,2.3,0.968,1.13,21.3,78.2,25.5
CHEM-VA-0063,img_validation_0063_var06,validation,0.0,245.6,240.6,221.7,94.92,-1.47,9.69,48.0,9.8,96.1,2.35,0.505,17.33,30.2,69.7,12.3
CHEM-VA-0063,img_validation_0063_var07,validation,0.0,245.9,242.3,225.5,95.48,-1.65,8.56,52.0,8.2,96.1,2.26,0.964,1.26,27.4,67.4,24.3
CHEM-VA-0063,img_validation_0063_var09,validation,0.0,243.8,240.4,223.4,94.77,-1.73,8.61,52.0,8.2,95.3,2.58,0.598,14.06,34.1,38.8,33.9
CHEM-VA-0063,img_validation_0063_var10,validation,0.0,233.0,231.0,217.2,91.46,-1.67,6.94,48.0,7.1,91.4,5.44,0.18,28.69,22.1,74.4,16.5
CHEM-VA-0064,img_validation_0064_var01,validation,1041.08,95.2,77.1,57.2,34.12,4.43,14.71,32.0,40.0,37.3,62.27,0.988,0.42,29.8,47.0,25.2
CHEM-VA-0064,img_validation_0064_var02,validation,1041.08,94.0,75.9,56.2,33.6,4.5,14.6,30.0,40.4,36.9,62.78,0.981,0.66,32.5,58.5,9.9
CHEM-VA-0064,img_validation_0064_var03,validation,1041.08,96.4,83.7,108.6,37.65,10.55,-12.36,272.0,23.1,42.4,62.94,0.981,0.66,23.3,34.0,17.5
CHEM-VA-0064,img_validation_0064_var05,validation,1041.08,91.0,73.4,53.8,32.51,4.32,14.53,32.0,41.6,35.7,63.84,0.155,29.59,20.2,46.5,29.0
CHEM-VA-0064,img_validation_0064_var06,validation,1041.08,91.0,73.2,54.9,32.46,4.61,13.81,30.0,40.8,35.7,63.85,0.1,42.09,31.8,44.7,34.8
CHEM-VA-0064,img_validation_0064_var07,validation,1041.08,90.7,72.0,53.2,32.04,4.98,14.31,30.0,41.2,35.3,64.34,0.136,30.24,31.9,68.3,13.9
CHEM-VA-0064,img_validation_0064_var08,validation,1041.08,100.0,88.0,73.0,38.15,2.24,10.5,34.0,27.1,39.2,57.9,0.1,53.3,25.4,36.8,13.7
CHEM-VA-0064,img_validation_0064_var09,validation,1041.08,90.5,73.2,53.9,32.39,4.25,14.31,32.0,41.2,35.3,63.94,0.1,39.3,20.2,64.6,29.8
CHEM-VA-0064,img_validation_0064_var10,validation,1041.08,94.9,76.1,55.0,33.73,4.63,15.52,34.0,42.7,36.9,62.75,0.1,41.14,29.8,32.2,4.7
CHEM-VA-0065,img_validation_0065_var02,validation,1516.09,66.4,52.0,34.2,22.82,3.58,13.74,34.0,48.6,25.9,73.4,0.98,0.69,22.8,64.9,27.6
CHEM-VA-0065,img_validation_0065_var03,validation,1516.09,76.7,59.8,81.7,27.78,12.02,-10.43,286.0,27.1,31.8,71.86,0.981,0.65,19.9,77.4,33.1
CHEM-VA-0065,img_validation_0065_var05,validation,1516.09,65.2,46.6,32.4,20.96,6.37,12.45,26.0,50.6,25.5,75.35,0.1,35.42,31.1,47.2,6.7
CHEM-VA-0065,img_validation_0065_var06,validation,1516.09,64.6,47.7,32.6,21.24,5.34,12.64,28.0,50.2,25.1,75.0,0.1,53.85,24.8,42.3,18.5
CHEM-VA-0065,img_validation_0065_var07,validation,1516.09,64.0,45.9,31.2,20.57,6.05,12.68,26.0,51.0,24.7,75.72,0.1,44.44,28.4,46.1,36.4
CHEM-VA-0065,img_validation_0065_var09,validation,1516.09,68.5,50.4,34.4,22.6,5.72,13.35,28.0,50.2,26.7,73.71,0.917,2.91,27.9,70.0,31.7
CHEM-VA-0065,img_validation_0065_var10,validation,1516.09,55.1,39.7,24.3,17.37,4.86,12.93,30.0,56.5,21.6,78.85,0.1,46.35,28.6,36.3,6.0
CHEM-VA-0066,img_validation_0066_var01,validation,905.74,101.9,84.3,63.0,37.06,3.8,15.21,34.0,38.4,39.6,59.36,0.1,43.56,23.3,59.8,35.1
CHEM-VA-0066,img_validation_0066_var02,validation,905.74,101.1,83.5,63.7,36.74,4.06,14.31,32.0,37.6,39.6,59.6,0.1,38.33,32.4,51.1,18.0
CHEM-VA-0066,img_validation_0066_var03,validation,905.74,106.5,88.1,36.4,38.24,0.86,32.09,44.0,65.9,41.6,62.21,0.983,0.6,24.7,46.2,14.3
CHEM-VA-0066,img_validation_0066_var04,validation,905.74,104.9,83.2,62.8,37.06,5.91,15.33,30.0,40.4,40.8,59.53,0.1,51.99,21.2,55.9,20.2
CHEM-VA-0066,img_validation_0066_var05,validation,905.74,101.0,84.0,63.6,36.87,3.74,14.57,32.0,37.6,39.6,59.48,0.218,27.37,32.4,78.9,33.4
CHEM-VA-0066,img_validation_0066_var06,validation,905.74,106.8,88.3,65.7,38.78,4.0,15.96,34.0,38.8,41.6,57.75,0.1,48.96,26.5,52.7,11.3
CHEM-VA-0066,img_validation_0066_var07,validation,905.74,102.1,83.7,62.7,36.88,4.26,15.14,32.0,39.2,40.0,59.56,0.216,27.43,25.6,61.3,31.8
CHEM-VA-0066,img_validation_0066_var08,validation,905.74,112.0,97.0,82.0,42.16,3.44,10.78,30.0,26.7,43.9,53.95,0.1,40.22,23.2,36.3,33.9
CHEM-VA-0066,img_validation_0066_var09,validation,905.74,106.5,86.5,64.8,38.22,4.8,15.72,32.0,39.6,41.6,58.33,0.942,2.04,30.0,64.5,20.4
CHEM-VA-0066,img_validation_0066_var10,validation,905.74,91.4,74.5,54.7,32.88,3.97,14.52,32.0,40.8,35.7,63.46,0.1,37.17,28.0,51.6,23.2
CHEM-VA-0067,img_validation_0067_var01,validation,100.64,218.7,210.5,191.7,84.56,-0.33,10.3,42.0,12.5,85.5,11.54,0.622,13.24,34.1,56.3,4.1
CHEM-VA-0067,img_validation_0067_var02,validation,100.64,217.9,210.8,190.3,84.54,-1.01,11.05,44.0,12.5,85.1,11.74,0.975,0.89,28.3,49.3,20.0
CHEM-VA-0067,img_validation_0067_var03,validation,100.64,219.1,210.9,197.4,84.81,0.53,7.67,36.0,10.2,85.9,11.27,0.981,0.68,22.3,53.7,17.5
CHEM-VA-0067,img_validation_0067_var04,validation,100.64,223.0,222.6,213.6,88.5,-1.46,4.47,54.0,4.3,87.5,8.98,0.696,10.65,19.1,40.3,15.3
CHEM-VA-0067,img_validation_0067_var05,validation,100.64,220.2,212.0,190.8,85.04,-0.71,11.5,42.0,13.7,86.3,11.31,0.962,1.32,20.0,56.7,5.7
CHEM-VA-0067,img_validation_0067_var06,validation,100.64,221.0,212.1,190.7,85.13,-0.52,11.67,44.0,13.7,86.3,11.24,0.596,14.15,34.3,64.6,5.0
CHEM-VA-0067,img_validation_0067_var07,validation,100.64,221.2,213.4,191.8,85.49,-0.9,11.59,44.0,13.7,86.7,10.91,0.967,1.16,33.1,58.2,21.9
CHEM-VA-0067,img_validation_0067_var09,validation,100.64,219.6,210.7,191.3,84.67,-0.17,10.7,40.0,12.9,85.9,11.48,0.667,11.66,32.3,51.7,7.8
CHEM-VA-0067,img_validation_0067_var10,validation,100.64,219.7,212.6,194.0,85.23,-0.71,10.09,44.0,11.8,85.9,10.89,0.975,0.86,19.8,32.8,16.1
CHEM-VA-0068,img_validation_0068_var01,validation,589.96,138.6,121.3,97.1,51.91,2.78,15.74,36.0,29.8,54.1,44.66,0.986,0.48,29.7,30.9,11.4
CHEM-VA-0068,img_validation_0068_var02,validation,589.96,134.4,117.9,95.5,50.54,2.72,14.7,34.0,29.0,52.5,45.87,0.185,28.52,24.3,52.9,16.0
CHEM-VA-0068,img_validation_0068_var03,validation,589.96,156.5,144.9,188.0,62.49,13.12,-20.83,256.0,23.5,73.7,46.6,0.1,35.7,24.3,65.2,8.0
CHEM-VA-0068,img_validation_0068_var04,validation,589.96,148.4,127.6,102.7,54.71,4.01,16.5,32.0,31.0,58.0,42.11,0.1,35.46,31.7,62.7,34.4
CHEM-VA-0068,img_validation_0068_var05,validation,589.96,134.7,117.2,93.8,50.34,2.98,15.41,36.0,30.6,52.5,46.17,0.407,20.75,28.7,70.5,34.1
CHEM-VA-0068,img_validation_0068_var06,validation,589.96,139.3,120.7,96.5,51.82,3.28,15.94,34.0,31.0,54.5,44.81,0.1,32.96,28.4,50.2,10.1
CHEM-VA-0068,img_validation_0068_var07,validation,589.96,136.4,118.9,96.2,51.02,3.1,14.98,34.0,29.4,53.3,45.45,0.412,20.59,23.9,76.8,6.0
CHEM-VA-0068,img_validation_0068_var08,validation,589.96,138.0,128.0,115.0,54.11,1.47,8.43,34.0,16.9,54.1,41.91,0.198,28.08,28.4,56.8,31.9
CHEM-VA-0068,img_validation_0068_var09,validation,589.96,134.5,117.2,94.8,50.33,3.07,14.86,34.0,29.8,52.5,46.12,0.219,27.33,27.8,74.7,14.1
CHEM-VA-0068,img_validation_0068_var10,validation,589.96,129.2,112.1,89.7,48.3,3.04,14.96,34.0,31.0,50.6,48.14,0.143,30.01,29.4,78.5,26.5
CHEM-VA-0069,img_validation_0069_var01,validation,843.98,107.1,89.4,68.5,39.2,3.84,14.84,32.0,36.5,42.0,57.2,0.1,38.17,19.6,45.8,37.1
CHEM-VA-0069,img_validation_0069_var02,validation,843.98,111.6,92.5,70.7,40.58,4.3,15.41,32.0,36.9,43.5,55.92,0.1,37.84,19.0,55.4,13.1
CHEM-VA-0069,img_validation_0069_var03,validation,843.98,98.5,81.3,20.7,35.23,0.05,36.21,46.0,79.6,38.4,66.59,0.1,44.23,20.0,67.3,29.0
CHEM-VA-0069,img_validation_0069_var04,validation,843.98,115.2,93.8,71.4,41.35,5.22,16.13,30.0,38.4,45.1,55.31,0.1,48.96,24.3,51.9,30.6
CHEM-VA-0069,img_validation_0069_var05,validation,843.98,105.5,89.1,67.2,38.89,3.13,15.18,34.0,36.1,41.2,57.5,0.203,27.9,20.3,43.8,23.2
CHEM-VA-0069,img_validation_0069_var06,validation,843.98,112.0,92.9,70.7,40.76,4.21,15.67,32.0,36.9,43.5,55.76,0.1,46.54,19.1,65.8,21.1
CHEM-VA-0069,img_validation_0069_var07,validation,843.98,111.3,91.9,70.6,40.38,4.54,15.23,30.0,36.9,43.5,56.11,0.247,26.37,29.1,64.9,14.0
CHEM-VA-0069,img_validation_0069_var08,validation,843.98,114.0,102.0,86.0,43.88,1.96,10.79,34.0,24.7,44.7,52.17,0.1,47.42,33.2,63.8,32.1
CHEM-VA-0069,img_validation_0069_var09,validation,843.98,106.3,89.1,67.8,38.99,3.63,14.92,34.0,36.9,41.6,57.4,0.1,35.19,28.0,44.7,38.3
CHEM-VA-0069,img_validation_0069_var10,validation,843.98,99.2,81.8,60.7,36.0,3.82,15.14,32.0,39.2,38.8,60.4,0.1,39.69,27.6,30.8,11.1
CHEM-VA-0070,img_validation_0070_var01,validation,0.0,245.1,239.7,221.9,94.67,-1.19,9.26,46.0,9.8,96.1,2.17,0.518,16.87,33.9,71.3,24.9
CHEM-VA-0070,img_validation_0070_var02,validation,0.0,244.3,239.7,222.8,94.64,-1.34,8.71,46.0,9.0,95.7,2.31,0.979,0.73,22.0,67.0,35.4
CHEM-VA-0070,img_validation_0070_var03,validation,0.0,245.0,238.2,229.4,94.46,0.82,5.03,34.0,6.7,96.1,4.27,0.78,7.71,31.6,79.0,27.7
CHEM-VA-0070,img_validation_0070_var05,validation,0.0,244.3,240.6,221.0,94.83,-2.07,9.92,50.0,9.8,95.7,2.97,0.962,1.33,22.5,51.7,28.0
CHEM-VA-0070,img_validation_0070_var06,validation,0.0,245.8,239.9,222.7,94.78,-0.89,9.0,44.0,9.4,96.1,1.85,0.552,15.7,26.2,68.3,22.7
CHEM-VA-0070,img_validation_0070_var07,validation,0.0,244.9,240.3,222.2,94.82,-1.5,9.31,50.0,9.0,95.7,2.34,0.966,1.18,29.0,43.0,7.0
CHEM-VA-0070,img_validation_0070_var09,validation,0.0,243.7,239.6,223.7,94.58,-1.32,8.14,48.0,8.2,95.3,2.46,0.585,14.51,20.9,68.8,28.2
CHEM-VA-0070,img_validation_0070_var10,validation,0.0,229.8,230.9,216.5,91.17,-2.86,6.86,64.0,6.3,90.2,6.26,0.113,31.05,30.8,70.3,36.8
CHEM-VA-0071,img_validation_0071_var01,validation,655.64,131.6,113.1,90.3,48.81,3.6,15.31,34.0,31.4,51.4,47.71,0.1,36.06,19.9,73.4,11.7
CHEM-VA-0071,img_validation_0071_var02,validation,655.64,132.3,112.5,90.3,48.72,4.23,15.2,32.0,31.8,51.8,47.83,0.1,33.6,27.7,31.9,5.5
CHEM-VA-0071,img_validation_0071_var03,validation,655.64,131.0,112.7,79.0,48.43,2.02,21.41,38.0,40.4,51.4,49.19,0.981,0.66,19.9,51.0,7.0
CHEM-VA-0071,img_validation_0071_var04,validation,655.64,135.3,112.7,91.0,49.09,5.48,15.36,28.0,32.5,52.9,47.6,0.1,40.55,31.7,75.8,24.9
CHEM-VA-0071,img_validation_0071_var05,validation,655.64,130.5,112.8,89.1,48.59,3.13,15.73,34.0,31.4,51.0,47.96,0.961,1.36,27.2,60.2,36.3
CHEM-VA-0071,img_validation_0071_var06,validation,655.64,127.2,109.6,88.5,47.39,3.45,14.35,32.0,30.6,49.8,48.99,0.1,33.88,28.9,55.8,17.1
CHEM-VA-0071,img_validation_0071_var07,validation,655.64,127.6,109.8,88.4,47.47,3.53,14.54,32.0,30.6,49.8,48.94,0.212,27.59,33.7,79.5,6.3
CHEM-VA-0071,img_validation_0071_var08,validation,655.64,143.0,127.0,113.0,54.25,3.72,9.85,28.0,20.8,56.1,41.88,0.1,37.47,27.6,40.3,11.9
CHEM-VA-0071,img_validation_0071_var09,validation,655.64,130.4,112.4,88.1,48.47,3.16,16.11,34.0,32.2,51.0,48.13,0.916,2.94,29.6,74.4,30.0
CHEM-VA-0071,img_validation_0071_var10,validation,655.64,132.4,112.9,90.1,48.84,3.96,15.52,32.0,31.8,51.8,47.73,0.1,32.99,21.7,56.7,31.9
CHEM-VA-0072,img_validation_0072_var01,validation,143.93,211.6,200.9,180.1,81.26,0.27,11.7,38.0,14.5,82.7,14.99,0.527,16.57,33.9,46.2,16.7
CHEM-VA-0072,img_validation_0072_var02,validation,143.93,215.3,201.5,179.5,81.72,1.2,12.73,36.0,16.9,84.3,14.78,0.979,0.72,24.7,35.1,28.0
CHEM-VA-0072,img_validation_0072_var03,validation,143.93,215.7,201.4,193.5,82.04,3.65,5.71,22.0,10.2,84.3,14.68,0.981,0.65,22.6,59.5,16.7
CHEM-VA-0072,img_validation_0072_var04,validation,143.93,223.3,210.5,191.5,84.92,1.28,10.98,36.0,14.5,87.5,11.28,0.606,13.78,24.8,62.9,22.8
CHEM-VA-0072,img_validation_0072_var05,validation,143.93,211.8,200.7,179.8,81.24,0.37,11.83,40.0,15.3,82.7,15.03,0.96,1.39,22.8,56.4,7.7
CHEM-VA-0072,img_validation_0072_var06,validation,143.93,210.0,199.7,179.9,80.82,0.3,11.21,38.0,14.9,82.4,15.34,0.634,12.83,31.2,59.7,26.3
CHEM-VA-0072,img_validation_0072_var07,validation,143.93,212.5,201.7,180.3,81.55,0.2,12.01,40.0,14.9,83.1,14.76,0.93,2.46,31.1,64.0,5.2
CHEM-VA-0072,img_validation_0072_var09,validation,143.93,212.0,201.3,180.7,81.41,0.29,11.64,40.0,14.5,82.7,14.83,0.656,12.03,29.4,35.0,16.7
CHEM-VA-0072,img_validation_0072_var10,validation,143.93,197.5,189.9,173.1,77.14,-0.24,9.45,40.0,12.2,77.3,18.88,0.43,19.97,30.6,37.1,35.2
CHEM-VA-0073,img_validation_0073_var01,validation,936.47,99.2,81.2,61.4,35.83,4.31,14.48,32.0,38.4,38.8,60.54,0.1,40.81,23.0,42.8,20.4
CHEM-VA-0073,img_validation_0073_var02,validation,936.47,102.4,83.9,64.0,37.02,4.43,14.53,30.0,38.4,40.0,59.37,0.1,40.59,28.4,30.8,19.6
CHEM-VA-0073,img_validation_0073_var03,validation,936.47,116.7,113.7,174.0,50.43,15.53,-31.72,242.0,34.9,68.2,62.93,0.1,49.03,24.0,65.7,35.5
CHEM-VA-0073,img_validation_0073_var04,validation,936.47,102.9,81.0,60.9,36.17,6.03,15.27,28.0,41.2,40.0,60.41,0.1,52.52,24.4,56.7,8.2
CHEM-VA-0073,img_validation_0073_var05,validation,936.47,98.8,79.5,60.7,35.29,5.08,14.15,30.0,38.8,38.4,61.1,0.173,28.94,28.4,76.1,27.9
CHEM-VA-0073,img_validation_0073_var06,validation,936.47,98.9,81.2,61.3,35.78,4.18,14.45,32.0,37.6,38.4,60.58,0.1,44.16,28.6,62.3,22.0
CHEM-VA-0073,img_validation_0073_var07,validation,936.47,99.2,81.5,61.1,35.91,4.09,14.77,32.0,38.4,38.8,60.47,0.176,28.82,25.9,66.3,35.8
CHEM-VA-0073,img_validation_0073_var08,validation,936.47,111.0,95.0,80.0,41.44,3.9,10.98,30.0,27.8,43.5,54.7,0.1,49.98,28.0,46.7,33.8
CHEM-VA-0073,img_validation_0073_var09,validation,936.47,98.9,81.0,61.1,35.75,4.23,14.53,32.0,37.6,38.4,60.62,0.1,36.82,24.1,40.1,19.1
CHEM-VA-0073,img_validation_0073_var10,validation,936.47,102.2,83.2,62.5,36.75,4.63,15.08,32.0,39.2,40.0,59.7,0.1,34.91,31.4,62.1,5.0
CHEM-VA-0074,img_validation_0074_var01,validation,725.91,124.0,105.0,81.6,45.64,3.79,16.0,34.0,34.5,48.6,50.95,0.1,43.46,27.8,67.7,28.0
CHEM-VA-0074,img_validation_0074_var02,validation,725.91,118.8,100.7,80.2,43.85,3.88,14.32,32.0,32.2,46.3,52.53,0.1,33.54,29.3,47.2,14.4
CHEM-VA-0074,img_validation_0074_var03,validation,725.91,124.3,103.9,67.8,45.09,2.82,23.33,38.0,45.9,48.6,52.94,0.984,0.54,20.8,57.4,28.8
CHEM-VA-0074,img_validation_0074_var04,validation,725.91,124.7,102.7,81.2,45.05,5.43,15.45,30.0,34.5,48.6,51.59,0.1,44.56,24.8,43.4,24.4
CHEM-VA-0074,img_validation_0074_var05,validation,725.91,119.1,101.2,78.9,44.01,3.56,15.29,34.0,34.5,46.7,52.46,0.318,23.86,32.3,33.8,11.0
CHEM-VA-0074,img_validation_0074_var06,validation,725.91,119.5,101.6,80.5,44.17,3.72,14.58,32.0,32.9,46.7,52.23,0.1,39.27,24.4,30.7,20.3
CHEM-VA-0074,img_validation_0074_var07,validation,725.91,120.3,101.9,80.2,44.36,3.83,15.03,32.0,33.3,47.1,52.1,0.339,23.12,19.9,76.6,13.5
CHEM-VA-0074,img_validation_0074_var08,validation,725.91,130.0,116.0,103.0,49.76,3.16,9.17,28.0,20.8,51.0,46.32,0.1,43.14,21.3,64.7,6.0
CHEM-VA-0074,img_validation_0074_var09,validation,725.91,123.4,104.1,80.9,45.3,3.97,15.91,34.0,34.9,48.2,51.29,0.947,1.84,31.5,50.5,23.9
CHEM-VA-0074,img_validation_0074_var10,validation,725.91,113.0,94.9,73.7,41.49,3.92,14.86,32.0,35.3,44.3,54.93,0.1,36.03,32.0,67.4,12.9
CHEM-VA-0075,img_validation_0075_var01,validation,0.0,244.7,240.0,221.6,94.71,-1.52,9.44,46.0,9.4,95.7,2.44,0.444,19.45,33.2,49.0,9.9
CHEM-VA-0075,img_validation_0075_var02,validation,0.0,239.1,238.2,222.2,93.84,-2.44,7.82,56.0,7.1,93.7,3.83,0.986,0.48,31.3,32.9,27.3
CHEM-VA-0075,img_validation_0075_var03,validation,0.0,244.9,238.5,230.9,94.58,0.84,4.46,34.0,5.9,95.7,4.77,0.56,15.42,20.5,55.7,34.4
CHEM-VA-0075,img_validation_0075_var05,validation,0.0,245.9,240.4,221.6,94.89,-1.28,9.73,48.0,9.8,96.1,2.22,0.956,1.55,29.3,49.6,30.3
CHEM-VA-0075,img_validation_0075_var06,validation,0.0,246.0,240.6,221.7,94.96,-1.35,9.76,46.0,10.2,96.5,2.25,0.542,16.01,22.0,44.1,30.3
CHEM-VA-0075,img_validation_0075_var07,validation,0.0,243.9,240.9,224.6,94.94,-1.76,8.22,50.0,7.8,95.3,2.62,0.966,1.17,21.5,33.3,26.9
CHEM-VA-0075,img_validation_0075_var09,validation,0.0,244.2,239.6,222.6,94.6,-1.34,8.77,46.0,9.0,95.7,2.32,0.557,15.51,33.5,45.1,9.5
CHEM-VA-0075,img_validation_0075_var10,validation,0.0,228.9,234.5,218.4,92.08,-4.71,7.18,82.0,6.7,91.8,6.77,0.169,29.07,25.5,63.4,37.7
CHEM-VA-0076,img_validation_0076_var01,validation,99.54,221.5,212.6,191.6,85.31,-0.46,11.49,42.0,13.7,86.7,11.02,0.603,13.91,31.5,78.7,22.9
CHEM-VA-0076,img_validation_0076_var02,validation,99.54,229.5,211.5,192.5,85.7,3.19,11.67,30.0,16.1,89.8,10.98,0.929,2.5,31.2,79.1,13.4
CHEM-VA-0076,img_validation_0076_var04,validation,99.54,227.5,223.8,214.5,89.15,-0.33,5.0,42.0,5.9,89.0,7.98,1.0,0.0,28.4,51.5,20.1
CHEM-VA-0076,img_validation_0076_var05,validation,99.54,218.6,209.4,191.3,84.27,0.14,10.11,40.0,12.5,85.5,11.79,0.953,1.64,19.1,74.7,6.9
CHEM-VA-0076,img_validation_0076_var06,validation,99.54,219.8,211.6,192.8,84.95,-0.35,10.31,42.0,12.2,85.9,11.16,0.642,12.54,26.7,56.5,20.0
CHEM-VA-0076,img_validation_0076_var07,validation,99.54,219.5,211.5,193.8,84.92,-0.25,9.74,42.0,11.8,85.9,11.13,0.965,1.22,33.6,67.1,30.4
CHEM-VA-0076,img_validation_0076_var09,validation,99.54,221.3,212.5,192.4,85.29,-0.33,11.01,42.0,12.9,86.7,10.93,0.656,12.04,22.1,40.3,16.5
CHEM-VA-0076,img_validation_0076_var10,validation,99.54,205.1,200.2,184.2,80.65,-1.06,8.61,46.0,10.2,80.4,15.43,0.36,22.42,32.2,31.3,13.4
CHEM-VA-0077,img_validation_0077_var02,validation,1512.73,63.0,47.3,31.5,20.88,4.66,12.85,30.0,49.8,24.3,75.33,0.1,49.47,20.1,55.5,26.1
CHEM-VA-0077,img_validation_0077_var05,validation,1512.73,68.2,49.6,34.2,22.31,6.07,13.11,26.0,50.2,26.7,74.01,0.958,1.45,31.2,47.2,8.4
CHEM-VA-0077,img_validation_0077_var06,validation,1512.73,69.1,52.0,35.6,23.18,5.08,13.31,30.0,49.4,27.1,73.09,0.984,0.55,26.5,41.3,35.9
CHEM-VA-0077,img_validation_0077_var07,validation,1512.73,64.2,46.1,30.5,20.67,5.92,13.27,28.0,52.9,25.1,75.65,0.1,36.85,28.2,53.4,18.8
CHEM-VA-0077,img_validation_0077_var09,validation,1512.73,69.3,51.1,34.6,22.89,5.68,13.63,30.0,50.6,27.1,73.44,0.947,1.86,32.7,33.1,18.0
CHEM-VA-0077,img_validation_0077_var10,validation,1512.73,68.0,49.1,33.5,22.12,6.24,13.27,28.0,51.4,26.7,74.23,0.1,48.6,33.7,75.2,37.2
CHEM-VA-0078,img_validation_0078_var01,validation,213.41,195.1,184.0,162.6,75.15,0.33,12.28,38.0,16.9,76.5,21.11,0.547,15.87,34.6,38.1,31.1
CHEM-VA-0078,img_validation_0078_var02,validation,213.41,201.2,186.4,163.4,76.31,1.46,13.53,36.0,18.8,78.8,20.23,0.978,0.79,23.2,38.1,26.3
CHEM-VA-0078,img_validation_0078_var03,validation,213.41,195.3,184.4,166.5,75.37,0.82,10.5,38.0,14.9,76.5,20.69,0.981,0.66,32.6,34.2,31.2
CHEM-VA-0078,img_validation_0078_var04,validation,213.41,221.3,204.3,180.2,82.95,2.03,14.17,36.0,18.4,86.7,14.12,0.657,12.01,23.8,52.8,37.5
CHEM-VA-0078,img_validation_0078_var05,validation,213.41,194.8,182.3,161.7,74.66,1.02,12.09,38.0,16.9,76.1,21.57,0.961,1.37,20.1,78.7,8.8
CHEM-VA-0078,img_validation_0078_var06,validation,213.41,198.3,186.1,163.2,76.0,0.51,13.19,40.0,17.6,77.6,20.43,0.53,16.46,34.6,33.3,7.8
CHEM-VA-0078,img_validation_0078_var07,validation,213.41,194.8,184.2,162.4,75.18,0.11,12.45,42.0,16.5,76.1,21.11,0.962,1.34,25.3,34.0,15.6
CHEM-VA-0078,img_validation_0078_var08,validation,213.41,205.0,204.0,201.0,82.05,-0.2,1.61,46.0,2.0,80.4,15.8,0.984,0.55,28.3,79.5,37.1
CHEM-VA-0078,img_validation_0078_var09,validation,213.41,194.4,184.0,162.9,75.11,0.12,12.05,42.0,16.5,76.1,21.11,0.622,13.25,28.9,59.6,35.3
CHEM-VA-0078,img_validation_0078_var10,validation,213.41,185.1,176.1,155.9,72.12,-0.26,11.53,42.0,16.1,72.5,24.03,0.978,0.78,32.7,36.5,4.1
CHEM-VA-0079,img_validation_0079_var01,validation,922.75,105.1,85.4,63.9,37.75,4.76,15.6,32.0,40.0,41.2,58.78,0.981,0.65,22.0,49.8,4.6
CHEM-VA-0079,img_validation_0079_var02,validation,922.75,99.3,81.8,61.8,36.02,4.05,14.44,32.0,38.4,38.8,60.33,0.1,39.57,25.6,55.5,16.6
CHEM-VA-0079,img_validation_0079_var03,validation,922.75,113.4,96.4,124.2,43.43,12.47,-13.01,276.0,22.7,48.6,58.24,0.984,0.58,34.9,59.7,35.1
CHEM-VA-0079,img_validation_0079_var04,validation,922.75,102.4,81.5,62.3,36.27,5.7,14.58,28.0,39.2,40.0,60.22,0.1,53.9,31.3,79.5,25.5
CHEM-VA-0079,img_validation_0079_var05,validation,922.75,104.6,84.1,62.9,37.3,5.17,15.62,32.0,40.4,40.8,59.26,0.958,1.48,23.8,63.9,15.6
CHEM-VA-0079,img_validation_0079_var06,validation,922.75,99.2,81.8,61.8,36.01,4.0,14.43,32.0,38.4,38.8,60.34,0.1,40.93,34.7,70.7,21.4
CHEM-VA-0079,img_validation_0079_var07,validation,922.75,104.3,85.1,62.9,37.54,4.4,15.95,32.0,40.4,40.8,59.0,0.139,30.13,30.6,74.6,18.5
CHEM-VA-0079,img_validation_0079_var08,validation,922.75,107.0,93.0,79.0,40.44,3.22,10.13,30.0,26.3,42.0,55.64,0.1,39.79,25.7,60.0,23.3
CHEM-VA-0079,img_validation_0079_var09,validation,922.75,99.1,82.5,62.5,36.23,3.61,14.3,32.0,37.3,38.8,60.09,0.1,35.38,31.5,79.7,28.7
CHEM-VA-0079,img_validation_0079_var10,validation,922.75,94.6,76.9,56.6,33.99,4.18,14.84,32.0,40.4,36.9,62.39,0.1,41.61,30.4,48.6,8.1
CHEM-VA-0080,img_validation_0080_var01,validation,34.64,234.7,229.9,211.9,91.2,-1.42,9.36,46.0,9.8,91.8,5.18,0.537,16.22,28.1,40.6,13.0
CHEM-VA-0080,img_validation_0080_var02,validation,34.64,234.0,228.3,211.3,90.72,-0.92,8.97,44.0,9.8,91.8,5.47,0.978,0.76,19.3,48.5,11.8
CHEM-VA-0080,img_validation_0080_var03,validation,34.64,235.3,230.1,219.6,91.46,-0.06,5.72,42.0,6.7,92.2,5.63,0.978,0.77,29.2,65.6,24.7
CHEM-VA-0080,img_validation_0080_var05,validation,34.64,234.4,228.5,211.4,90.8,-0.89,9.06,44.0,9.8,91.8,5.38,0.963,1.31,29.1,71.2,25.5
CHEM-VA-0080,img_validation_0080_var06,validation,34.64,234.7,229.5,211.4,91.07,-1.27,9.41,46.0,9.8,91.8,5.25,0.607,13.75,19.9,74.5,16.5
CHEM-VA-0080,img_validation_0080_var07,validation,34.64,236.7,230.6,213.0,91.55,-0.9,9.31,46.0,10.2,92.5,4.68,0.965,1.22,33.7,71.3,25.1
CHEM-VA-0080,img_validation_0080_var09,validation,34.64,234.4,230.1,211.5,91.19,-1.69,9.55,50.0,9.8,91.8,5.31,0.939,2.12,25.2,72.9,37.9
CHEM-VA-0080,img_validation_0080_var10,validation,34.64,221.5,216.7,201.5,86.58,-0.95,8.07,46.0,9.0,86.7,9.58,0.987,0.47,30.9,33.6,18.5
CHEM-VA-0081,img_validation_0081_var01,validation,0.0,243.6,239.8,223.1,94.62,-1.55,8.51,48.0,8.2,95.3,2.52,0.535,16.27,33.1,53.3,33.9
CHEM-VA-0081,img_validation_0081_var02,validation,0.0,237.4,240.5,221.7,94.29,-4.26,8.73,70.0,7.8,94.1,5.07,0.988,0.44,33.7,51.1,9.7
CHEM-VA-0081,img_validation_0081_var05,validation,0.0,244.7,239.2,223.4,94.54,-0.78,8.28,46.0,8.6,95.7,2.07,0.953,1.66,21.4,45.5,5.8
CHEM-VA-0081,img_validation_0081_var06,validation,0.0,243.8,240.1,223.4,94.71,-1.57,8.5,52.0,8.2,95.3,2.49,0.523,16.69,30.1,71.8,11.4
CHEM-VA-0081,img_validation_0081_var07,validation,0.0,245.3,240.3,223.5,94.87,-1.14,8.71,46.0,9.0,96.1,2.01,0.967,1.15,25.2,34.7,11.3
CHEM-VA-0081,img_validation_0081_var09,validation,0.0,243.5,239.5,223.4,94.53,-1.41,8.27,48.0,8.2,95.3,2.52,0.591,14.3,24.4,78.0,9.0
CHEM-VA-0081,img_validation_0081_var10,validation,0.0,231.9,233.3,218.6,91.99,-3.0,6.97,68.0,6.3,91.4,5.7,0.169,29.07,19.1,40.3,6.2
CHEM-VA-0082,img_validation_0082_var01,validation,1101.89,86.7,68.9,50.6,30.61,4.73,13.96,30.0,42.0,33.7,65.71,0.1,46.52,26.8,47.8,14.2
CHEM-VA-0082,img_validation_0082_var02,validation,1101.89,90.5,72.5,52.6,32.15,4.5,14.85,32.0,42.4,35.3,64.24,0.1,44.99,31.3,50.5,11.1
CHEM-VA-0082,img_validation_0082_var03,validation,1101.89,85.6,67.8,46.0,30.07,4.29,16.1,34.0,47.1,33.3,66.42,0.1,54.49,23.9,63.9,14.9
CHEM-VA-0082,img_validation_0082_var05,validation,1101.89,86.5,68.3,48.5,30.39,4.65,14.98,32.0,44.3,33.7,66.01,0.103,31.39,20.9,75.1,36.8
CHEM-VA-0082,img_validation_0082_var06,validation,1101.89,87.4,69.1,50.5,30.75,4.88,14.22,30.0,42.4,34.1,65.6,0.1,45.18,19.9,58.0,17.6
CHEM-VA-0082,img_validation_0082_var07,validation,1101.89,86.3,67.9,49.1,30.24,4.95,14.35,30.0,43.1,33.7,66.13,0.1,39.88,32.2,32.3,38.0
CHEM-VA-0082,img_validation_0082_var08,validation,1101.89,93.0,77.0,63.0,33.97,4.33,10.82,28.0,32.2,36.5,62.17,0.1,43.35,32.2,35.1,26.6
CHEM-VA-0082,img_validation_0082_var09,validation,1101.89,90.7,72.0,52.0,32.02,4.82,15.04,32.0,43.1,35.3,64.41,0.949,1.77,26.9,40.7,36.0
CHEM-VA-0082,img_validation_0082_var10,validation,1101.89,81.9,63.9,43.6,28.43,4.67,15.36,32.0,47.1,31.8,68.0,0.1,46.14,33.5,79.6,23.4
CHEM-VA-0083,img_validation_0083_var01,validation,544.28,140.0,123.9,101.7,52.85,2.56,14.4,34.0,27.8,54.9,43.54,0.22,27.31,20.0,62.0,38.2
CHEM-VA-0083,img_validation_0083_var02,validation,544.28,144.9,127.2,103.2,54.25,2.89,15.5,36.0,28.6,56.5,42.32,0.205,27.81,30.0,36.4,16.2
CHEM-VA-0083,img_validation_0083_var03,validation,544.28,145.7,131.6,148.7,56.72,8.58,-7.21,290.0,11.4,58.0,43.25,0.985,0.54,33.0,74.2,11.2
CHEM-VA-0083,img_validation_0083_var04,validation,544.28,154.1,132.8,107.9,56.76,4.17,16.42,32.0,30.6,60.4,40.1,0.1,33.38,22.2,76.0,29.5
CHEM-VA-0083,img_validation_0083_var05,validation,544.28,144.1,126.0,102.8,53.86,3.14,15.2,34.0,29.0,56.5,42.68,0.959,1.45,29.0,43.1,11.4
CHEM-VA-0083,img_validation_0083_var06,validation,544.28,140.8,123.5,101.1,52.81,2.98,14.69,34.0,27.8,54.9,43.63,0.231,26.91,32.7,51.1,13.9
CHEM-VA-0083,img_validation_0083_var07,validation,544.28,144.2,126.2,101.8,53.9,2.98,15.82,34.0,29.8,56.5,42.72,0.97,1.06,19.7,71.9,16.7
CHEM-VA-0083,img_validation_0083_var08,validation,544.28,169.3,143.8,152.2,62.2,10.98,-0.9,340.0,15.3,66.3,36.75,0.247,26.35,27.1,34.8,24.1
CHEM-VA-0083,img_validation_0083_var09,validation,544.28,141.1,124.2,101.3,53.02,2.76,14.85,34.0,28.2,55.3,43.44,0.285,25.02,28.6,55.0,34.6
CHEM-VA-0083,img_validation_0083_var10,validation,544.28,144.3,126.9,102.8,54.13,2.73,15.6,34.0,29.0,56.5,42.45,0.1,31.57,30.6,56.6,38.8
CHEM-VA-0084,img_validation_0084_var01,validation,213.27,195.5,184.0,162.9,75.2,0.56,12.17,38.0,16.9,76.5,21.04,0.554,15.62,19.7,75.7,23.5
CHEM-VA-0084,img_validation_0084_var02,validation,213.27,203.0,186.2,163.0,76.39,2.19,13.93,36.0,19.6,79.2,20.29,0.981,0.67,22.9,41.4,18.1
CHEM-VA-0084,img_validation_0084_var03,validation,213.27,197.6,185.7,153.8,75.62,-0.96,17.74,44.0,22.4,77.3,22.22,0.986,0.5,31.7,36.9,18.0
CHEM-VA-0084,img_validation_0084_var04,validation,213.27,215.7,201.6,179.1,81.77,1.22,13.04,36.0,16.9,84.3,14.81,0.988,0.41,33.3,52.3,12.4
CHEM-VA-0084,img_validation_0084_var05,validation,213.27,194.4,183.3,162.5,74.91,0.47,11.97,40.0,16.5,76.1,21.3,0.957,1.5,33.3,31.9,16.9
CHEM-VA-0084,img_validation_0084_var06,validation,213.27,197.8,185.3,163.4,75.75,0.78,12.74,38.0,17.3,77.3,20.59,0.569,15.1,30.1,68.7,5.5
CHEM-VA-0084,img_validation_0084_var07,validation,213.27,194.4,184.4,163.4,75.21,0.02,11.93,40.0,16.1,76.1,21.0,0.963,1.3,30.4,64.4,31.2
CHEM-VA-0084,img_validation_0084_var09,validation,213.27,197.6,185.4,162.6,75.74,0.52,13.16,40.0,17.6,77.3,20.68,0.603,13.9,28.4,36.0,4.9
CHEM-VA-0084,img_validation_0084_var10,validation,213.27,189.2,179.2,157.5,73.3,-0.11,12.35,42.0,16.9,74.1,22.95,0.98,0.68,33.2,61.9,12.5
CHEM-VA-0085,img_validation_0085_var01,validation,491.87,151.4,135.0,110.9,57.15,2.29,15.21,36.0,27.1,59.2,39.38,0.988,0.41,28.9,72.0,25.5
CHEM-VA-0085,img_validation_0085_var02,validation,491.87,154.1,134.6,110.5,57.31,3.5,15.7,32.0,28.6,60.4,39.38,0.238,26.69,28.3,72.3,29.2
CHEM-VA-0085,img_validation_0085_var03,validation,491.87,147.2,131.3,111.3,55.78,2.72,13.01,34.0,24.3,57.6,40.48,0.981,0.67,20.5,67.2,16.5
CHEM-VA-0085,img_validation_0085_var04,validation,491.87,158.4,136.8,115.1,58.4,4.69,14.64,30.0,27.1,62.0,38.25,0.987,0.45,25.7,69.1,15.5
CHEM-VA-0085,img_validation_0085_var05,validation,491.87,151.5,134.1,110.1,56.91,2.71,15.34,36.0,27.1,59.2,39.66,0.958,1.49,23.0,45.5,12.0
CHEM-VA-0085,img_validation_0085_var06,validation,491.87,151.6,134.4,111.0,57.02,2.69,14.97,34.0,26.7,59.2,39.5,0.987,0.45,20.5,77.1,20.0
CHEM-VA-0085,img_validation_0085_var07,validation,491.87,152.2,134.8,110.8,57.19,2.66,15.32,34.0,27.5,59.6,39.38,0.81,6.64,23.3,49.8,8.7
CHEM-VA-0085,img_validation_0085_var08,validation,491.87,157.0,152.0,143.0,63.02,0.18,5.38,38.0,9.0,61.6,33.18,0.116,30.95,33.1,57.1,9.2
CHEM-VA-0085,img_validation_0085_var09,validation,491.87,148.2,132.2,110.2,56.09,2.42,14.1,34.0,25.5,58.0,40.28,0.34,23.1,24.3,37.3,21.8
CHEM-VA-0085,img_validation_0085_var10,validation,491.87,152.2,135.1,111.6,57.27,2.66,15.0,36.0,27.1,59.6,39.25,0.303,24.4,25.5,57.5,21.2
CHEM-VA-0086,img_validation_0086_var01,validation,622.69,130.7,113.4,91.0,48.84,3.07,14.94,34.0,29.8,51.0,47.6,0.136,30.24,19.7,69.8,24.9
CHEM-VA-0086,img_validation_0086_var02,validation,622.69,130.2,113.3,90.7,48.75,2.93,14.97,34.0,30.6,51.0,47.69,0.153,29.65,20.9,49.1,12.7
CHEM-VA-0086,img_validation_0086_var03,validation,622.69,142.5,127.0,148.6,55.2,10.1,-9.47,284.0,14.9,58.0,45.8,0.1,41.12,22.1,73.2,21.8
CHEM-VA-0086,img_validation_0086_var04,validation,622.69,143.2,121.7,96.8,52.47,4.39,16.72,32.0,32.9,56.1,44.38,0.1,37.3,32.2,43.6,25.8
CHEM-VA-0086,img_validation_0086_var05,validation,622.69,134.4,116.1,92.2,49.98,3.26,15.89,34.0,31.4,52.5,46.61,0.346,22.89,31.9,73.6,34.2
CHEM-VA-0086,img_validation_0086_var06,validation,622.69,130.7,113.8,91.7,48.95,3.01,14.69,34.0,29.8,51.0,47.46,0.1,32.58,23.0,74.5,28.4
CHEM-VA-0086,img_validation_0086_var07,validation,622.69,131.4,114.3,91.7,49.17,2.96,15.0,34.0,30.6,51.4,47.28,0.391,21.32,26.5,45.1,15.2
CHEM-VA-0086,img_validation_0086_var08,validation,622.69,136.0,124.0,112.0,52.75,2.46,8.21,30.0,17.6,53.3,43.3,0.16,29.39,31.1,69.6,13.1
CHEM-VA-0086,img_validation_0086_var09,validation,622.69,130.5,112.9,90.5,48.67,3.21,15.02,34.0,30.6,51.0,47.79,0.171,29.0,21.0,75.7,16.2
CHEM-VA-0086,img_validation_0086_var10,validation,622.69,122.2,106.9,85.3,46.06,2.41,14.37,34.0,30.2,47.8,50.26,0.165,29.23,29.0,64.2,29.6
CHEM-VA-0087,img_validation_0087_var01,validation,494.01,152.1,134.7,110.9,57.16,2.69,15.25,34.0,27.5,59.6,39.4,0.238,26.67,31.8,34.7,12.9
CHEM-VA-0087,img_validation_0087_var02,validation,494.01,152.1,134.9,111.3,57.2,2.68,15.07,34.0,27.1,59.6,39.33,0.977,0.79,33.6,65.7,34.3
CHEM-VA-0087,img_validation_0087_var03,validation,494.01,177.4,171.8,240.6,73.0,16.64,-33.56,246.0,28.6,94.1,51.0,0.167,29.17,24.5,64.1,31.7
CHEM-VA-0087,img_validation_0087_var04,validation,494.01,162.7,142.2,118.3,60.3,3.88,15.55,32.0,27.1,63.5,36.45,0.986,0.49,24.5,43.7,29.0
CHEM-VA-0087,img_validation_0087_var05,validation,494.01,146.6,131.6,107.8,55.71,1.77,14.93,36.0,26.7,57.3,40.74,0.471,18.51,26.1,54.9,10.4
CHEM-VA-0087,img_validation_0087_var06,validation,494.01,148.2,132.1,109.5,56.05,2.36,14.47,36.0,26.3,58.0,40.37,0.177,28.82,28.1,75.8,11.4
CHEM-VA-0087,img_validation_0087_var07,validation,494.01,152.1,134.5,110.4,57.09,2.72,15.44,34.0,27.5,59.6,39.5,0.966,1.17,19.1,36.4,24.3
CHEM-VA-0087,img_validation_0087_var08,validation,494.01,155.0,151.0,135.0,62.38,-1.41,8.96,48.0,12.9,60.8,33.67,0.892,3.78,22.8,46.1,21.4
CHEM-VA-0087,img_validation_0087_var09,validation,494.01,151.3,134.6,111.1,57.04,2.51,14.97,34.0,26.7,59.2,39.47,0.951,1.7,29.9,49.7,20.6
CHEM-VA-0087,img_validation_0087_var10,validation,494.01,138.8,124.4,103.7,52.94,2.03,13.34,36.0,25.5,54.1,43.31,0.3,24.49,28.2,69.2,33.7
CHEM-VA-0088,img_validation_0088_var01,validation,1111.6,85.6,67.7,49.2,30.1,4.78,14.09,30.0,42.4,33.3,66.23,0.1,53.67,22.1,40.1,30.4
CHEM-VA-0088,img_validation_0088_var02,validation,1111.6,87.9,71.5,51.4,31.54,3.75,14.71,34.0,41.6,34.1,64.79,0.1,44.35,22.4,66.3,20.9
CHEM-VA-0088,img_validation_0088_var05,validation,1111.6,89.9,70.8,51.1,31.54,5.11,14.94,30.0,42.7,34.9,64.9,0.1,32.62,33.4,58.3,6.2
CHEM-VA-0088,img_validation_0088_var06,validation,1111.6,85.1,67.9,49.3,30.12,4.4,14.05,30.0,42.4,33.3,66.19,0.1,46.6,26.8,44.3,29.0
CHEM-VA-0088,img_validation_0088_var07,validation,1111.6,85.3,67.5,47.0,29.98,4.42,15.34,32.0,45.9,33.3,66.44,0.128,30.53,21.0,30.0,34.4
CHEM-VA-0088,img_validation_0088_var09,validation,1111.6,85.5,67.9,49.2,30.16,4.56,14.23,30.0,42.4,33.3,66.17,0.1,40.42,22.1,51.4,34.1
CHEM-VA-0088,img_validation_0088_var10,validation,1111.6,89.3,70.5,50.3,31.39,4.83,15.25,30.0,43.9,34.9,65.06,0.1,42.52,28.5,72.7,5.0
CHEM-VA-0089,img_validation_0089_var01,validation,693.06,126.8,109.4,85.2,47.19,2.96,16.02,36.0,32.5,49.4,49.37,0.1,36.42,28.7,39.7,27.1
CHEM-VA-0089,img_validation_0089_var02,validation,693.06,126.4,108.7,84.4,46.96,3.07,16.17,34.0,33.3,49.4,49.63,0.98,0.69,20.8,49.4,28.2
CHEM-VA-0089,img_validation_0089_var03,validation,693.06,122.3,105.3,82.9,45.55,3.09,15.1,34.0,32.9,47.8,50.88,0.1,37.42,22.7,43.7,35.7
CHEM-VA-0089,img_validation_0089_var04,validation,693.06,128.2,107.4,84.8,46.8,4.66,15.75,32.0,34.5,50.2,49.83,0.1,42.9,25.4,34.6,20.5
CHEM-VA-0089,img_validation_0089_var05,validation,693.06,120.8,104.5,82.3,45.16,2.82,14.9,34.0,31.8,47.1,51.23,0.323,23.7,32.0,72.5,14.8
CHEM-VA-0089,img_validation_0089_var06,validation,693.06,121.5,105.1,82.8,45.42,2.86,14.93,36.0,32.2,47.5,50.98,0.1,35.18,28.3,57.6,15.6
CHEM-VA-0089,img_validation_0089_var07,validation,693.06,123.0,105.8,83.5,45.77,3.18,15.04,34.0,32.2,47.8,50.66,0.335,23.29,27.8,42.3,14.3
CHEM-VA-0089,img_validation_0089_var08,validation,693.06,132.0,121.0,107.0,51.43,1.74,9.21,34.0,18.8,51.8,44.59,0.1,41.84,33.0,71.2,34.9
CHEM-VA-0089,img_validation_0089_var09,validation,693.06,126.7,108.5,85.0,46.94,3.39,15.84,34.0,33.3,49.4,49.62,0.949,1.79,32.2,76.0,21.8
CHEM-VA-0089,img_validation_0089_var10,validation,693.06,117.1,100.2,77.5,43.5,3.06,15.43,34.0,34.1,45.9,52.95,0.161,29.37,21.2,35.0,18.0
CHEM-VA-0090,img_validation_0090_var01,validation,671.12,125.6,107.4,86.3,46.54,3.79,14.46,32.0,31.4,49.0,49.87,0.1,35.65,24.1,43.6,11.2
CHEM-VA-0090,img_validation_0090_var02,validation,671.12,125.4,107.2,85.8,46.45,3.74,14.66,34.0,32.2,49.0,49.98,0.1,32.15,34.4,78.4,18.2
CHEM-VA-0090,img_validation_0090_var03,validation,671.12,146.1,129.6,195.8,58.0,20.47,-32.21,256.0,33.7,76.5,59.51,0.1,36.67,25.5,53.1,9.6
CHEM-VA-0090,img_validation_0090_var04,validation,671.12,137.0,115.2,92.1,49.98,4.9,15.95,30.0,32.9,53.7,46.75,0.1,39.8,20.3,48.2,11.4
CHEM-VA-0090,img_validation_0090_var05,validation,671.12,129.1,110.4,87.2,47.75,3.64,15.67,32.0,32.5,50.6,48.81,0.96,1.4,23.5,77.2,29.8
CHEM-VA-0090,img_validation_0090_var06,validation,671.12,130.0,111.4,88.1,48.15,3.53,15.71,34.0,31.8,50.6,48.41,0.1,37.29,26.3,50.4,28.2
CHEM-VA-0090,img_validation_0090_var07,validation,671.12,129.6,110.2,86.8,47.74,3.93,15.91,34.0,33.3,50.6,48.87,0.965,1.23,32.5,61.0,12.2
CHEM-VA-0090,img_validation_0090_var08,validation,671.12,137.0,124.0,112.0,52.84,2.86,8.36,28.0,18.4,53.7,43.23,0.1,32.77,22.8,45.7,31.4
CHEM-VA-0090,img_validation_0090_var09,validation,671.12,129.2,109.6,87.2,47.54,4.14,15.39,32.0,32.5,50.6,49.01,0.936,2.24,30.9,66.4,7.7
CHEM-VA-0090,img_validation_0090_var10,validation,671.12,117.0,99.8,79.5,43.4,3.55,14.07,32.0,31.8,45.5,52.93,0.1,31.76,31.8,62.5,10.8
CHEM-VA-0091,img_validation_0091_var01,validation,1185.18,86.4,67.8,48.8,30.23,5.0,14.53,30.0,44.3,33.7,66.16,0.1,51.56,32.0,69.1,14.4
CHEM-VA-0091,img_validation_0091_var02,validation,1185.18,84.7,67.8,48.3,30.02,4.16,14.53,32.0,42.7,32.9,66.31,0.1,47.73,23.0,46.1,24.5
CHEM-VA-0091,img_validation_0091_var03,validation,1185.18,80.2,63.5,42.9,28.12,4.03,15.37,34.0,47.5,31.4,68.27,0.1,53.87,32.9,52.1,26.4
CHEM-VA-0091,img_validation_0091_var05,validation,1185.18,80.7,63.1,44.2,28.08,4.7,14.5,32.0,45.1,31.4,68.27,0.1,32.66,25.4,43.3,14.2
CHEM-VA-0091,img_validation_0091_var06,validation,1185.18,82.1,63.3,45.9,28.34,5.47,13.77,30.0,45.1,32.2,68.01,0.1,45.29,28.6,69.8,8.3
CHEM-VA-0091,img_validation_0091_var07,validation,1185.18,81.8,63.6,45.4,28.37,5.1,14.13,30.0,44.3,31.8,67.98,0.161,29.35,33.8,43.6,7.7
CHEM-VA-0091,img_validation_0091_var09,validation,1185.18,85.8,67.1,48.6,29.94,5.14,14.29,30.0,43.5,33.3,66.43,0.953,1.65,20.8,59.6,4.4
CHEM-VA-0091,img_validation_0091_var10,validation,1185.18,76.1,57.9,40.1,25.88,5.31,14.13,28.0,47.5,29.8,70.47,0.1,47.09,25.7,66.7,19.0
CHEM-VA-0092,img_validation_0092_var01,validation,1112.07,86.0,67.4,49.5,30.08,5.14,13.95,30.0,42.4,33.3,66.27,0.1,47.47,23.5,57.9,36.5
CHEM-VA-0092,img_validation_0092_var02,validation,1112.07,90.2,71.8,51.1,31.87,4.58,15.37,30.0,43.1,35.3,64.57,0.1,45.51,25.0,65.9,16.4
CHEM-VA-0092,img_validation_0092_var03,validation,1112.07,90.7,70.8,35.9,31.39,3.71,24.01,38.0,61.2,35.3,66.41,0.1,54.83,21.7,56.7,15.0
CHEM-VA-0092,img_validation_0092_var05,validation,1112.07,89.4,70.5,51.1,31.41,5.01,14.73,30.0,42.7,34.9,65.0,0.96,1.39,35.0,52.9,15.4
CHEM-VA-0092,img_validation_0092_var06,validation,1112.07,85.0,68.1,49.1,30.15,4.25,14.22,32.0,42.4,33.3,66.16,0.1,49.05,27.9,68.5,15.0
CHEM-VA-0092,img_validation_0092_var07,validation,1112.07,84.3,67.5,47.2,29.86,4.02,15.04,32.0,43.9,32.9,66.51,0.1,38.36,29.9,41.0,15.8
CHEM-VA-0092,img_validation_0092_var08,validation,1112.07,95.0,78.0,64.0,34.5,4.76,10.96,28.0,32.5,37.3,61.68,0.1,45.86,27.1,42.9,25.4
CHEM-VA-0092,img_validation_0092_var09,validation,1112.07,89.3,70.5,50.5,31.37,4.91,15.07,30.0,43.9,34.9,65.06,0.95,1.76,23.6,42.4,9.4
CHEM-VA-0092,img_validation_0092_var10,validation,1112.07,80.0,61.5,42.4,27.48,5.17,14.82,30.0,47.5,31.4,68.93,0.1,40.28,28.9,60.6,14.0
CHEM-VA-0093,img_validation_0093_var01,validation,1050.96,95.3,76.0,55.3,33.76,4.93,15.4,30.0,42.0,37.3,62.72,0.987,0.47,34.3,32.9,4.8
CHEM-VA-0093,img_validation_0093_var02,validation,1050.96,94.0,75.1,55.6,33.36,4.91,14.66,30.0,41.6,36.9,63.05,0.982,0.61,19.4,69.7,31.5
CHEM-VA-0093,img_validation_0093_var03,validation,1050.96,102.9,88.3,110.1,39.65,10.41,-10.18,278.0,20.0,43.1,60.34,0.984,0.57,19.9,54.7,4.1
CHEM-VA-0093,img_validation_0093_var05,validation,1050.96,88.9,71.5,51.9,31.66,4.28,14.55,32.0,42.0,34.5,64.69,0.148,29.82,25.9,53.3,4.9
CHEM-VA-0093,img_validation_0093_var06,validation,1050.96,94.5,75.7,56.1,33.6,4.87,14.63,30.0,40.4,36.9,62.81,0.1,46.85,34.2,46.4,23.0
CHEM-VA-0093,img_validation_0093_var07,validation,1050.96,93.8,74.4,54.3,33.12,5.05,15.1,30.0,42.0,36.5,63.34,0.967,1.16,21.3,79.4,21.8
CHEM-VA-0093,img_validation_0093_var08,validation,1050.96,102.0,86.0,71.0,37.73,4.03,11.18,30.0,30.6,40.0,58.42,0.1,53.21,21.0,42.5,12.1
CHEM-VA-0093,img_validation_0093_var09,validation,1050.96,88.7,72.0,52.7,31.8,4.01,14.23,32.0,40.8,34.5,64.51,0.1,39.73,29.0,70.7,28.0
CHEM-VA-0093,img_validation_0093_var10,validation,1050.96,81.7,63.5,44.9,28.33,4.97,14.41,30.0,45.5,31.8,68.03,0.1,43.31,28.2,43.6,12.4
CHEM-VA-0094,img_validation_0094_var01,validation,21.66,238.2,232.8,215.8,92.26,-1.04,8.91,44.0,9.8,93.3,4.05,0.559,15.43,21.2,78.4,33.3
CHEM-VA-0094,img_validation_0094_var02,validation,21.66,241.6,233.8,215.3,92.77,-0.45,9.91,42.0,11.0,94.5,3.49,0.989,0.38,31.0,39.3,24.4
CHEM-VA-0094,img_validation_0094_var03,validation,21.66,239.3,230.8,214.4,91.84,0.13,9.02,38.0,10.6,93.7,4.18,0.99,0.35,23.9,76.3,37.5
CHEM-VA-0094,img_validation_0094_var05,validation,21.66,237.2,231.5,214.8,91.85,-0.92,8.83,44.0,9.8,92.9,4.39,0.955,1.57,33.9,39.6,36.0
CHEM-VA-0094,img_validation_0094_var06,validation,21.66,238.1,233.2,215.5,92.35,-1.3,9.17,46.0,9.8,93.3,4.07,0.565,15.22,28.3,38.8,33.2
CHEM-VA-0094,img_validation_0094_var07,validation,21.66,238.3,234.1,217.7,92.64,-1.36,8.47,48.0,9.0,93.3,3.88,0.967,1.14,27.4,36.9,37.2
CHEM-VA-0094,img_validation_0094_var09,validation,21.66,238.7,232.4,216.1,92.23,-0.61,8.66,44.0,9.4,93.3,3.94,0.631,12.91,32.5,69.6,15.0
CHEM-VA-0094,img_validation_0094_var10,validation,21.66,229.9,226.7,211.1,90.0,-1.61,8.01,50.0,7.8,89.8,6.44,0.203,27.89,24.9,76.5,8.4
CHEM-VA-0095,img_validation_0095_var01,validation,463.41,151.6,136.2,114.1,57.59,2.11,14.03,36.0,24.3,59.2,38.77,0.29,24.84,29.7,58.9,4.5
CHEM-VA-0095,img_validation_0095_var02,validation,463.41,157.5,139.2,114.7,58.96,2.92,15.66,34.0,27.5,61.6,37.71,0.263,25.78,28.4,78.4,5.2
CHEM-VA-0095,img_validation_0095_var03,validation,463.41,155.6,139.2,98.5,58.45,-0.02,24.02,44.0,36.9,60.8,40.45,0.1,32.1,23.8,54.3,39.0
CHEM-VA-0095,img_validation_0095_var04,validation,463.41,163.5,142.7,119.5,60.56,4.08,15.22,32.0,27.1,63.9,36.16,0.174,28.93,24.0,61.3,32.7
CHEM-VA-0095,img_validation_0095_var05,validation,463.41,152.1,136.3,112.8,57.61,2.1,14.78,36.0,26.3,59.6,38.86,0.5,17.51,25.8,39.3,20.2
CHEM-VA-0095,img_validation_0095_var06,validation,463.41,152.1,136.7,114.3,57.77,2.09,14.12,34.0,25.1,59.6,38.6,0.193,28.25,31.8,75.8,18.5
CHEM-VA-0095,img_validation_0095_var07,validation,463.41,155.9,138.7,114.0,58.65,2.45,15.62,36.0,27.1,60.8,37.98,0.54,16.1,21.1,51.3,11.0
CHEM-VA-0095,img_validation_0095_var08,validation,463.41,161.0,153.0,142.0,63.6,0.96,6.82,34.0,11.8,63.1,32.48,0.276,25.33,26.6,77.7,7.8
CHEM-VA-0095,img_validation_0095_var09,validation,463.41,151.5,136.4,113.3,57.61,1.88,14.47,36.0,25.1,59.2,38.8,0.376,21.85,32.0,69.2,25.5
CHEM-VA-0095,img_validation_0095_var10,validation,463.41,154.3,139.4,116.4,58.74,1.8,14.31,36.0,24.7,60.4,37.66,0.392,21.27,27.5,75.9,8.5
CHEM-VA-0096,img_validation_0096_var02,validation,1698.19,56.3,41.3,26.2,18.05,4.61,12.52,30.0,53.7,22.0,78.14,0.1,52.57,33.5,66.0,38.6
CHEM-VA-0096,img_validation_0096_var03,validation,1698.19,62.1,44.9,0.0,19.62,3.2,28.03,42.0,100.0,24.3,78.76,0.981,0.68,21.1,74.8,38.6
CHEM-VA-0096,img_validation_0096_var05,validation,1698.19,61.7,45.0,29.0,19.97,5.22,13.3,30.0,52.5,23.9,76.3,0.1,39.46,22.1,68.4,7.4
CHEM-VA-0096,img_validation_0096_var07,validation,1698.19,60.7,43.3,27.4,19.27,5.65,13.46,30.0,54.9,23.5,77.03,0.1,38.42,22.1,64.9,19.2
CHEM-VA-0096,img_validation_0096_var08,validation,1698.19,65.0,50.0,39.0,22.13,4.9,9.58,26.0,40.0,25.5,74.0,0.1,53.51,23.4,76.0,12.0
CHEM-VA-0096,img_validation_0096_var09,validation,1698.19,56.6,40.9,25.8,17.97,5.01,12.73,30.0,55.3,22.0,78.25,0.945,1.92,22.1,72.2,37.9
CHEM-VA-0096,img_validation_0096_var10,validation,1698.19,47.3,31.4,18.1,13.56,5.73,11.9,26.0,61.6,18.4,82.66,0.1,52.23,20.2,45.2,34.0
CHEM-VA-0097,img_validation_0097_var01,validation,1384.5,70.6,53.4,37.9,23.85,5.23,12.74,30.0,47.1,27.5,72.4,0.1,52.6,27.1,73.0,36.7
CHEM-VA-0097,img_validation_0097_var02,validation,1384.5,73.4,57.4,39.2,25.4,4.16,14.01,32.0,46.7,28.6,70.87,0.1,50.95,20.3,36.4,23.5
CHEM-VA-0097,img_validation_0097_var05,validation,1384.5,68.9,53.0,36.5,23.46,4.46,13.13,30.0,47.1,26.7,72.77,0.1,34.61,31.6,60.4,38.6
CHEM-VA-0097,img_validation_0097_var06,validation,1384.5,71.0,53.6,37.7,23.92,5.29,12.99,28.0,47.8,27.8,72.35,0.1,51.55,27.1,51.9,24.2
CHEM-VA-0097,img_validation_0097_var07,validation,1384.5,70.5,52.5,35.6,23.48,5.47,13.79,30.0,49.8,27.5,72.85,0.1,32.92,30.8,43.8,37.4
CHEM-VA-0097,img_validation_0097_var09,validation,1384.5,71.0,53.0,36.9,23.74,5.51,13.26,30.0,48.6,27.5,72.56,0.1,44.26,27.7,73.5,9.5
CHEM-VA-0097,img_validation_0097_var10,validation,1384.5,65.1,47.4,29.2,21.13,5.36,14.75,30.0,55.3,25.5,75.25,0.1,47.12,32.9,51.5,13.5
CHEM-VA-0098,img_validation_0098_var01,validation,1103.0,92.3,73.4,52.9,32.64,4.78,15.34,32.0,43.5,36.1,63.82,0.1,50.06,24.1,35.3,21.6
CHEM-VA-0098,img_validation_0098_var02,validation,1103.0,86.1,68.5,50.3,30.42,4.67,13.88,30.0,42.0,33.7,65.89,0.1,45.27,34.7,60.4,25.5
CHEM-VA-0098,img_validation_0098_var05,validation,1103.0,87.1,67.8,48.9,30.3,5.38,14.6,30.0,44.7,34.1,66.12,0.1,32.07,19.8,79.6,34.6
CHEM-VA-0098,img_validation_0098_var06,validation,1103.0,92.0,72.9,52.4,32.44,4.9,15.32,30.0,42.7,35.7,64.02,0.1,51.4,31.4,42.2,34.7
CHEM-VA-0098,img_validation_0098_var07,validation,1103.0,86.1,68.7,48.4,30.45,4.22,15.12,32.0,44.3,33.7,65.94,0.141,30.06,28.9,32.4,37.7
CHEM-VA-0098,img_validation_0098_var09,validation,1103.0,86.8,69.2,49.3,30.7,4.39,14.88,32.0,43.1,33.7,65.68,0.1,40.65,32.4,56.2,10.6
CHEM-VA-0098,img_validation_0098_var10,validation,1103.0,90.4,70.9,50.7,31.63,5.18,15.33,30.0,44.3,35.3,64.85,0.1,40.91,32.5,55.4,21.8
CHEM-VA-0099,img_validation_0099_var02,validation,1902.55,51.0,36.8,23.1,15.88,4.54,11.69,28.0,54.1,19.6,80.27,0.1,51.41,32.9,72.3,31.3
CHEM-VA-0099,img_validation_0099_var05,validation,1902.55,51.2,35.7,23.1,15.57,5.44,11.32,26.0,54.9,20.0,80.61,0.1,38.75,34.7,54.5,10.9
CHEM-VA-0099,img_validation_0099_var06,validation,1902.55,57.2,41.0,26.7,18.08,5.34,12.31,28.0,54.5,22.4,78.14,0.987,0.47,25.6,40.4,21.5
CHEM-VA-0099,img_validation_0099_var07,validation,1902.55,55.7,38.3,24.0,17.01,6.06,12.68,28.0,56.5,21.6,79.27,0.1,39.86,27.8,54.7,19.6
CHEM-VA-0099,img_validation_0099_var08,validation,1902.55,59.0,45.0,33.0,19.71,4.4,10.22,28.0,43.9,23.1,76.4,0.1,54.09,20.6,37.4,16.8
CHEM-VA-0099,img_validation_0099_var09,validation,1902.55,51.2,35.9,23.6,15.63,5.37,11.06,26.0,54.9,20.0,80.54,0.1,50.78,29.8,56.1,10.8
CHEM-VA-0100,img_validation_0100_var01,validation,1001.66,93.9,76.3,55.8,33.7,4.14,14.97,34.0,40.8,36.5,62.69,0.1,45.22,25.6,44.2,21.7
CHEM-VA-0100,img_validation_0100_var02,validation,1001.66,98.7,79.3,59.1,35.19,4.92,15.03,30.0,39.6,38.4,61.27,0.1,43.79,33.0,48.2,12.9
CHEM-VA-0100,img_validation_0100_var03,validation,1001.66,107.2,101.2,142.9,44.88,11.96,-22.07,248.0,29.0,55.7,60.91,0.1,46.72,24.5,36.0,6.6
CHEM-VA-0100,img_validation_0100_var05,validation,1001.66,96.7,77.5,57.3,34.41,4.89,15.0,30.0,40.8,37.6,62.04,0.959,1.43,29.1,79.4,31.0
CHEM-VA-0100,img_validation_0100_var06,validation,1001.66,98.7,79.7,58.9,35.28,4.69,15.25,32.0,40.8,38.4,61.18,0.1,48.41,20.1,77.4,21.3
CHEM-VA-0100,img_validation_0100_var07,validation,1001.66,98.4,78.3,56.8,34.8,5.13,15.88,32.0,42.7,38.4,61.76,0.142,30.04,29.1,57.2,31.9
CHEM-VA-0100,img_validation_0100_var08,validation,1001.66,105.0,90.0,73.0,39.24,3.22,12.09,32.0,30.6,41.2,56.91,0.1,41.37,34.4,33.9,34.6
CHEM-VA-0100,img_validation_0100_var09,validation,1001.66,98.5,78.9,58.7,35.04,5.04,15.04,30.0,40.8,38.4,61.43,0.953,1.64,29.0,67.3,16.9
CHEM-VA-0100,img_validation_0100_var10,validation,1001.66,93.9,75.8,55.7,33.56,4.41,14.84,32.0,40.8,36.5,62.83,0.1,35.12,32.0,64.3,36.0
CHEM-TE-0001,img_test_0001_var01,test,74.04,226.2,218.4,199.6,87.34,-0.51,10.21,42.0,11.8,88.6,8.8,0.595,14.16,27.1,49.3,29.2
CHEM-TE-0001,img_test_0001_var02,test,74.04,224.7,217.8,198.8,87.04,-0.83,10.16,44.0,11.8,87.8,9.13,0.979,0.74,31.4,76.1,6.4
CHEM-TE-0001,img_test_0001_var04,test,74.04,233.1,229.2,212.3,90.91,-1.58,8.69,48.0,9.0,91.4,5.51,0.592,14.27,32.2,60.8,23.8
CHEM-TE-0001,img_test_0001_var05,test,74.04,224.3,216.9,198.2,86.77,-0.62,10.12,42.0,11.8,87.8,9.36,0.96,1.4,33.3,46.3,18.5
CHEM-TE-0001,img_test_0001_var06,test,74.04,225.3,218.3,200.7,87.27,-0.58,9.52,44.0,11.0,88.2,8.81,0.643,12.48,33.9,60.9,15.3
CHEM-TE-0001,img_test_0001_var07,test,74.04,227.3,219.4,200.1,87.7,-0.55,10.47,42.0,11.8,89.0,8.49,0.963,1.3,29.3,30.9,12.8
CHEM-TE-0001,img_test_0001_var09,test,74.04,224.5,217.7,198.6,87.02,-0.91,10.24,44.0,11.8,87.8,9.17,0.936,2.25,31.6,48.7,32.6
CHEM-TE-0001,img_test_0001_var10,test,74.04,212.6,208.1,192.6,83.49,-1.16,8.26,48.0,9.4,83.1,12.64,0.317,23.92,34.5,68.3,13.2
CHEM-TE-0002,img_test_0002_var01,test,5.03,243.5,238.7,219.7,94.24,-1.56,9.72,48.0,9.8,95.3,2.8,0.545,15.93,30.4,58.1,18.2
CHEM-TE-0002,img_test_0002_var02,test,5.03,242.3,237.2,220.9,93.82,-1.04,8.5,46.0,9.0,94.9,2.72,0.977,0.79,21.8,70.7,26.0
CHEM-TE-0002,img_test_0002_var03,test,5.03,240.1,236.4,215.1,93.3,-2.32,10.76,50.0,10.6,94.1,4.28,0.889,3.9,22.7,54.0,4.6
CHEM-TE-0002,img_test_0002_var05,test,5.03,243.0,238.6,219.2,94.17,-1.75,9.88,48.0,9.8,95.3,3.03,0.957,1.51,25.1,34.7,23.1
CHEM-TE-0002,img_test_0002_var06,test,5.03,243.7,238.0,220.4,94.1,-1.05,9.19,46.0,9.4,95.3,2.46,0.558,15.47,24.9,67.7,17.5
CHEM-TE-0002,img_test_0002_var07,test,5.03,244.4,239.1,222.1,94.46,-1.06,8.86,46.0,9.0,95.7,2.2,0.968,1.13,33.7,78.2,25.4
CHEM-TE-0002,img_test_0002_var09,test,5.03,242.9,238.6,219.7,94.18,-1.72,9.67,50.0,9.4,94.9,2.95,0.582,14.64,34.7,44.6,33.3
CHEM-TE-0002,img_test_0002_var10,test,5.03,223.2,221.4,208.2,88.06,-1.7,6.7,52.0,6.7,87.5,8.55,0.976,0.85,29.4,38.4,13.2
CHEM-TE-0003,img_test_0003_var01,test,1608.74,66.5,48.0,33.0,21.57,6.12,12.86,26.0,51.4,25.9,74.74,0.986,0.49,23.3,72.4,13.2
CHEM-TE-0003,img_test_0003_var02,test,1608.74,61.9,48.5,32.3,21.14,3.37,12.64,34.0,47.5,23.9,75.0,0.1,54.07,27.4,34.5,5.2
CHEM-TE-0003,img_test_0003_var05,test,1608.74,60.4,44.2,27.5,19.53,4.89,13.73,30.0,54.9,23.5,76.74,0.962,1.33,31.3,40.3,29.5
CHEM-TE-0003,img_test_0003_var06,test,1608.74,65.8,47.9,32.8,21.46,5.78,12.85,28.0,50.6,25.5,74.83,0.985,0.52,30.0,75.8,8.2
CHEM-TE-0003,img_test_0003_var07,test,1608.74,60.1,42.8,28.3,19.07,5.82,12.59,26.0,53.3,23.5,77.2,0.1,37.09,27.4,52.6,14.2
CHEM-TE-0003,img_test_0003_var08,test,1608.74,69.0,55.0,42.0,24.21,3.99,10.5,28.0,39.2,27.1,71.89,0.1,54.06,31.8,53.2,37.1
CHEM-TE-0003,img_test_0003_var09,test,1608.74,58.8,44.2,28.8,19.33,4.27,12.55,32.0,51.8,22.7,76.84,0.1,48.5,27.9,77.5,36.4
CHEM-TE-0003,img_test_0003_var10,test,1608.74,58.9,42.8,27.4,18.87,5.08,12.86,30.0,53.3,22.7,77.36,0.1,45.18,20.8,56.8,36.2
CHEM-TE-0004,img_test_0004_var01,test,1098.92,92.1,72.3,53.0,32.27,5.43,14.75,30.0,42.4,36.1,64.18,0.982,0.64,19.7,38.7,21.9
CHEM-TE-0004,img_test_0004_var02,test,1098.92,86.3,68.3,49.2,30.36,4.74,14.51,30.0,43.1,33.7,66.01,0.1,40.42,27.9,68.2,24.0
CHEM-TE-0004,img_test_0004_var03,test,1098.92,82.2,64.7,1.1,28.26,1.18,36.99,46.0,98.8,32.2,73.3,0.1,51.55,20.0,58.2,24.7
CHEM-TE-0004,img_test_0004_var04,test,1098.92,92.3,69.8,49.9,31.52,6.66,15.67,28.0,46.7,36.1,65.12,0.991,0.32,35.0,71.2,36.0
CHEM-TE-0004,img_test_0004_var05,test,1098.92,90.7,71.0,51.1,31.7,5.31,15.14,30.0,43.1,35.3,64.77,0.96,1.4,19.9,75.5,20.6
CHEM-TE-0004,img_test_0004_var06,test,1098.92,86.6,69.3,50.0,30.7,4.33,14.45,32.0,43.1,33.7,65.64,0.1,47.8,23.0,60.5,9.9
CHEM-TE-0004,img_test_0004_var07,test,1098.92,91.1,71.7,51.1,31.95,5.08,15.48,30.0,43.9,35.7,64.54,0.1,41.89,23.4,60.0,38.6
CHEM-TE-0004,img_test_0004_var08,test,1098.92,90.0,78.0,64.0,33.97,2.52,10.14,32.0,29.0,35.3,62.07,0.1,43.28,27.9,41.4,25.7
CHEM-TE-0004,img_test_0004_var09,test,1098.92,91.0,71.9,51.1,32.01,4.9,15.6,30.0,43.9,35.7,64.48,0.924,2.66,32.3,74.6,33.7
CHEM-TE-0004,img_test_0004_var10,test,1098.92,77.0,59.8,42.2,26.6,4.74,13.77,30.0,44.7,29.8,69.69,0.1,40.98,32.8,40.2,18.7
CHEM-TE-0005,img_test_0005_var01,test,209.14,196.0,184.9,163.9,75.49,0.4,12.05,40.0,16.5,76.5,20.74,0.592,14.28,23.9,50.6,33.7
CHEM-TE-0005,img_test_0005_var02,test,209.14,195.7,184.9,162.9,75.45,0.15,12.56,40.0,16.9,76.5,20.86,0.98,0.7,33.6,69.2,4.1
CHEM-TE-0005,img_test_0005_var03,test,209.14,198.2,188.8,194.7,77.44,4.38,-1.8,324.0,5.1,77.6,21.82,0.986,0.5,21.5,71.8,9.1
CHEM-TE-0005,img_test_0005_var04,test,209.14,218.6,202.1,179.6,82.16,2.11,13.34,36.0,18.0,85.5,14.59,0.639,12.62,31.8,48.4,10.7
CHEM-TE-0005,img_test_0005_var05,test,209.14,195.3,184.7,162.6,75.34,0.06,12.53,40.0,16.9,76.5,20.96,0.959,1.42,19.4,55.1,11.4
CHEM-TE-0005,img_test_0005_var06,test,209.14,199.2,186.4,164.0,76.14,0.83,12.97,38.0,17.6,78.0,20.26,0.53,16.45,19.1,47.9,25.6
CHEM-TE-0005,img_test_0005_var07,test,209.14,199.8,187.0,163.6,76.35,0.65,13.48,38.0,18.0,78.0,20.15,0.973,0.96,22.8,46.1,36.3
CHEM-TE-0005,img_test_0005_var09,test,209.14,195.8,184.4,163.2,75.33,0.49,12.2,40.0,16.5,76.5,20.92,0.941,2.08,24.2,46.5,35.6
CHEM-TE-0005,img_test_0005_var10,test,209.14,185.1,176.3,157.2,72.18,-0.12,10.92,40.0,15.3,72.5,23.91,0.98,0.72,32.0,53.8,21.2
CHEM-TE-0006,img_test_0006_var01,test,149.13,209.0,198.3,178.7,80.35,0.45,11.17,40.0,14.5,81.6,15.8,0.603,13.9,25.4,34.6,18.5
CHEM-TE-0006,img_test_0006_var02,test,149.13,208.0,197.5,177.7,80.05,0.34,11.24,40.0,14.5,81.2,16.11,0.974,0.93,23.7,65.2,14.4
CHEM-TE-0006,img_test_0006_var03,test,149.13,210.9,202.4,208.7,82.31,4.04,-2.08,316.0,3.9,82.4,17.96,0.981,0.66,25.8,33.1,28.1
CHEM-TE-0006,img_test_0006_var04,test,149.13,223.5,211.6,190.5,85.19,0.63,11.9,38.0,14.9,87.5,11.19,0.983,0.59,25.0,40.9,6.5
CHEM-TE-0006,img_test_0006_var05,test,149.13,210.9,199.8,177.2,80.86,0.13,12.7,40.0,15.7,82.4,15.59,0.961,1.38,23.7,66.0,27.4
CHEM-TE-0006,img_test_0006_var06,test,149.13,209.1,198.7,178.0,80.45,0.18,11.66,38.0,14.9,82.0,15.78,0.63,12.94,34.4,45.9,23.6
CHEM-TE-0006,img_test_0006_var07,test,149.13,212.0,201.2,178.6,81.35,0.0,12.65,42.0,15.7,82.7,15.11,0.969,1.1,23.2,61.2,6.6
CHEM-TE-0006,img_test_0006_var09,test,149.13,211.2,200.0,178.8,80.98,0.38,12.01,40.0,15.7,82.7,15.32,0.63,12.94,30.5,58.3,36.4
CHEM-TE-0006,img_test_0006_var10,test,149.13,202.2,193.0,173.1,78.32,-0.14,11.2,42.0,14.5,79.2,17.83,0.399,21.05,20.8,75.7,30.3
CHEM-TE-0007,img_test_0007_var01,test,99.34,218.9,210.8,192.7,84.67,-0.24,9.93,42.0,11.8,85.5,11.39,0.616,13.43,26.3,74.3,27.9
CHEM-TE-0007,img_test_0007_var02,test,99.34,227.0,211.5,191.6,85.47,2.13,11.76,34.0,15.3,88.6,11.01,0.978,0.77,33.8,44.7,10.2
CHEM-TE-0007,img_test_0007_var03,test,99.34,221.6,209.9,199.3,84.82,2.22,6.71,28.0,9.8,86.7,11.54,0.984,0.57,29.3,57.0,15.8
CHEM-TE-0007,img_test_0007_var04,test,99.34,230.8,224.6,208.4,89.47,-0.63,8.67,44.0,9.4,90.2,6.64,0.987,0.45,27.9,31.1,29.7
CHEM-TE-0007,img_test_0007_var05,test,99.34,217.9,210.3,190.7,84.41,-0.68,10.63,44.0,12.5,85.1,11.76,0.953,1.65,26.1,68.3,14.9
CHEM-TE-0007,img_test_0007_var06,test,99.34,219.5,210.8,192.2,84.71,-0.14,10.31,40.0,12.2,85.9,11.38,0.639,12.63,34.2,49.4,15.7
CHEM-TE-0007,img_test_0007_var07,test,99.34,221.6,212.6,193.6,85.37,-0.1,10.49,40.0,12.5,86.7,10.75,0.964,1.26,21.5,47.6,37.0
CHEM-TE-0007,img_test_0007_var09,test,99.34,221.1,211.9,191.9,85.12,-0.16,11.01,40.0,13.7,86.7,11.08,0.641,12.57,29.8,78.4,36.7
CHEM-TE-0007,img_test_0007_var10,test,99.34,224.7,215.0,196.2,86.27,0.2,10.43,38.0,12.5,87.8,9.84,0.272,25.48,32.9,56.2,33.3
CHEM-TE-0008,img_test_0008_var01,test,675.2,129.1,111.0,86.8,47.92,3.23,16.11,34.0,33.3,50.6,48.68,0.1,39.92,30.5,73.1,7.3
CHEM-TE-0008,img_test_0008_var02,test,675.2,123.3,107.4,84.6,46.28,2.51,15.1,36.0,31.8,48.2,50.13,0.1,34.37,31.6,63.2,21.8
CHEM-TE-0008,img_test_0008_var03,test,675.2,123.6,106.7,83.9,46.1,2.98,15.25,34.0,32.5,48.2,50.35,0.1,37.27,30.7,35.9,8.1
CHEM-TE-0008,img_test_0008_var04,test,675.2,135.0,113.5,89.9,49.28,4.7,16.25,32.0,33.7,52.5,47.47,0.992,0.28,32.5,39.2,29.2
CHEM-TE-0008,img_test_0008_var05,test,675.2,124.9,106.5,85.1,46.21,3.81,14.75,32.0,31.4,48.6,50.23,0.327,23.55,21.5,63.7,12.8
CHEM-TE-0008,img_test_0008_var06,test,675.2,124.3,107.3,85.5,46.38,3.12,14.7,34.0,31.4,48.6,50.01,0.1,36.56,27.7,32.8,21.8
CHEM-TE-0008,img_test_0008_var07,test,675.2,123.8,107.2,84.0,46.27,2.79,15.44,36.0,31.8,48.2,50.2,0.165,29.23,28.3,72.6,22.8
CHEM-TE-0008,img_test_0008_var08,test,675.2,133.0,124.0,107.0,52.36,0.42,10.53,40.0,19.6,52.2,43.67,0.1,39.86,30.1,31.8,31.1
CHEM-TE-0008,img_test_0008_var09,test,675.2,124.0,107.3,84.9,46.34,2.94,14.99,34.0,32.2,48.6,50.08,0.153,29.63,22.7,37.2,4.3
CHEM-TE-0008,img_test_0008_var10,test,675.2,119.5,102.9,79.6,44.54,2.79,15.61,34.0,33.7,46.7,51.93,0.1,33.91,29.0,62.2,17.2
CHEM-TE-0009,img_test_0009_var02,test,1580.99,61.9,45.0,29.8,20.02,5.4,12.85,30.0,52.5,23.9,76.24,0.1,51.6,28.7,53.2,4.7
CHEM-TE-0009,img_test_0009_var05,test,1580.99,59.9,44.3,29.1,19.51,4.77,12.62,30.0,51.0,23.1,76.69,0.1,37.12,22.3,66.9,20.0
CHEM-TE-0009,img_test_0009_var07,test,1580.99,60.2,44.9,28.1,19.74,4.39,13.6,30.0,53.3,23.5,76.5,0.1,34.18,27.7,33.3,38.6
CHEM-TE-0009,img_test_0009_var09,test,1580.99,64.9,47.5,32.6,21.21,5.63,12.61,28.0,50.2,25.1,75.05,0.944,1.96,21.3,36.4,11.6
CHEM-TE-0009,img_test_0009_var10,test,1580.99,52.5,36.5,21.6,15.97,5.33,12.9,30.0,59.6,20.4,80.27,0.1,45.8,34.8,36.6,7.0
CHEM-TE-0010,img_test_0010_var01,test,146.37,211.1,200.9,178.4,81.19,-0.19,12.52,40.0,15.7,82.7,15.24,0.564,15.25,26.5,70.2,26.1
CHEM-TE-0010,img_test_0010_var02,test,146.37,207.9,198.4,178.1,80.28,-0.12,11.34,42.0,14.1,81.2,15.91,0.977,0.82,21.4,65.1,35.6
CHEM-TE-0010,img_test_0010_var04,test,146.37,218.5,208.0,186.3,83.79,0.02,12.09,42.0,14.5,85.5,12.6,0.985,0.53,28.5,48.1,7.1
CHEM-TE-0010,img_test_0010_var05,test,146.37,210.2,200.3,178.8,80.97,-0.15,11.98,42.0,15.3,82.4,15.34,0.96,1.38,22.9,36.7,19.9
CHEM-TE-0010,img_test_0010_var06,test,146.37,211.4,200.8,178.7,81.19,0.04,12.39,40.0,15.7,82.7,15.2,0.598,14.06,20.9,41.6,26.7
CHEM-TE-0010,img_test_0010_var07,test,146.37,208.7,199.6,180.2,80.7,-0.1,10.85,40.0,13.3,81.6,15.42,0.961,1.35,30.2,60.1,16.5
CHEM-TE-0010,img_test_0010_var09,test,146.37,208.8,198.7,178.4,80.44,0.12,11.4,40.0,14.5,81.6,15.75,0.668,11.61,26.6,78.0,24.5
CHEM-TE-0010,img_test_0010_var10,test,146.37,199.9,192.4,173.8,77.99,-0.55,10.34,44.0,12.9,78.0,18.09,0.404,20.84,22.5,39.0,5.7
CHEM-TE-0011,img_test_0011_var01,test,640.17,127.9,111.7,89.0,48.05,2.6,15.0,36.0,30.6,49.8,48.37,0.1,33.04,22.9,34.9,29.8
CHEM-TE-0011,img_test_0011_var02,test,640.17,128.2,111.2,89.0,47.94,3.0,14.84,34.0,31.4,50.2,48.48,0.145,29.93,24.6,54.3,36.3
CHEM-TE-0011,img_test_0011_var03,test,640.17,119.2,102.1,16.8,43.5,-2.23,45.98,50.0,86.7,46.7,64.27,0.1,36.12,22.1,32.2,10.3
CHEM-TE-0011,img_test_0011_var04,test,640.17,138.7,117.9,94.6,50.93,4.43,15.86,32.0,31.8,54.1,45.76,0.986,0.49,26.4,69.3,9.0
CHEM-TE-0011,img_test_0011_var05,test,640.17,132.7,113.5,90.1,49.05,3.74,15.8,32.0,31.8,51.8,47.55,0.962,1.33,24.1,50.4,33.6
CHEM-TE-0011,img_test_0011_var06,test,640.17,127.9,111.7,89.2,48.04,2.67,14.85,34.0,29.8,49.8,48.36,0.1,31.51,32.6,55.5,25.9
CHEM-TE-0011,img_test_0011_var07,test,640.17,128.1,110.4,87.7,47.68,3.26,15.26,34.0,32.2,50.2,48.8,0.241,26.57,23.7,45.8,5.6
CHEM-TE-0011,img_test_0011_var08,test,640.17,139.0,124.0,111.0,53.01,3.5,9.2,28.0,20.0,54.5,43.1,0.193,28.25,33.1,69.5,29.0
CHEM-TE-0011,img_test_0011_var09,test,640.17,132.8,114.3,90.4,49.27,3.37,15.91,34.0,31.8,51.8,47.33,0.947,1.86,26.8,42.9,21.9
CHEM-TE-0011,img_test_0011_var10,test,640.17,120.6,104.8,83.0,45.25,2.64,14.6,34.0,31.8,47.1,51.1,0.145,29.93,28.4,36.6,13.1
CHEM-TE-0012,img_test_0012_var01,test,259.35,188.4,176.1,153.1,72.31,0.61,13.37,40.0,18.4,73.7,24.09,0.509,17.19,28.5,61.5,8.2
CHEM-TE-0012,img_test_0012_var02,test,259.35,190.5,176.0,153.5,72.5,1.47,13.41,38.0,19.6,74.5,23.93,0.981,0.67,19.8,56.0,18.1
CHEM-TE-0012,img_test_0012_var03,test,259.35,191.0,179.5,180.4,74.08,4.26,1.0,356.0,6.3,74.9,23.64,0.984,0.54,23.6,45.6,17.3
CHEM-TE-0012,img_test_0012_var04,test,259.35,198.3,181.3,160.2,74.68,2.59,12.95,34.0,19.2,77.6,21.78,0.983,0.61,29.7,69.6,7.6
CHEM-TE-0012,img_test_0012_var05,test,259.35,185.2,172.3,151.4,71.02,1.14,12.43,38.0,18.4,72.5,25.22,0.952,1.66,32.7,70.1,25.4
CHEM-TE-0012,img_test_0012_var06,test,259.35,185.7,174.3,153.2,71.62,0.55,12.31,40.0,17.3,72.5,24.6,0.509,17.19,23.0,62.3,4.4
CHEM-TE-0012,img_test_0012_var07,test,259.35,188.9,176.4,153.8,72.46,0.7,13.19,40.0,18.4,73.7,23.91,0.964,1.26,29.1,34.3,28.9
CHEM-TE-0012,img_test_0012_var08,test,259.35,196.0,201.0,191.0,80.33,-3.54,4.39,90.0,5.1,78.8,16.83,0.823,6.2,23.6,30.7,35.4
CHEM-TE-0012,img_test_0012_var09,test,259.35,186.0,174.2,152.9,71.61,0.64,12.47,40.0,17.6,72.5,24.64,0.595,14.16,32.4,47.7,35.6
CHEM-TE-0012,img_test_0012_var10,test,259.35,174.2,162.9,142.8,67.39,0.7,11.92,38.0,18.4,68.2,28.76,0.57,15.06,33.6,42.1,17.2
CHEM-TE-0013,img_test_0013_var01,test,1887.57,57.2,40.5,27.1,17.95,5.69,11.85,26.0,52.5,22.4,78.27,0.985,0.51,25.7,31.7,23.0
CHEM-TE-0013,img_test_0013_var02,test,1887.57,51.2,36.9,24.2,15.97,4.75,11.09,26.0,52.9,20.0,80.17,0.1,53.15,23.3,68.2,11.6
CHEM-TE-0013,img_test_0013_var04,test,1887.57,50.9,33.1,22.0,14.69,6.9,10.91,24.0,56.1,19.6,81.58,0.99,0.34,26.2,74.9,37.1
CHEM-TE-0013,img_test_0013_var05,test,1887.57,54.6,39.5,26.2,17.28,4.99,11.51,28.0,51.8,21.2,78.89,0.961,1.37,30.9,46.2,19.0
CHEM-TE-0013,img_test_0013_var07,test,1887.57,51.0,34.5,21.7,15.13,5.95,11.7,26.0,58.0,19.6,81.1,0.1,39.24,21.5,40.4,16.0
CHEM-TE-0013,img_test_0013_var09,test,1887.57,54.7,39.1,25.4,17.17,5.17,11.91,28.0,53.7,21.2,79.02,0.944,1.97,32.6,34.1,8.3
CHEM-TE-0013,img_test_0013_var10,test,1887.57,40.6,26.0,15.0,10.82,5.65,9.8,24.0,62.4,15.7,85.34,0.1,51.5,30.8,59.7,24.0
CHEM-TE-0014,img_test_0014_var01,test,635.94,129.2,111.9,90.6,48.25,3.27,14.36,32.0,30.2,50.6,48.13,0.1,34.03,28.4,55.9,12.6
CHEM-TE-0014,img_test_0014_var02,test,635.94,129.5,111.5,90.0,48.16,3.55,14.6,34.0,31.0,50.6,48.26,0.134,30.32,22.3,42.2,26.7
CHEM-TE-0014,img_test_0014_var03,test,635.94,133.5,114.1,92.5,49.35,4.07,14.81,32.0,31.0,52.2,47.15,0.982,0.63,21.6,62.4,28.9
CHEM-TE-0014,img_test_0014_var04,test,635.94,142.3,118.8,96.1,51.57,5.6,15.88,28.0,32.5,55.7,45.25,0.988,0.41,21.8,30.3,27.0
CHEM-TE-0014,img_test_0014_var05,test,635.94,128.0,111.1,89.3,47.89,3.04,14.57,34.0,29.8,49.8,48.5,0.368,22.13,22.6,35.7,32.6
CHEM-TE-0014,img_test_0014_var06,test,635.94,130.0,112.1,90.6,48.38,3.5,14.54,34.0,30.2,50.6,48.03,0.1,32.99,27.9,55.9,11.5
CHEM-TE-0014,img_test_0014_var07,test,635.94,132.7,113.7,91.3,49.12,3.79,15.19,32.0,31.0,51.8,47.4,0.341,23.06,24.6,42.5,33.1
CHEM-TE-0014,img_test_0014_var08,test,635.94,139.0,128.0,119.0,54.3,2.55,6.39,28.0,14.5,54.5,41.83,0.1,39.18,20.7,53.8,7.0
CHEM-TE-0014,img_test_0014_var09,test,635.94,133.4,114.5,90.7,49.41,3.56,15.95,34.0,32.2,52.2,47.2,0.949,1.77,27.2,48.1,14.5
CHEM-TE-0014,img_test_0014_var10,test,635.94,134.4,114.8,91.9,49.6,4.03,15.54,32.0,32.2,52.5,46.99,0.123,30.7,29.6,75.1,27.3
CHEM-TE-0015,img_test_0015_var01,test,848.57,107.2,89.3,68.8,39.18,4.02,14.58,32.0,36.5,42.0,57.2,0.1,45.26,31.0,32.2,28.5
CHEM-TE-0015,img_test_0015_var02,test,848.57,111.0,92.5,69.5,40.49,3.89,16.0,34.0,37.3,43.1,56.05,0.978,0.76,28.2,60.5,33.7
CHEM-TE-0015,img_test_0015_var03,test,848.57,103.0,86.0,48.7,37.42,1.59,24.2,42.0,53.3,40.4,60.53,0.1,48.33,27.8,40.0,27.3
CHEM-TE-0015,img_test_0015_var04,test,848.57,110.3,89.2,68.5,39.46,5.43,15.21,30.0,38.0,43.1,57.09,0.1,49.15,30.8,71.1,11.4
CHEM-TE-0015,img_test_0015_var05,test,848.57,111.0,91.4,69.4,40.19,4.55,15.66,32.0,37.6,43.5,56.35,0.964,1.28,29.4,60.1,4.8
CHEM-TE-0015,img_test_0015_var06,test,848.57,107.3,88.9,68.5,39.05,4.25,14.6,30.0,36.5,42.0,57.35,0.1,41.8,19.5,79.3,11.1
CHEM-TE-0015,img_test_0015_var07,test,848.57,107.1,88.9,68.2,39.03,4.15,14.78,30.0,36.5,42.0,57.38,0.24,26.62,31.1,64.8,22.4
CHEM-TE-0015,img_test_0015_var08,test,848.57,117.0,104.0,88.0,44.78,2.36,10.9,34.0,24.7,45.9,51.29,0.1,46.93,27.5,44.3,23.2
CHEM-TE-0015,img_test_0015_var09,test,848.57,105.7,88.8,67.9,38.85,3.55,14.68,34.0,36.1,41.2,57.51,0.1,33.73,20.4,41.8,35.4
CHEM-TE-0015,img_test_0015_var10,test,848.57,107.2,90.0,68.3,39.36,3.51,15.18,32.0,36.5,42.0,57.06,0.1,34.5,25.7,70.7,21.2
CHEM-TE-0016,img_test_0016_var01,test,0.0,245.3,239.8,222.2,94.71,-1.12,9.17,44.0,9.4,96.1,2.08,0.477,18.32,20.6,37.0,38.7
CHEM-TE-0016,img_test_0016_var02,test,0.0,241.9,240.0,223.5,94.54,-2.19,8.21,56.0,7.5,94.5,3.16,0.986,0.49,32.2,61.8,20.4
CHEM-TE-0016,img_test_0016_var03,test,0.0,239.6,236.0,194.5,92.75,-5.46,20.65,56.0,18.8,93.7,13.48,0.796,7.15,21.8,41.5,26.5
CHEM-TE-0016,img_test_0016_var05,test,0.0,243.5,239.5,222.2,94.51,-1.6,8.85,48.0,8.6,95.3,2.58,0.96,1.41,33.3,57.4,33.8
CHEM-TE-0016,img_test_0016_var06,test,0.0,244.9,239.8,222.0,94.69,-1.32,9.22,46.0,9.0,95.7,2.25,0.525,16.61,28.4,39.5,26.3
CHEM-TE-0016,img_test_0016_var07,test,0.0,244.3,240.6,224.7,94.9,-1.43,8.11,48.0,8.2,95.7,2.39,0.965,1.22,22.5,64.2,19.3
CHEM-TE-0016,img_test_0016_var09,test,0.0,243.2,240.3,223.5,94.7,-1.88,8.47,52.0,8.2,95.3,2.76,0.603,13.9,25.2,55.0,19.2
CHEM-TE-0016,img_test_0016_var10,test,0.0,233.5,231.5,216.8,91.61,-1.83,7.39,52.0,7.5,91.4,5.22,0.141,30.06,25.5,62.0,10.8
CHEM-TE-0017,img_test_0017_var01,test,806.29,110.9,93.3,72.0,40.77,3.68,14.87,34.0,34.5,43.1,55.63,0.1,36.19,22.3,66.5,29.6
CHEM-TE-0017,img_test_0017_var02,test,806.29,110.2,93.3,71.6,40.69,3.32,15.0,34.0,35.3,43.1,55.71,0.1,40.34,19.8,71.4,30.8
CHEM-TE-0017,img_test_0017_var03,test,806.29,130.4,130.0,200.2,56.99,16.87,-36.38,240.0,35.7,78.4,62.04,0.1,40.94,28.8,59.8,36.9
CHEM-TE-0017,img_test_0017_var04,test,806.29,119.4,98.2,75.5,43.12,4.98,16.12,32.0,36.9,46.7,53.54,0.1,46.64,30.1,67.3,12.3
CHEM-TE-0017,img_test_0017_var05,test,806.29,114.2,95.3,72.8,41.71,4.03,15.75,32.0,36.9,44.7,54.82,0.959,1.42,28.7,77.3,30.5
CHEM-TE-0017,img_test_0017_var06,test,806.29,116.0,96.4,73.9,42.24,4.34,15.83,32.0,37.3,45.5,54.33,0.1,40.27,27.8,42.9,34.1
CHEM-TE-0017,img_test_0017_var07,test,806.29,109.8,92.0,70.7,40.26,3.78,14.97,34.0,35.7,42.7,56.15,0.1,32.73,22.0,56.1,11.5
CHEM-TE-0017,img_test_0017_var08,test,806.29,120.0,107.0,90.0,45.97,2.18,11.41,34.0,25.1,47.1,50.12,0.1,36.86,21.5,53.6,26.9
CHEM-TE-0017,img_test_0017_var09,test,806.29,115.7,95.7,72.6,41.97,4.43,16.24,32.0,37.3,45.1,54.65,0.945,1.94,25.6,66.2,8.1
CHEM-TE-0017,img_test_0017_var10,test,806.29,111.5,93.7,71.9,40.96,3.7,15.22,34.0,36.1,43.5,55.48,0.147,29.86,29.9,75.0,27.2
CHEM-TE-0018,img_test_0018_var01,test,602.35,137.4,120.1,96.5,51.46,2.84,15.46,36.0,29.8,53.7,45.07,0.1,36.19,30.9,36.1,29.6
CHEM-TE-0018,img_test_0018_var02,test,602.35,133.8,115.8,93.5,49.86,3.39,14.95,34.0,30.2,52.2,46.61,0.131,30.42,20.9,37.5,28.6
CHEM-TE-0018,img_test_0018_var03,test,602.35,137.9,119.4,58.5,50.68,-0.88,35.63,46.0,57.6,53.7,52.58,0.1,34.63,30.0,68.6,4.7
CHEM-TE-0018,img_test_0018_var04,test,602.35,146.2,124.9,101.0,53.73,4.42,16.08,30.0,31.0,57.3,43.04,0.987,0.47,23.3,42.8,6.4
CHEM-TE-0018,img_test_0018_var05,test,602.35,132.5,116.0,94.2,49.79,2.82,14.39,34.0,28.6,51.8,46.58,0.398,21.06,22.6,59.4,34.3
CHEM-TE-0018,img_test_0018_var06,test,602.35,133.8,116.3,94.4,50.02,3.21,14.63,34.0,29.4,52.2,46.4,0.146,29.9,21.5,59.2,35.3
CHEM-TE-0018,img_test_0018_var07,test,602.35,136.8,118.5,95.4,50.93,3.37,15.36,34.0,30.2,53.3,45.61,0.371,22.01,27.7,38.2,29.5
CHEM-TE-0018,img_test_0018_var08,test,602.35,148.0,133.0,119.0,56.49,3.27,9.61,28.0,19.6,58.0,39.61,0.1,37.15,31.6,69.2,8.9
CHEM-TE-0018,img_test_0018_var09,test,602.35,137.2,119.3,94.8,51.18,3.01,16.02,34.0,31.4,53.7,45.44,0.954,1.59,34.8,42.2,23.9
CHEM-TE-0018,img_test_0018_var10,test,602.35,122.5,106.8,85.8,46.06,2.74,14.06,34.0,30.2,47.8,50.25,0.157,29.49,25.1,69.8,14.4
CHEM-TE-0019,img_test_0019_var01,test,1023.14,97.6,78.1,57.9,34.68,4.99,15.05,32.0,41.2,38.0,61.78,0.987,0.45,26.6,48.2,30.0
CHEM-TE-0019,img_test_0019_var02,test,1023.14,95.8,77.0,57.5,34.16,4.8,14.55,32.0,40.0,37.3,62.24,0.977,0.8,29.9,43.9,4.1
CHEM-TE-0019,img_test_0019_var03,test,1023.14,98.2,77.0,38.5,34.1,3.8,25.93,38.0,61.2,38.4,64.26,0.983,0.59,23.3,38.5,4.1
CHEM-TE-0019,img_test_0019_var05,test,1023.14,92.2,73.6,54.5,32.71,4.83,14.42,30.0,41.2,36.1,63.67,0.155,29.57,21.8,42.6,30.9
CHEM-TE-0019,img_test_0019_var06,test,1023.14,92.9,74.0,55.6,32.92,5.1,14.0,30.0,40.4,36.1,63.44,0.1,44.8,29.4,58.4,32.4
CHEM-TE-0019,img_test_0019_var07,test,1023.14,97.2,76.9,56.9,34.27,5.45,15.1,30.0,42.4,38.0,62.23,0.1,39.64,22.3,37.7,10.2
CHEM-TE-0019,img_test_0019_var08,test,1023.14,103.0,88.0,73.0,38.45,3.56,10.98,30.0,29.0,40.4,57.67,0.1,52.19,22.4,69.6,12.2
CHEM-TE-0019,img_test_0019_var09,test,1023.14,97.4,77.6,56.7,34.49,5.04,15.53,30.0,42.4,38.0,62.02,0.1,41.53,25.3,44.8,27.8
CHEM-TE-0019,img_test_0019_var10,test,1023.14,82.0,64.5,46.3,28.67,4.71,13.97,30.0,43.1,31.8,67.64,0.1,41.12,22.8,68.1,31.4
CHEM-TE-0020,img_test_0020_var01,test,1243.6,77.6,60.5,42.8,26.9,4.67,13.76,30.0,45.5,30.2,69.39,0.1,52.64,23.8,56.9,9.6
CHEM-TE-0020,img_test_0020_var02,test,1243.6,79.7,63.8,44.5,28.16,3.81,14.41,32.0,44.3,31.0,68.14,0.98,0.69,31.0,64.0,9.2
CHEM-TE-0020,img_test_0020_var04,test,1243.6,80.6,59.6,42.5,27.0,6.69,14.14,26.0,47.5,31.4,69.47,0.987,0.44,26.3,48.1,20.9
CHEM-TE-0020,img_test_0020_var05,test,1243.6,81.6,62.7,44.1,28.07,5.32,14.56,30.0,45.5,31.8,68.33,0.959,1.45,22.7,34.9,28.9
CHEM-TE-0020,img_test_0020_var07,test,1243.6,77.2,59.1,42.3,26.43,5.34,13.45,30.0,45.5,30.2,69.88,0.1,33.71,33.4,59.7,26.8
CHEM-TE-0020,img_test_0020_var08,test,1243.6,84.0,68.0,56.0,30.17,4.8,9.85,26.0,33.3,32.9,65.98,0.1,45.69,28.3,64.5,5.3
CHEM-TE-0020,img_test_0020_var09,test,1243.6,81.9,63.3,45.2,28.31,5.25,14.21,30.0,44.3,31.8,68.06,0.944,1.97,31.0,72.2,37.1
CHEM-TE-0020,img_test_0020_var10,test,1243.6,68.6,51.8,34.6,23.02,4.9,13.75,30.0,50.2,26.7,73.27,0.1,42.2,30.0,72.0,23.7
CHEM-TE-0021,img_test_0021_var01,test,58.2,231.2,222.8,203.4,88.94,-0.41,10.55,40.0,12.2,90.6,7.29,0.566,15.18,28.9,52.1,15.9
CHEM-TE-0021,img_test_0021_var02,test,58.2,229.0,222.2,203.5,88.61,-0.85,10.01,46.0,11.0,89.4,7.58,0.976,0.83,30.4,32.0,38.4
CHEM-TE-0021,img_test_0021_var03,test,58.2,228.7,217.6,191.4,87.16,-0.46,14.26,42.0,16.1,89.4,10.33,0.984,0.56,21.9,67.2,19.3
CHEM-TE-0021,img_test_0021_var04,test,58.2,230.4,228.2,219.9,90.61,-0.68,4.27,50.0,4.7,90.2,7.27,0.593,14.24,32.4,33.9,27.2
CHEM-TE-0021,img_test_0021_var05,test,58.2,231.1,222.2,202.4,88.74,-0.24,10.76,42.0,12.5,90.6,7.51,0.967,1.15,29.1,69.5,7.9
CHEM-TE-0021,img_test_0021_var06,test,58.2,230.5,223.3,203.4,89.01,-0.89,10.64,44.0,11.8,90.2,7.31,0.583,14.59,30.7,67.8,38.0
CHEM-TE-0021,img_test_0021_var07,test,58.2,229.5,223.3,204.8,88.96,-1.03,9.82,46.0,11.0,89.8,7.25,0.965,1.21,21.0,76.8,22.5
CHEM-TE-0021,img_test_0021_var09,test,58.2,231.2,222.9,202.9,88.95,-0.49,10.8,42.0,12.5,90.6,7.34,0.648,12.32,35.0,50.0,4.5
CHEM-TE-0021,img_test_0021_var10,test,58.2,219.2,214.1,197.1,85.64,-1.17,9.0,46.0,10.2,85.9,10.49,0.309,24.19,31.2,76.8,15.0
CHEM-TE-0022,img_test_0022_var01,test,1467.64,66.6,49.9,33.7,22.18,5.01,13.18,30.0,49.8,25.9,74.08,0.1,52.43,27.5,39.5,11.2
CHEM-TE-0022,img_test_0022_var02,test,1467.64,66.5,49.6,33.0,22.06,5.1,13.53,30.0,51.4,25.9,74.22,0.1,48.53,26.9,54.1,24.4
CHEM-TE-0022,img_test_0022_var05,test,1467.64,65.1,49.3,32.9,21.8,4.51,13.22,30.0,50.6,25.5,74.43,0.1,35.79,20.8,59.4,11.3
CHEM-TE-0022,img_test_0022_var07,test,1467.64,71.1,52.0,34.9,23.42,6.02,14.14,30.0,52.2,27.8,72.97,0.97,1.06,34.6,31.0,35.5
CHEM-TE-0022,img_test_0022_var08,test,1467.64,73.0,58.0,45.0,25.66,4.4,10.58,28.0,38.4,28.6,70.47,0.1,49.66,22.3,56.1,13.5
CHEM-TE-0022,img_test_0022_var09,test,1467.64,64.7,49.1,31.9,21.65,4.38,13.63,32.0,51.4,25.1,74.59,0.918,2.87,28.2,43.0,34.4
CHEM-TE-0022,img_test_0022_var10,test,1467.64,69.9,51.4,34.1,23.07,5.67,14.19,30.0,50.6,27.1,73.3,0.1,48.5,33.6,54.6,13.8
CHEM-TE-0023,img_test_0023_var01,test,0.0,243.8,239.8,223.2,94.64,-1.47,8.52,48.0,8.2,95.3,2.44,0.54,16.09,32.5,78.8,26.3
CHEM-TE-0023,img_test_0023_var02,test,0.0,242.3,240.2,221.9,94.58,-2.37,9.07,54.0,8.6,94.9,3.2,0.986,0.51,21.1,66.2,22.3
CHEM-TE-0023,img_test_0023_var03,test,0.0,245.9,238.1,229.1,94.51,1.09,5.29,34.0,6.7,96.1,4.04,0.679,11.24,34.5,53.3,11.4
CHEM-TE-0023,img_test_0023_var05,test,0.0,244.4,239.4,221.6,94.55,-1.32,9.2,46.0,9.4,95.7,2.34,0.961,1.35,21.4,74.9,4.1
CHEM-TE-0023,img_test_0023_var06,test,0.0,243.6,239.6,223.4,94.57,-1.42,8.33,48.0,8.2,95.3,2.49,0.545,15.92,22.0,62.8,38.4
CHEM-TE-0023,img_test_0023_var07,test,0.0,245.7,239.9,222.8,94.79,-0.92,8.93,44.0,9.4,96.1,1.87,0.972,0.98,34.2,59.0,7.2
CHEM-TE-0023,img_test_0023_var09,test,0.0,244.4,239.4,223.2,94.56,-1.03,8.4,46.0,8.6,95.7,2.19,0.938,2.16,34.9,61.2,17.0
CHEM-TE-0023,img_test_0023_var10,test,0.0,245.8,243.0,226.7,95.65,-1.79,8.17,50.0,7.8,96.1,2.46,0.131,30.4,20.4,53.5,21.2
CHEM-TE-0024,img_test_0024_var01,test,637.76,129.1,112.1,89.8,48.29,2.98,14.9,34.0,31.0,50.6,48.14,0.1,32.39,20.0,34.1,5.8
CHEM-TE-0024,img_test_0024_var02,test,637.76,129.0,111.3,89.6,48.05,3.41,14.66,34.0,30.6,50.2,48.37,0.149,29.79,28.8,53.5,33.7
CHEM-TE-0024,img_test_0024_var03,test,637.76,155.2,143.6,191.6,62.16,14.29,-23.36,256.0,25.1,74.9,48.81,0.1,40.73,20.6,73.1,26.4
CHEM-TE-0024,img_test_0024_var04,test,637.76,136.5,114.2,92.8,49.66,5.36,15.12,30.0,32.5,53.3,46.99,0.1,39.79,25.4,33.0,23.5
CHEM-TE-0024,img_test_0024_var05,test,637.76,129.1,111.8,90.3,48.22,3.24,14.5,32.0,30.2,50.6,48.17,0.344,22.95,27.6,58.5,8.3
CHEM-TE-0024,img_test_0024_var06,test,637.76,134.1,114.6,91.2,49.5,3.86,15.81,32.0,32.2,52.5,47.12,0.986,0.51,21.6,75.5,9.9
CHEM-TE-0024,img_test_0024_var07,test,637.76,133.8,114.1,91.6,49.35,4.07,15.36,32.0,31.8,52.2,47.22,0.353,22.64,21.1,74.6,20.4
CHEM-TE-0024,img_test_0024_var08,test,637.76,142.0,125.0,116.0,53.69,4.95,7.29,20.0,18.4,55.7,42.58,0.1,39.01,31.6,51.2,11.7
CHEM-TE-0024,img_test_0024_var09,test,637.76,133.3,114.7,91.4,49.46,3.51,15.62,32.0,31.8,52.2,47.1,0.139,30.12,23.5,64.9,23.0
CHEM-TE-0024,img_test_0024_var10,test,637.76,133.8,114.3,92.6,49.42,4.13,14.85,32.0,31.0,52.2,47.09,0.1,32.69,29.7,54.7,28.8
CHEM-TE-0025,img_test_0025_var01,test,63.79,228.1,220.9,202.9,88.21,-0.61,9.73,42.0,11.4,89.4,7.9,0.528,16.5,22.7,65.8,4.1
CHEM-TE-0025,img_test_0025_var02,test,63.79,237.8,221.6,202.4,89.14,2.45,11.43,32.0,14.9,92.9,7.53,0.981,0.65,23.6,60.0,22.2
CHEM-TE-0025,img_test_0025_var03,test,63.79,228.9,219.8,201.9,87.95,0.12,9.89,40.0,11.8,89.4,8.11,0.8,7.02,24.0,50.2,36.7
CHEM-TE-0025,img_test_0025_var04,test,63.79,227.7,227.6,221.2,90.3,-1.08,3.15,60.0,2.7,89.0,8.32,0.598,14.07,27.8,59.0,11.4
CHEM-TE-0025,img_test_0025_var05,test,63.79,228.9,221.6,200.8,88.39,-1.01,11.07,46.0,12.2,89.4,8.03,0.961,1.38,33.1,68.7,25.8
CHEM-TE-0025,img_test_0025_var06,test,63.79,229.5,221.5,202.2,88.46,-0.49,10.43,42.0,11.8,89.8,7.74,0.622,13.24,19.6,39.5,38.0
CHEM-TE-0025,img_test_0025_var07,test,63.79,227.7,222.5,204.8,88.61,-1.21,9.3,46.0,10.2,89.0,7.59,0.964,1.28,26.5,54.3,6.9
CHEM-TE-0025,img_test_0025_var09,test,63.79,229.2,221.6,201.9,88.45,-0.73,10.59,42.0,12.2,89.8,7.81,0.642,12.54,26.1,37.0,11.1
CHEM-TE-0025,img_test_0025_var10,test,63.79,216.8,212.9,196.2,85.13,-1.54,8.72,48.0,9.4,84.7,11.06,0.257,25.99,22.3,60.1,12.6
CHEM-TE-0026,img_test_0026_var05,test,1935.38,47.7,34.7,21.1,14.75,3.97,11.55,30.0,55.3,18.4,81.36,0.1,38.17,22.3,76.7,4.8
CHEM-TE-0026,img_test_0026_var06,test,1935.38,55.9,39.2,25.9,17.36,5.75,11.85,28.0,54.5,21.6,78.87,0.987,0.47,27.7,70.4,24.8
CHEM-TE-0026,img_test_0026_var07,test,1935.38,54.4,37.8,23.6,16.68,5.66,12.48,28.0,57.3,21.2,79.56,0.1,39.97,25.0,77.0,21.8
CHEM-TE-0026,img_test_0026_var09,test,1935.38,54.0,38.6,25.1,16.89,5.13,11.75,26.0,53.7,21.2,79.29,0.943,1.98,26.6,50.7,32.3
CHEM-TE-0026,img_test_0026_var10,test,1935.38,41.4,26.8,14.7,11.19,5.42,10.47,26.0,65.9,16.1,84.97,0.1,51.09,23.5,77.5,23.4
CHEM-TE-0027,img_test_0027_var01,test,1162.87,87.9,68.3,49.8,30.58,5.55,14.41,30.0,43.5,34.1,65.84,0.985,0.54,32.7,41.3,31.8
CHEM-TE-0027,img_test_0027_var02,test,1162.87,87.0,68.9,48.7,30.61,4.63,15.14,30.0,44.7,34.1,65.81,0.1,46.79,34.1,62.7,38.3
CHEM-TE-0027,img_test_0027_var03,test,1162.87,105.5,90.7,124.5,41.1,13.24,-16.79,266.0,27.5,48.6,61.98,0.1,54.44,29.6,55.7,8.3
CHEM-TE-0027,img_test_0027_var05,test,1162.87,85.4,67.2,47.9,29.92,4.79,14.71,32.0,44.7,33.3,66.46,0.96,1.39,21.3,62.2,17.0
CHEM-TE-0027,img_test_0027_var06,test,1162.87,87.4,68.7,49.1,30.61,4.94,14.87,30.0,43.5,34.1,65.8,0.1,54.07,33.8,73.1,37.3
CHEM-TE-0027,img_test_0027_var07,test,1162.87,86.8,66.9,48.5,30.0,5.71,14.45,28.0,44.3,33.7,66.43,0.1,34.22,30.9,55.3,11.7
CHEM-TE-0027,img_test_0027_var08,test,1162.87,89.0,74.0,61.0,32.61,4.08,10.13,28.0,31.4,34.9,63.5,0.1,44.68,34.0,72.6,9.3
CHEM-TE-0027,img_test_0027_var09,test,1162.87,86.9,67.4,48.7,30.18,5.47,14.57,30.0,44.3,33.7,66.24,0.92,2.79,21.7,45.0,25.6
CHEM-TE-0027,img_test_0027_var10,test,1162.87,85.9,67.2,47.2,29.95,4.98,15.19,32.0,44.7,33.3,66.49,0.1,44.35,25.4,40.8,24.5
CHEM-TE-0028,img_test_0028_var02,test,1259.44,76.0,59.2,42.1,26.3,4.68,13.39,30.0,44.7,29.8,69.96,0.1,45.98,22.5,30.3,20.0
CHEM-TE-0028,img_test_0028_var03,test,1259.44,99.5,103.7,190.7,47.31,21.91,-46.38,238.0,47.8,74.5,76.79,0.1,52.69,26.7,70.9,22.9
CHEM-TE-0028,img_test_0028_var05,test,1259.44,80.5,62.9,43.6,27.98,4.65,14.73,30.0,46.3,31.4,68.39,0.961,1.38,20.9,47.1,21.6
CHEM-TE-0028,img_test_0028_var06,test,1259.44,76.8,59.3,42.0,26.43,4.98,13.61,30.0,44.7,29.8,69.87,0.1,51.83,33.1,66.7,33.9
CHEM-TE-0028,img_test_0028_var07,test,1259.44,76.9,59.6,40.4,26.52,4.56,14.75,32.0,47.5,29.8,69.84,0.108,31.22,32.0,39.7,7.6
CHEM-TE-0028,img_test_0028_var09,test,1259.44,76.7,59.3,40.6,26.41,4.72,14.48,32.0,47.5,29.8,69.93,0.1,42.07,28.0,49.2,14.2
CHEM-TE-0028,img_test_0028_var10,test,1259.44,70.5,53.6,34.8,23.8,4.68,14.72,32.0,51.4,27.5,72.55,0.1,46.16,27.5,39.1,14.5
CHEM-TE-0029,img_test_0029_var01,test,894.24,107.7,89.2,66.4,39.15,3.98,16.04,34.0,38.4,42.0,57.39,0.987,0.45,26.6,43.7,13.5
CHEM-TE-0029,img_test_0029_var02,test,894.24,106.7,88.6,66.6,38.86,3.92,15.5,34.0,37.6,41.6,57.61,0.1,39.27,22.0,49.3,7.6
CHEM-TE-0029,img_test_0029_var03,test,894.24,99.5,82.0,30.1,35.6,0.72,32.19,44.0,69.8,38.8,64.7,0.1,44.54,23.7,71.5,35.3
CHEM-TE-0029,img_test_0029_var04,test,894.24,110.4,88.9,66.9,39.37,5.41,16.1,30.0,40.0,43.1,57.28,0.1,50.91,21.3,54.2,8.5
CHEM-TE-0029,img_test_0029_var05,test,894.24,102.3,84.8,64.3,37.26,3.89,14.65,32.0,37.3,40.0,59.11,0.198,28.07,22.3,46.3,36.4
CHEM-TE-0029,img_test_0029_var06,test,894.24,103.3,85.4,64.5,37.55,4.03,14.94,32.0,38.0,40.4,58.86,0.1,40.14,22.6,39.8,26.2
CHEM-TE-0029,img_test_0029_var07,test,894.24,106.9,87.4,66.2,38.55,4.63,15.35,32.0,37.6,41.6,57.95,0.172,28.97,30.3,36.8,34.0
CHEM-TE-0029,img_test_0029_var08,test,894.24,117.0,101.0,84.0,43.84,3.51,11.99,30.0,28.2,45.9,52.33,0.1,48.87,23.7,38.3,29.4
CHEM-TE-0029,img_test_0029_var09,test,894.24,103.1,85.1,64.8,37.45,4.19,14.62,32.0,38.0,40.4,58.93,0.1,34.39,27.7,44.8,38.1
CHEM-TE-0029,img_test_0029_var10,test,894.24,106.7,88.2,65.7,38.75,4.02,15.88,34.0,38.8,41.6,57.77,0.1,39.53,25.8,41.7,15.4
CHEM-TE-0030,img_test_0030_var01,test,1468.42,66.3,49.7,34.0,22.11,5.04,12.88,28.0,48.6,25.9,74.13,0.1,54.94,29.1,48.2,34.8
CHEM-TE-0030,img_test_0030_var02,test,1468.42,65.6,49.6,33.5,21.97,4.64,13.07,30.0,49.4,25.5,74.26,0.1,48.4,28.9,37.6,33.3
CHEM-TE-0030,img_test_0030_var05,test,1468.42,64.6,47.7,32.1,21.24,5.25,13.01,28.0,50.2,25.1,75.02,0.1,36.31,22.0,59.5,4.5
CHEM-TE-0030,img_test_0030_var07,test,1468.42,69.9,51.8,34.6,23.2,5.47,14.03,30.0,50.6,27.1,73.14,0.966,1.2,20.2,66.7,23.7
CHEM-TE-0030,img_test_0030_var09,test,1468.42,65.6,49.8,33.6,22.01,4.58,13.03,30.0,49.4,25.5,74.21,0.1,47.21,34.7,40.5,21.6
CHEM-TE-0030,img_test_0030_var10,test,1468.42,57.3,40.8,24.9,18.0,5.3,13.39,30.0,58.0,22.4,78.27,0.1,41.58,33.4,47.4,4.4
CHEM-TE-0031,img_test_0031_var01,test,794.33,112.3,94.2,72.9,41.18,3.89,14.95,34.0,35.7,43.9,55.25,0.1,41.55,21.4,78.1,34.0
CHEM-TE-0031,img_test_0031_var02,test,794.33,111.9,93.7,72.6,40.99,3.96,14.87,32.0,35.3,43.5,55.43,0.1,33.6,24.2,65.9,16.6
CHEM-TE-0031,img_test_0031_var03,test,794.33,111.2,93.5,71.3,40.86,3.61,15.42,34.0,36.1,43.5,55.6,0.1,41.68,20.6,49.6,19.3
CHEM-TE-0031,img_test_0031_var04,test,794.33,121.4,98.9,75.6,43.54,5.45,16.7,30.0,38.0,47.5,53.25,0.1,46.18,34.3,56.8,38.6
CHEM-TE-0031,img_test_0031_var05,test,794.33,116.5,95.8,73.3,42.11,4.81,16.05,30.0,37.3,45.5,54.52,0.962,1.34,31.6,67.6,25.5
CHEM-TE-0031,img_test_0031_var06,test,794.33,116.3,97.4,75.6,42.57,4.16,15.28,32.0,35.3,45.5,53.92,0.985,0.52,32.1,71.6,20.0
CHEM-TE-0031,img_test_0031_var07,test,794.33,116.2,97.1,74.0,42.45,4.04,16.07,34.0,37.3,45.5,54.13,0.1,34.94,29.7,79.2,32.9
CHEM-TE-0031,img_test_0031_var08,test,794.33,126.0,111.2,119.9,48.52,7.38,-2.69,326.0,11.4,49.0,49.38,0.1,48.03,26.5,32.7,6.3
CHEM-TE-0031,img_test_0031_var09,test,794.33,111.6,94.0,72.6,41.05,3.7,14.89,32.0,35.3,43.5,55.36,0.1,33.86,23.6,70.4,25.3
CHEM-TE-0031,img_test_0031_var10,test,794.33,101.1,84.3,64.5,36.99,3.73,14.19,32.0,36.5,39.6,59.33,0.1,35.39,28.0,70.3,25.2
CHEM-TE-0032,img_test_0032_var02,test,1339.48,72.1,54.7,37.8,24.41,5.12,13.59,30.0,48.6,28.2,71.89,0.1,46.46,26.0,35.4,25.0
CHEM-TE-0032,img_test_0032_var05,test,1339.48,71.1,55.1,37.5,24.39,4.35,13.75,32.0,47.8,27.8,71.87,0.1,34.26,29.7,63.3,10.9
CHEM-TE-0032,img_test_0032_var06,test,1339.48,73.0,56.1,39.5,24.96,4.9,13.23,30.0,46.7,28.6,71.3,0.1,50.58,21.7,45.6,37.9
CHEM-TE-0032,img_test_0032_var07,test,1339.48,71.7,54.1,37.5,24.15,5.3,13.41,30.0,47.8,27.8,72.15,0.969,1.08,23.5,66.2,21.4
CHEM-TE-0032,img_test_0032_var09,test,1339.48,72.4,55.5,37.7,24.68,4.74,14.0,30.0,48.6,28.2,71.62,0.1,43.67,26.3,32.6,23.1
CHEM-TE-0032,img_test_0032_var10,test,1339.48,72.3,54.9,37.4,24.46,5.03,13.88,30.0,48.6,28.2,71.85,0.1,42.99,32.0,78.2,5.6
CHEM-TE-0033,img_test_0033_var02,test,1719.31,55.4,39.9,27.9,17.53,5.35,10.67,26.0,51.0,21.6,78.64,0.1,53.73,24.9,30.5,32.6
CHEM-TE-0033,img_test_0033_var05,test,1719.31,55.8,40.2,27.9,17.69,5.31,10.89,28.0,51.0,21.6,78.48,0.1,39.5,28.5,58.4,27.3
CHEM-TE-0033,img_test_0033_var06,test,1719.31,61.4,44.2,30.9,19.71,5.88,11.69,28.0,51.0,23.9,76.53,0.986,0.49,22.6,33.7,5.4
CHEM-TE-0033,img_test_0033_var07,test,1719.31,56.1,39.6,26.3,17.51,5.67,11.75,26.0,53.7,22.0,78.71,0.1,46.94,34.2,53.0,34.6
CHEM-TE-0033,img_test_0033_var09,test,1719.31,55.4,40.8,26.7,17.79,4.53,11.86,28.0,52.5,21.6,78.37,0.1,49.95,32.8,49.4,7.0
CHEM-TE-0033,img_test_0033_var10,test,1719.31,49.0,33.2,20.2,14.43,5.59,11.73,28.0,58.4,18.8,81.77,0.1,53.09,26.0,38.8,11.7
CHEM-TE-0034,img_test_0034_var01,test,220.15,197.0,183.8,161.1,75.24,0.93,13.22,38.0,18.0,76.9,21.19,0.539,16.13,26.6,77.1,37.0
CHEM-TE-0034,img_test_0034_var02,test,220.15,193.6,182.0,160.3,74.47,0.48,12.53,40.0,17.3,75.7,21.82,0.981,0.68,19.7,53.7,31.0
CHEM-TE-0034,img_test_0034_var03,test,220.15,196.4,186.1,193.4,76.57,4.94,-2.36,318.0,5.1,76.9,22.94,0.981,0.68,28.6,72.8,13.7
CHEM-TE-0034,img_test_0034_var04,test,220.15,213.3,199.6,177.2,81.01,1.15,12.94,36.0,16.9,83.5,15.51,0.988,0.43,20.0,51.8,6.8
CHEM-TE-0034,img_test_0034_var05,test,220.15,193.8,180.8,159.3,74.15,1.05,12.63,38.0,17.6,75.7,22.16,0.966,1.2,31.3,59.5,12.5
CHEM-TE-0034,img_test_0034_var06,test,220.15,196.6,184.4,161.4,75.35,0.51,13.25,40.0,18.0,76.9,21.08,0.565,15.23,28.3,54.1,27.9
CHEM-TE-0034,img_test_0034_var07,test,220.15,197.7,184.6,160.8,75.49,0.74,13.78,38.0,18.8,77.3,21.06,0.963,1.29,24.6,51.7,16.0
CHEM-TE-0034,img_test_0034_var08,test,220.15,212.0,206.0,205.0,83.2,1.89,1.23,8.0,3.1,83.1,15.04,0.361,22.37,19.6,43.7,14.5
CHEM-TE-0034,img_test_0034_var09,test,220.15,192.7,181.7,160.2,74.31,0.27,12.39,40.0,16.9,75.3,21.95,0.935,2.26,30.6,66.0,15.7
CHEM-TE-0034,img_test_0034_var10,test,220.15,182.5,172.3,153.4,70.83,0.45,11.07,40.0,16.1,71.4,25.26,0.976,0.83,23.6,38.0,36.1
CHEM-TE-0035,img_test_0035_var01,test,1481.49,65.9,48.3,34.3,21.62,5.8,12.09,28.0,47.8,25.5,74.63,0.1,51.85,30.6,77.5,16.4
CHEM-TE-0035,img_test_0035_var02,test,1481.49,67.6,52.2,35.6,23.04,4.29,13.09,32.0,47.8,26.3,73.17,0.981,0.66,20.5,40.4,5.1
CHEM-TE-0035,img_test_0035_var05,test,1481.49,65.1,48.0,33.7,21.42,5.49,12.14,28.0,49.4,25.5,74.81,0.1,37.48,26.2,30.5,37.5
CHEM-TE-0035,img_test_0035_var06,test,1481.49,66.1,48.9,34.3,21.81,5.54,12.31,26.0,48.6,25.9,74.43,0.1,54.28,21.9,38.2,33.6
CHEM-TE-0035,img_test_0035_var07,test,1481.49,69.6,50.6,35.3,22.81,6.2,13.08,26.0,49.4,27.1,73.52,0.967,1.16,24.9,51.1,16.4
CHEM-TE-0035,img_test_0035_var09,test,1481.49,69.3,51.5,34.9,23.02,5.47,13.57,30.0,50.6,27.1,73.29,0.921,2.77,26.6,45.8,5.4
CHEM-TE-0035,img_test_0035_var10,test,1481.49,59.4,42.7,27.3,18.93,5.36,13.0,28.0,54.1,23.1,77.33,0.1,51.34,34.8,56.4,32.3
CHEM-TE-0036,img_test_0036_var01,test,1753.5,60.4,44.8,29.0,19.74,4.64,13.0,30.0,53.3,23.5,76.48,0.985,0.53,21.9,53.2,6.2
CHEM-TE-0036,img_test_0036_var02,test,1753.5,60.2,43.9,29.8,19.45,5.33,12.03,28.0,51.8,23.5,76.76,0.1,53.13,23.8,41.4,37.7
CHEM-TE-0036,img_test_0036_var03,test,1753.5,60.7,43.8,13.5,19.23,3.92,21.92,38.0,78.4,23.5,77.92,0.984,0.54,34.6,77.8,26.9
CHEM-TE-0036,img_test_0036_var05,test,1753.5,56.0,39.4,25.7,17.42,5.66,12.08,28.0,54.5,21.6,78.81,0.957,1.5,24.5,44.6,6.9
CHEM-TE-0036,img_test_0036_var07,test,1753.5,53.4,38.5,24.8,16.77,4.84,11.73,28.0,54.9,20.8,79.4,0.1,46.24,25.9,38.6,22.5
CHEM-TE-0036,img_test_0036_var08,test,1753.5,62.0,48.0,36.0,21.08,4.31,10.11,28.0,42.0,24.3,75.03,0.1,53.54,22.5,37.8,22.0
CHEM-TE-0036,img_test_0036_var09,test,1753.5,59.2,43.9,28.7,19.3,4.65,12.57,30.0,52.5,23.1,76.9,0.949,1.79,24.9,31.9,16.9
CHEM-TE-0036,img_test_0036_var10,test,1753.5,46.5,31.4,17.8,13.45,5.22,11.96,28.0,63.1,18.0,82.74,0.1,45.33,27.2,75.8,14.6
CHEM-TE-0037,img_test_0037_var01,test,917.24,100.8,82.9,62.9,36.54,4.15,14.53,32.0,38.0,39.2,59.83,0.1,40.93,21.9,54.5,29.8
CHEM-TE-0037,img_test_0037_var02,test,917.24,100.5,83.3,62.6,36.6,3.77,14.81,34.0,38.0,39.2,59.77,0.1,38.72,20.6,46.9,31.9
CHEM-TE-0037,img_test_0037_var03,test,917.24,118.0,113.6,168.9,50.27,14.63,-28.97,244.0,32.5,65.9,61.1,0.1,44.67,31.7,71.6,33.0
CHEM-TE-0037,img_test_0037_var04,test,917.24,103.4,82.1,62.0,36.58,5.71,15.19,30.0,40.8,40.4,59.97,0.1,52.79,24.2,45.5,37.3
CHEM-TE-0037,img_test_0037_var05,test,917.24,100.3,82.3,61.7,36.27,4.17,14.91,32.0,38.8,39.2,60.13,0.179,28.75,21.1,75.0,13.9
CHEM-TE-0037,img_test_0037_var06,test,917.24,105.5,87.0,64.8,38.24,4.08,15.77,32.0,39.2,41.2,58.27,0.1,47.73,30.1,73.9,22.7
CHEM-TE-0037,img_test_0037_var07,test,917.24,105.6,86.1,63.3,37.99,4.47,16.32,32.0,40.0,41.2,58.6,0.139,30.13,27.6,35.9,21.3
CHEM-TE-0037,img_test_0037_var08,test,917.24,112.0,96.0,80.0,41.83,3.73,11.53,30.0,28.6,43.9,54.33,0.1,40.7,21.0,74.4,13.3
CHEM-TE-0037,img_test_0037_var09,test,917.24,99.9,83.2,61.7,36.49,3.43,15.17,34.0,38.4,38.8,59.9,0.1,37.76,32.9,74.4,5.0
CHEM-TE-0037,img_test_0037_var10,test,917.24,104.3,86.2,63.1,37.85,3.84,16.21,34.0,39.6,40.8,58.69,0.1,41.36,23.3,60.2,14.0
CHEM-TE-0038,img_test_0038_var01,test,148.84,208.3,198.7,179.1,80.43,0.03,11.02,40.0,14.1,81.6,15.71,0.63,12.97,34.3,56.9,10.8
CHEM-TE-0038,img_test_0038_var02,test,148.84,212.6,200.1,179.4,81.13,0.93,11.91,38.0,15.7,83.1,15.16,0.979,0.73,19.9,58.7,22.3
CHEM-TE-0038,img_test_0038_var04,test,148.84,222.1,210.1,188.8,84.66,0.65,12.02,38.0,15.3,87.1,11.74,0.624,13.16,33.9,36.1,26.0
CHEM-TE-0038,img_test_0038_var05,test,148.84,208.5,198.0,178.0,80.24,0.32,11.34,40.0,14.5,81.6,15.93,0.958,1.46,33.5,74.8,38.1
CHEM-TE-0038,img_test_0038_var06,test,148.84,211.1,200.2,179.2,81.04,0.29,11.89,40.0,15.3,82.7,15.24,0.59,14.34,34.6,67.5,38.9
CHEM-TE-0038,img_test_0038_var07,test,148.84,211.6,200.4,180.3,81.15,0.53,11.47,38.0,14.5,82.7,15.05,0.967,1.15,33.1,31.7,29.0
CHEM-TE-0038,img_test_0038_var09,test,148.84,211.7,200.6,178.3,81.17,0.18,12.54,40.0,15.7,82.7,15.25,0.654,12.11,23.0,30.1,6.6
CHEM-TE-0038,img_test_0038_var10,test,148.84,214.5,202.3,182.3,81.91,0.91,11.5,38.0,14.9,83.9,14.32,0.983,0.61,34.2,69.9,30.2
CHEM-TE-0039,img_test_0039_var02,test,1954.9,50.7,34.7,24.2,15.2,6.01,10.02,24.0,52.2,19.6,80.99,0.1,50.78,24.7,40.9,34.2
CHEM-TE-0039,img_test_0039_var03,test,1954.9,55.5,47.0,72.7,21.36,10.17,-14.5,260.0,34.9,28.2,78.85,0.985,0.52,31.5,53.9,16.7
CHEM-TE-0039,img_test_0039_var04,test,1954.9,48.8,31.6,19.0,13.87,6.53,11.78,24.0,60.4,18.8,82.4,0.986,0.49,24.4,54.4,37.2
CHEM-TE-0039,img_test_0039_var05,test,1954.9,49.4,34.8,22.0,15.01,4.98,11.26,26.0,55.3,19.2,81.15,0.1,39.64,28.4,41.5,21.6
CHEM-TE-0039,img_test_0039_var07,test,1954.9,48.9,33.7,20.7,14.58,5.24,11.6,28.0,58.4,18.8,81.6,0.1,37.43,25.3,41.7,31.7
CHEM-TE-0039,img_test_0039_var09,test,1954.9,55.2,39.4,25.3,17.31,5.16,12.21,28.0,54.5,21.6,78.89,0.946,1.89,24.9,79.6,15.3
CHEM-TE-0039,img_test_0039_var10,test,1954.9,40.4,26.7,14.3,10.99,4.92,10.39,28.0,65.1,15.7,85.14,0.1,46.92,28.3,33.3,31.8
CHEM-TE-0040,img_test_0040_var01,test,1045.17,95.6,76.7,55.4,34.0,4.65,15.66,32.0,42.0,37.3,62.49,0.982,0.64,27.7,64.8,30.2
CHEM-TE-0040,img_test_0040_var02,test,1045.17,94.4,77.0,55.2,33.97,3.85,15.69,34.0,41.6,36.9,62.48,0.1,43.57,20.9,51.7,12.7
CHEM-TE-0040,img_test_0040_var03,test,1045.17,98.3,85.6,119.2,38.8,12.59,-17.13,262.0,28.6,46.7,64.04,0.982,0.64,20.1,44.2,29.0
CHEM-TE-0040,img_test_0040_var04,test,1045.17,95.5,74.3,52.7,33.23,5.74,16.29,30.0,45.1,37.3,63.41,0.992,0.3,31.7,68.7,34.8
CHEM-TE-0040,img_test_0040_var05,test,1045.17,90.5,72.8,52.0,32.21,4.26,15.26,32.0,42.4,35.3,64.21,0.171,29.01,28.9,30.3,36.8
CHEM-TE-0040,img_test_0040_var06,test,1045.17,90.1,73.1,53.3,32.29,4.07,14.56,32.0,41.2,35.3,64.05,0.1,45.16,27.8,55.9,9.5
CHEM-TE-0040,img_test_0040_var07,test,1045.17,95.4,75.9,53.9,33.72,4.81,16.19,32.0,44.3,37.3,62.84,0.1,32.43,25.5,33.1,15.4
CHEM-TE-0040,img_test_0040_var08,test,1045.17,98.0,83.0,68.0,36.37,3.63,11.09,30.0,30.6,38.4,59.75,0.1,43.91,20.7,67.7,19.3
CHEM-TE-0040,img_test_0040_var09,test,1045.17,90.0,73.0,52.5,32.23,3.97,14.99,32.0,42.4,35.3,64.14,0.1,37.49,25.3,64.4,34.6
CHEM-TE-0040,img_test_0040_var10,test,1045.17,95.2,75.7,54.0,33.65,4.85,16.01,30.0,43.1,37.3,62.89,0.1,41.57,23.5,66.8,17.4
CHEM-TE-0041,img_test_0041_var01,test,546.26,144.7,127.0,102.4,54.17,2.8,15.89,34.0,29.0,56.5,42.46,0.132,30.39,27.1,46.8,4.3
CHEM-TE-0041,img_test_0041_var02,test,546.26,140.9,123.9,101.0,52.92,2.79,14.93,34.0,28.6,54.9,43.55,0.187,28.45,26.9,34.2,5.7
CHEM-TE-0041,img_test_0041_var03,test,546.26,145.1,126.0,105.3,54.01,3.91,14.01,32.0,27.5,56.9,42.43,0.98,0.69,31.7,46.4,23.9
CHEM-TE-0041,img_test_0041_var04,test,546.26,150.1,128.2,106.0,55.09,4.89,15.15,30.0,29.4,58.8,41.6,0.99,0.35,19.7,69.5,21.4
CHEM-TE-0041,img_test_0041_var05,test,546.26,139.6,123.3,100.3,52.63,2.5,14.87,36.0,28.2,54.5,43.81,0.446,19.4,33.0,62.8,6.4
CHEM-TE-0041,img_test_0041_var06,test,546.26,145.0,126.8,102.7,54.16,3.09,15.7,34.0,29.8,56.9,42.45,0.1,32.89,27.4,63.9,30.8
CHEM-TE-0041,img_test_0041_var07,test,546.26,140.2,123.8,100.0,52.83,2.41,15.32,34.0,28.6,54.9,43.67,0.291,24.8,20.1,78.5,18.9
CHEM-TE-0041,img_test_0041_var08,test,546.26,156.0,145.0,131.0,60.74,1.63,8.9,34.0,16.1,61.2,35.28,0.1,33.72,29.1,73.1,28.6
CHEM-TE-0041,img_test_0041_var09,test,546.26,140.4,123.7,102.3,52.87,2.86,14.06,34.0,27.1,54.9,43.49,0.231,26.9,25.1,78.3,30.2
CHEM-TE-0041,img_test_0041_var10,test,546.26,132.0,114.4,92.8,49.28,3.33,14.52,34.0,29.8,51.4,47.13,0.1,32.34,29.3,78.3,4.4
CHEM-TE-0042,img_test_0042_var01,test,0.0,243.5,239.8,222.5,94.58,-1.66,8.79,48.0,8.6,95.3,2.59,0.51,17.15,19.7,57.7,34.2
CHEM-TE-0042,img_test_0042_var02,test,0.0,243.2,240.9,222.8,94.85,-2.29,9.0,52.0,8.6,95.3,3.02,0.986,0.49,20.1,41.4,20.4
CHEM-TE-0042,img_test_0042_var05,test,0.0,245.8,240.1,221.6,94.83,-1.21,9.64,48.0,9.8,96.1,2.17,0.963,1.3,30.3,63.5,38.1
CHEM-TE-0042,img_test_0042_var06,test,0.0,243.3,240.0,223.6,94.66,-1.68,8.35,52.0,8.2,95.3,2.64,0.542,16.02,27.0,64.9,22.2
CHEM-TE-0042,img_test_0042_var07,test,0.0,243.7,240.4,222.6,94.77,-1.92,9.0,52.0,8.6,95.3,2.71,0.969,1.07,22.2,72.5,28.1
CHEM-TE-0042,img_test_0042_var09,test,0.0,245.0,241.0,222.9,95.02,-1.7,9.23,50.0,9.4,96.1,2.42,0.588,14.41,26.6,70.0,15.7
CHEM-TE-0042,img_test_0042_var10,test,0.0,227.9,225.8,212.0,89.62,-1.67,6.98,52.0,7.1,89.0,7.04,0.161,29.37,20.1,78.9,26.2
CHEM-TE-0043,img_test_0043_var02,test,1979.22,49.2,33.8,21.5,14.67,5.48,11.15,26.0,57.3,19.2,81.51,0.1,52.47,20.1,59.3,5.8
CHEM-TE-0043,img_test_0043_var04,test,1979.22,48.4,31.3,18.0,13.69,6.43,12.17,26.0,62.4,18.8,82.58,0.986,0.49,34.6,38.5,5.2
CHEM-TE-0043,img_test_0043_var05,test,1979.22,49.2,33.4,21.1,14.53,5.73,11.28,26.0,57.3,19.2,81.67,0.959,1.42,32.5,66.7,23.1
CHEM-TE-0043,img_test_0043_var07,test,1979.22,48.0,32.4,19.9,14.02,5.61,11.4,28.0,59.6,18.4,82.17,0.1,37.58,30.5,46.2,35.5
CHEM-TE-0043,img_test_0043_var09,test,1979.22,52.6,37.1,24.3,16.22,5.35,11.39,28.0,53.7,20.4,79.96,0.918,2.88,23.6,45.8,6.3
CHEM-TE-0043,img_test_0043_var10,test,1979.22,52.3,36.0,23.1,15.83,5.77,11.67,26.0,55.7,20.4,80.39,0.1,40.33,19.4,71.4,37.4
CHEM-TE-0044,img_test_0044_var01,test,761.94,119.9,101.0,78.0,44.0,3.87,15.85,32.0,35.3,46.7,52.56,0.1,42.41,34.5,76.8,37.3
CHEM-TE-0044,img_test_0044_var02,test,761.94,114.8,97.4,75.0,42.41,3.36,15.38,34.0,34.9,44.7,54.04,0.1,33.18,21.0,36.2,9.9
CHEM-TE-0044,img_test_0044_var03,test,761.94,110.2,92.7,46.0,40.07,0.72,29.12,44.0,58.0,43.1,59.44,0.1,42.74,28.8,44.6,33.4
CHEM-TE-0044,img_test_0044_var04,test,761.94,120.9,99.1,76.9,43.55,5.32,15.87,32.0,36.9,47.1,53.12,0.1,46.1,34.1,75.9,31.2
CHEM-TE-0044,img_test_0044_var05,test,761.94,114.0,97.1,75.9,42.24,3.34,14.59,34.0,33.7,44.3,54.12,0.3,24.5,33.2,61.7,32.8
CHEM-TE-0044,img_test_0044_var06,test,761.94,120.3,100.7,77.8,43.96,4.23,15.94,32.0,35.7,47.1,52.63,0.1,41.86,28.9,69.8,33.9
CHEM-TE-0044,img_test_0044_var07,test,761.94,119.4,100.2,77.1,43.72,4.03,15.97,32.0,35.3,46.7,52.86,0.1,33.77,19.1,62.2,9.2
CHEM-TE-0044,img_test_0044_var08,test,761.94,121.0,109.0,94.0,46.73,2.06,10.1,34.0,22.4,47.5,49.31,0.1,33.94,20.9,74.3,5.6
CHEM-TE-0044,img_test_0044_var09,test,761.94,115.1,97.7,75.5,42.53,3.45,15.22,34.0,34.9,45.1,53.91,0.1,31.55,25.7,71.7,18.7
CHEM-TE-0044,img_test_0044_var10,test,761.94,118.9,100.6,77.4,43.77,3.6,15.87,34.0,34.9,46.3,52.77,0.1,38.38,32.3,72.4,31.2
CHEM-TE-0045,img_test_0045_var01,test,134.28,212.2,202.3,182.0,81.72,0.07,11.37,40.0,14.5,83.1,14.48,0.631,12.91,25.2,59.8,38.5
CHEM-TE-0045,img_test_0045_var02,test,134.28,219.1,204.7,181.8,82.89,1.27,13.23,36.0,17.3,85.9,13.8,0.983,0.6,24.7,73.6,28.7
CHEM-TE-0045,img_test_0045_var03,test,134.28,217.0,206.0,202.2,83.54,3.11,3.27,18.0,6.7,84.7,13.96,0.981,0.66,21.7,39.5,20.4
CHEM-TE-0045,img_test_0045_var04,test,134.28,228.8,216.0,195.3,86.84,1.02,11.75,36.0,14.5,89.4,9.58,0.575,14.88,29.8,64.8,24.0
CHEM-TE-0045,img_test_0045_var05,test,134.28,214.5,203.0,181.6,82.06,0.46,12.1,38.0,15.3,83.9,14.28,0.953,1.65,29.2,72.9,16.8
CHEM-TE-0045,img_test_0045_var06,test,134.28,212.0,203.1,182.1,81.92,-0.44,11.57,42.0,14.1,83.1,14.34,0.638,12.68,23.1,67.8,7.9
CHEM-TE-0045,img_test_0045_var07,test,134.28,211.8,202.8,183.2,81.85,-0.2,10.89,40.0,13.3,82.7,14.29,0.967,1.16,28.3,73.1,37.7
CHEM-TE-0045,img_test_0045_var09,test,134.28,213.7,204.2,182.1,82.33,-0.41,12.21,42.0,14.5,83.5,14.07,0.652,12.18,23.9,50.2,19.1
CHEM-TE-0045,img_test_0045_var10,test,134.28,201.8,194.0,175.6,78.59,-0.4,10.24,42.0,12.9,78.8,17.48,0.364,22.26,20.6,60.9,15.5
CHEM-TE-0046,img_test_0046_var01,test,1278.11,75.7,59.2,41.9,26.27,4.48,13.45,32.0,45.5,29.4,69.99,0.1,48.88,26.4,48.9,26.7
CHEM-TE-0046,img_test_0046_var02,test,1278.11,77.8,63.0,43.7,27.7,3.29,14.25,34.0,44.3,30.2,68.56,0.981,0.67,21.8,57.7,5.9
CHEM-TE-0046,img_test_0046_var03,test,1278.11,81.7,70.0,94.9,31.79,10.46,-12.82,268.0,25.5,36.9,68.54,0.98,0.7,20.1,31.0,34.1
CHEM-TE-0046,img_test_0046_var05,test,1278.11,75.0,57.9,40.7,25.78,4.84,13.58,30.0,46.7,29.4,70.5,0.1,33.97,34.8,35.0,27.9
CHEM-TE-0046,img_test_0046_var06,test,1278.11,75.5,59.0,40.8,26.16,4.38,14.03,30.0,46.7,29.4,70.13,0.1,49.4,20.9,51.6,13.3
CHEM-TE-0046,img_test_0046_var07,test,1278.11,74.8,57.6,39.0,25.63,4.67,14.45,30.0,47.5,29.0,70.7,0.1,32.59,21.5,59.1,14.4
CHEM-TE-0046,img_test_0046_var09,test,1278.11,74.9,58.0,40.3,25.78,4.66,13.87,30.0,45.9,29.0,70.51,0.1,42.33,32.3,46.5,6.6
CHEM-TE-0046,img_test_0046_var10,test,1278.11,67.1,50.6,32.9,22.42,4.71,14.04,30.0,52.2,26.3,73.87,0.1,38.67,30.3,35.6,31.9
CHEM-TE-0047,img_test_0047_var01,test,328.46,173.3,159.9,138.8,66.42,1.37,12.78,36.0,20.4,67.8,29.83,0.434,19.81,32.4,49.3,14.0
CHEM-TE-0047,img_test_0047_var02,test,328.46,172.6,159.4,137.9,66.21,1.24,12.94,38.0,20.4,67.5,30.06,0.98,0.7,32.6,50.3,28.2
CHEM-TE-0047,img_test_0047_var03,test,328.46,176.5,162.4,161.8,67.92,5.0,2.15,4.0,8.6,69.0,29.25,0.827,6.04,31.5,43.3,11.1
CHEM-TE-0047,img_test_0047_var04,test,328.46,185.3,167.6,147.7,69.71,3.15,12.63,32.0,20.4,72.5,26.67,0.397,21.1,22.1,53.3,36.6
CHEM-TE-0047,img_test_0047_var05,test,328.46,176.0,161.4,138.5,67.06,1.53,13.87,38.0,21.2,68.6,29.36,0.958,1.47,22.9,76.7,14.4
CHEM-TE-0047,img_test_0047_var06,test,328.46,173.3,160.0,138.3,66.44,1.26,13.07,36.0,20.4,67.8,29.85,0.458,18.97,22.0,44.0,35.7
CHEM-TE-0047,img_test_0047_var07,test,328.46,173.3,159.0,138.5,66.18,1.81,12.59,34.0,20.4,67.8,30.06,0.921,2.77,30.7,55.9,16.9
CHEM-TE-0047,img_test_0047_var08,test,328.46,188.0,186.0,175.0,75.39,-1.27,5.82,50.0,7.1,73.7,20.93,0.986,0.5,25.7,69.0,16.0
CHEM-TE-0047,img_test_0047_var09,test,328.46,176.5,162.1,138.4,67.28,1.34,14.21,38.0,21.6,69.0,29.2,0.945,1.93,22.9,44.9,19.9
CHEM-TE-0047,img_test_0047_var10,test,328.46,162.3,150.0,130.6,62.63,1.27,11.86,36.0,19.6,63.5,33.5,0.967,1.15,35.0,30.1,11.6
CHEM-TE-0048,img_test_0048_var01,test,1131.11,85.1,67.2,48.3,29.89,4.68,14.41,30.0,43.5,33.3,66.46,0.1,48.86,23.2,51.9,4.6
CHEM-TE-0048,img_test_0048_var02,test,1131.11,87.5,71.0,49.9,31.32,3.65,15.32,34.0,43.5,34.1,65.06,0.1,46.99,34.0,36.2,23.3
CHEM-TE-0048,img_test_0048_var05,test,1131.11,89.3,68.8,49.8,30.87,5.92,14.82,28.0,45.1,34.9,65.61,0.963,1.29,23.9,31.0,33.4
CHEM-TE-0048,img_test_0048_var06,test,1131.11,85.2,67.2,48.2,29.89,4.78,14.43,30.0,43.5,33.3,66.47,0.1,51.17,27.1,70.3,25.4
CHEM-TE-0048,img_test_0048_var07,test,1131.11,89.1,69.9,49.2,31.17,5.01,15.59,30.0,45.1,34.9,65.32,0.1,33.07,24.1,33.8,21.9
CHEM-TE-0048,img_test_0048_var09,test,1131.11,83.5,66.1,47.9,29.36,4.59,13.92,32.0,43.5,32.5,66.95,0.1,41.19,25.5,51.1,21.8
CHEM-TE-0048,img_test_0048_var10,test,1131.11,74.7,56.4,38.9,25.24,5.43,14.04,30.0,48.6,29.0,71.11,0.1,43.02,25.5,30.2,5.9
CHEM-TE-0049,img_test_0049_var01,test,1202.09,85.9,66.8,48.2,29.84,5.34,14.4,30.0,43.5,33.3,66.56,0.1,51.56,32.9,43.3,37.2
CHEM-TE-0049,img_test_0049_var02,test,1202.09,80.2,63.5,44.7,28.15,4.28,14.25,32.0,45.1,31.4,68.16,0.1,43.61,24.5,70.1,37.0
CHEM-TE-0049,img_test_0049_var04,test,1202.09,83.7,62.7,43.6,28.31,6.24,15.28,28.0,48.2,32.5,68.22,0.988,0.42,24.2,69.3,24.7
CHEM-TE-0049,img_test_0049_var05,test,1202.09,80.6,61.7,45.1,27.68,5.6,13.41,28.0,43.9,31.4,68.65,0.1,31.71,26.9,37.5,15.3
CHEM-TE-0049,img_test_0049_var06,test,1202.09,86.2,66.4,47.8,29.77,5.66,14.56,30.0,45.5,33.7,66.66,0.1,50.95,25.2,35.4,24.9
CHEM-TE-0049,img_test_0049_var07,test,1202.09,84.7,65.4,46.0,29.27,5.33,15.0,30.0,45.1,32.9,67.17,0.1,31.51,20.1,77.1,15.3
CHEM-TE-0049,img_test_0049_var08,test,1202.09,87.0,74.0,60.0,32.37,3.02,10.4,32.0,31.0,34.1,63.7,0.1,46.24,22.0,61.6,33.6
CHEM-TE-0049,img_test_0049_var09,test,1202.09,85.8,65.6,47.4,29.5,5.91,14.48,28.0,44.7,33.3,66.94,0.955,1.56,31.4,41.9,13.6
CHEM-TE-0049,img_test_0049_var10,test,1202.09,71.8,53.9,36.3,24.1,5.3,14.13,30.0,49.4,27.8,72.24,0.1,41.21,27.4,75.5,16.1
CHEM-TE-0050,img_test_0050_var01,test,320.55,178.9,164.3,139.6,68.09,1.27,14.71,38.0,22.0,69.8,28.5,0.424,20.17,25.2,79.9,19.7
CHEM-TE-0050,img_test_0050_var02,test,320.55,174.5,160.9,138.5,66.78,1.23,13.45,36.0,20.8,68.2,29.57,0.981,0.67,26.5,55.3,36.4
CHEM-TE-0050,img_test_0050_var03,test,320.55,171.9,157.8,119.9,65.34,-0.78,21.67,44.0,30.6,67.1,33.2,0.981,0.65,22.8,59.7,28.9
CHEM-TE-0050,img_test_0050_var04,test,320.55,187.3,171.0,149.5,70.81,2.33,13.23,34.0,20.4,73.3,25.61,0.982,0.62,21.4,49.9,23.0
CHEM-TE-0050,img_test_0050_var05,test,320.55,178.3,163.1,138.5,67.72,1.48,14.78,38.0,22.4,69.8,28.88,0.961,1.37,31.7,43.8,17.3
CHEM-TE-0050,img_test_0050_var06,test,320.55,179.3,163.6,140.3,67.98,1.89,14.21,36.0,22.0,70.2,28.53,0.985,0.53,24.1,50.0,24.3
CHEM-TE-0050,img_test_0050_var07,test,320.55,179.1,163.3,139.3,67.85,1.85,14.54,36.0,22.4,70.2,28.72,0.935,2.29,31.0,78.1,32.5
CHEM-TE-0050,img_test_0050_var08,test,320.55,176.0,177.0,169.0,71.92,-1.83,3.96,68.0,4.7,69.4,24.71,0.981,0.66,34.9,60.5,29.2
CHEM-TE-0050,img_test_0050_var09,test,320.55,175.5,161.9,139.7,67.18,1.25,13.36,36.0,20.4,68.6,29.16,0.54,16.09,31.8,62.1,31.2
CHEM-TE-0050,img_test_0050_var10,test,320.55,163.2,152.2,132.1,63.33,0.63,12.02,38.0,18.8,63.9,32.81,0.967,1.14,33.0,30.3,15.8
CHEM-TE-0051,img_test_0051_var01,test,224.38,196.0,183.0,159.6,74.9,0.75,13.56,40.0,18.4,76.5,21.59,0.557,15.51,32.9,53.8,38.0
CHEM-TE-0051,img_test_0051_var02,test,224.38,192.8,180.8,160.1,74.07,0.84,12.07,38.0,16.9,75.3,22.15,0.979,0.74,31.1,50.1,29.4
CHEM-TE-0051,img_test_0051_var04,test,224.38,216.2,198.3,175.9,80.9,2.68,13.51,34.0,18.8,84.7,15.91,0.997,0.1,34.6,46.9,4.2
CHEM-TE-0051,img_test_0051_var05,test,224.38,196.2,181.9,158.8,74.62,1.27,13.58,36.0,19.2,76.9,21.88,0.961,1.38,28.1,65.1,23.6
CHEM-TE-0051,img_test_0051_var06,test,224.38,196.0,183.2,159.9,74.96,0.69,13.5,40.0,18.4,76.5,21.52,0.516,16.95,28.0,79.9,5.9
CHEM-TE-0051,img_test_0051_var07,test,224.38,192.4,181.1,160.1,74.12,0.51,12.15,40.0,16.9,75.3,22.11,0.962,1.33,34.9,49.8,25.1
CHEM-TE-0051,img_test_0051_var08,test,224.38,199.0,198.0,194.0,79.86,-0.38,2.12,48.0,2.4,78.0,17.57,0.853,5.13,19.7,63.4,5.0
CHEM-TE-0051,img_test_0051_var09,test,224.38,192.5,180.9,159.9,74.07,0.63,12.18,38.0,17.3,75.3,22.16,0.626,13.08,30.7,73.3,38.4
CHEM-TE-0051,img_test_0051_var10,test,224.38,197.5,184.1,163.0,75.4,1.25,12.44,38.0,17.3,77.3,20.9,0.609,13.68,24.3,67.4,4.3
CHEM-TE-0052,img_test_0052_var01,test,0.0,245.1,240.1,221.9,94.78,-1.39,9.37,48.0,9.8,96.1,2.28,0.498,17.56,29.3,61.8,12.1
CHEM-TE-0052,img_test_0052_var02,test,0.0,244.4,239.4,223.2,94.58,-1.07,8.44,46.0,8.6,95.7,2.19,0.978,0.77,28.6,48.7,13.8
CHEM-TE-0052,img_test_0052_var03,test,0.0,244.9,239.8,232.9,94.95,0.51,3.94,36.0,5.1,95.7,5.17,0.99,0.35,33.3,46.3,29.8
CHEM-TE-0052,img_test_0052_var05,test,0.0,245.1,239.0,221.6,94.49,-0.87,9.13,46.0,9.8,96.1,2.04,0.962,1.34,23.7,74.0,19.1
CHEM-TE-0052,img_test_0052_var06,test,0.0,244.6,240.7,221.5,94.89,-1.93,9.74,50.0,9.4,95.7,2.77,0.53,16.44,23.6,73.1,29.0
CHEM-TE-0052,img_test_0052_var07,test,0.0,245.8,241.0,223.8,95.09,-1.26,8.88,46.0,9.0,96.1,1.98,0.964,1.27,20.1,50.8,9.7
CHEM-TE-0052,img_test_0052_var09,test,0.0,243.6,239.9,223.4,94.64,-1.54,8.39,48.0,8.2,95.3,2.53,0.585,14.53,34.8,69.0,37.1
CHEM-TE-0052,img_test_0052_var10,test,0.0,232.8,230.9,216.8,91.41,-1.8,7.07,52.0,7.1,91.0,5.48,0.155,29.58,26.9,58.7,16.9
CHEM-TE-0053,img_test_0053_var01,test,32.16,234.7,230.1,211.6,91.22,-1.56,9.53,50.0,9.8,91.8,5.23,0.555,15.57,32.1,33.8,35.8
CHEM-TE-0053,img_test_0053_var02,test,32.16,240.1,231.1,210.6,91.88,-0.35,11.06,42.0,12.5,94.1,4.68,0.986,0.48,30.3,65.7,15.2
CHEM-TE-0053,img_test_0053_var03,test,32.16,237.1,227.0,213.2,90.67,1.1,7.95,32.0,10.2,92.9,5.47,0.493,17.73,22.7,32.2,20.7
CHEM-TE-0053,img_test_0053_var05,test,32.16,237.4,230.0,210.3,91.38,-0.76,10.48,42.0,11.4,92.9,5.01,0.963,1.29,19.6,71.3,18.8
CHEM-TE-0053,img_test_0053_var06,test,32.16,235.8,230.1,212.5,91.32,-1.03,9.23,46.0,9.8,92.2,4.93,0.595,14.17,29.6,61.6,27.3
CHEM-TE-0053,img_test_0053_var07,test,32.16,235.9,229.1,212.4,91.09,-0.49,8.95,44.0,9.8,92.2,5.01,0.968,1.12,24.6,77.6,12.4
CHEM-TE-0053,img_test_0053_var09,test,32.16,234.3,229.3,210.9,90.98,-1.41,9.55,48.0,10.2,91.8,5.4,0.929,2.49,30.5,57.3,28.3
CHEM-TE-0053,img_test_0053_var10,test,32.16,238.8,232.8,216.3,92.34,-0.75,8.73,44.0,9.4,93.3,3.88,0.481,18.15,21.6,36.8,32.9
CHEM-TE-0054,img_test_0054_var02,test,1394.63,69.3,52.4,37.1,23.35,5.14,12.58,28.0,46.3,27.1,72.89,0.1,46.79,29.2,64.0,13.2
CHEM-TE-0054,img_test_0054_var05,test,1394.63,69.1,52.2,36.6,23.25,5.1,12.74,30.0,47.8,27.1,72.99,0.1,34.77,21.4,37.3,11.8
CHEM-TE-0054,img_test_0054_var06,test,1394.63,75.3,56.8,39.1,25.45,5.44,14.18,28.0,47.8,29.4,70.91,0.1,53.78,21.0,62.2,6.4
CHEM-TE-0054,img_test_0054_var07,test,1394.63,74.1,54.6,37.8,24.61,6.15,13.89,28.0,50.2,29.0,71.78,0.965,1.22,21.8,38.1,8.4
CHEM-TE-0054,img_test_0054_var09,test,1394.63,68.3,52.0,36.1,23.08,4.78,12.85,30.0,47.1,26.7,73.15,0.1,46.9,32.7,34.2,8.7
CHEM-TE-0054,img_test_0054_var10,test,1394.63,73.3,54.8,37.6,24.56,5.63,13.96,28.0,49.4,28.6,71.8,0.1,44.96,30.7,71.2,29.0
CHEM-TE-0055,img_test_0055_var01,test,1319.13,78.3,61.1,43.0,27.18,4.64,14.01,30.0,44.7,30.6,69.13,0.1,50.91,28.4,46.3,32.0
CHEM-TE-0055,img_test_0055_var02,test,1319.13,77.3,60.3,41.6,26.77,4.52,14.33,32.0,46.7,30.2,69.55,0.98,0.7,19.6,47.9,10.7
CHEM-TE-0055,img_test_0055_var04,test,1319.13,75.6,55.5,37.9,25.07,6.32,14.49,28.0,50.6,29.4,71.38,0.988,0.41,28.6,52.4,25.7
CHEM-TE-0055,img_test_0055_var05,test,1319.13,77.7,58.9,42.0,26.42,5.65,13.64,28.0,45.5,30.2,69.92,0.1,33.43,20.9,53.4,38.0
CHEM-TE-0055,img_test_0055_var06,test,1319.13,79.3,60.9,42.8,27.22,5.24,14.21,30.0,46.7,31.0,69.14,0.1,52.65,24.1,43.6,20.7
CHEM-TE-0055,img_test_0055_var07,test,1319.13,73.3,54.5,37.5,24.48,5.78,13.88,28.0,49.4,28.6,71.88,0.1,32.65,27.2,60.8,27.4
CHEM-TE-0055,img_test_0055_var08,test,1319.13,80.0,68.0,53.0,29.66,2.49,10.99,34.0,33.7,31.4,66.4,0.1,54.92,28.5,65.4,35.3
CHEM-TE-0055,img_test_0055_var09,test,1319.13,72.9,56.0,39.0,24.92,4.78,13.51,32.0,47.1,28.2,71.35,0.919,2.83,31.9,43.2,23.5
CHEM-TE-0055,img_test_0055_var10,test,1319.13,76.5,59.6,39.6,26.43,4.33,15.18,32.0,48.6,29.8,69.95,0.1,47.05,22.5,61.5,31.2
CHEM-TE-0056,img_test_0056_var01,test,818.82,115.3,95.0,72.9,41.73,4.76,15.71,30.0,37.3,45.1,54.85,0.986,0.48,34.9,36.3,36.2
CHEM-TE-0056,img_test_0056_var02,test,818.82,114.0,95.5,72.4,41.72,3.84,16.0,32.0,36.9,44.7,54.83,0.98,0.69,20.1,43.6,4.1
CHEM-TE-0056,img_test_0056_var03,test,818.82,109.7,92.0,68.9,40.21,3.5,15.99,36.0,37.6,42.7,56.31,0.1,44.12,33.1,62.2,4.0
CHEM-TE-0056,img_test_0056_var04,test,818.82,117.1,96.0,72.7,42.2,4.93,16.52,30.0,38.4,45.9,54.5,0.988,0.4,32.1,44.7,12.1
CHEM-TE-0056,img_test_0056_var05,test,818.82,109.9,91.0,69.0,39.95,4.23,15.57,32.0,36.9,42.7,56.56,0.275,25.36,28.0,75.9,38.3
CHEM-TE-0056,img_test_0056_var06,test,818.82,109.9,91.9,70.3,40.22,3.87,15.18,32.0,35.7,42.7,56.22,0.1,39.31,34.5,48.9,26.5
CHEM-TE-0056,img_test_0056_var07,test,818.82,113.7,95.4,71.9,41.67,3.67,16.19,34.0,37.3,44.3,54.9,0.234,26.82,29.3,77.2,29.9
CHEM-TE-0056,img_test_0056_var08,test,818.82,118.0,107.0,91.0,45.8,1.5,10.55,36.0,22.7,46.3,50.23,0.1,36.78,19.3,35.1,14.3
CHEM-TE-0056,img_test_0056_var09,test,818.82,114.0,95.9,71.8,41.83,3.45,16.5,34.0,37.3,44.3,54.77,0.953,1.64,24.4,36.0,12.4
CHEM-TE-0056,img_test_0056_var10,test,818.82,104.4,86.5,64.9,38.0,3.87,15.35,34.0,38.4,40.8,58.44,0.1,42.38,32.6,49.0,20.8
CHEM-TE-0057,img_test_0057_var01,test,218.54,194.3,182.4,161.6,74.66,0.75,12.1,38.0,16.9,76.1,21.57,0.544,15.98,31.8,49.4,11.8
CHEM-TE-0057,img_test_0057_var02,test,218.54,200.5,183.9,161.5,75.57,2.26,13.52,34.0,19.6,78.4,21.0,0.979,0.73,30.3,68.6,15.3
CHEM-TE-0057,img_test_0057_var03,test,218.54,197.1,183.3,170.0,75.31,2.68,8.51,30.0,14.1,77.3,20.81,0.983,0.6,27.8,35.2,30.2
CHEM-TE-0057,img_test_0057_var04,test,218.54,218.1,200.6,179.3,81.71,2.67,12.87,32.0,18.0,85.5,14.96,0.654,12.1,21.2,43.0,33.2
CHEM-TE-0057,img_test_0057_var05,test,218.54,196.1,183.0,160.2,74.92,0.88,13.27,36.0,18.4,76.9,21.51,0.956,1.53,23.2,77.2,29.3
CHEM-TE-0057,img_test_0057_var06,test,218.54,196.8,184.4,162.1,75.39,0.68,12.93,38.0,17.3,76.9,20.98,0.5,17.49,22.3,75.9,15.4
CHEM-TE-0057,img_test_0057_var07,test,218.54,193.8,182.4,161.4,74.6,0.54,12.16,40.0,16.5,75.7,21.63,0.965,1.21,20.7,53.1,32.3
CHEM-TE-0057,img_test_0057_var08,test,218.54,195.0,197.0,197.0,79.37,-0.69,-0.24,180.0,1.2,77.3,19.06,0.981,0.66,19.1,44.6,18.3
CHEM-TE-0057,img_test_0057_var09,test,218.54,193.4,182.1,161.1,74.48,0.51,12.12,40.0,16.5,75.7,21.74,0.616,13.45,28.9,36.3,10.6
CHEM-TE-0057,img_test_0057_var10,test,218.54,188.2,175.4,156.1,72.19,1.34,11.57,36.0,16.9,73.7,23.96,0.978,0.75,30.8,62.4,30.9
CHEM-TE-0058,img_test_0058_var01,test,152.89,210.0,199.0,178.0,80.61,0.34,11.92,40.0,15.7,82.4,15.67,0.565,15.24,32.3,56.3,32.4
CHEM-TE-0058,img_test_0058_var02,test,152.89,207.0,197.8,178.2,80.06,-0.08,10.97,40.0,14.1,81.2,16.07,0.976,0.84,29.7,53.7,28.9
CHEM-TE-0058,img_test_0058_var03,test,152.89,211.3,194.2,178.5,79.51,3.4,10.11,30.0,15.7,82.7,16.78,0.459,18.93,28.9,67.5,25.9
CHEM-TE-0058,img_test_0058_var04,test,152.89,227.2,212.9,193.2,85.89,1.66,11.55,34.0,14.9,89.0,10.49,0.985,0.52,25.6,78.9,31.3
CHEM-TE-0058,img_test_0058_var05,test,152.89,210.3,199.0,177.3,80.62,0.32,12.3,40.0,15.7,82.4,15.73,0.956,1.52,30.8,57.6,28.2
CHEM-TE-0058,img_test_0058_var06,test,152.89,209.4,199.2,178.4,80.63,0.08,11.69,40.0,14.9,82.0,15.61,0.602,13.92,21.0,59.1,20.8
CHEM-TE-0058,img_test_0058_var07,test,152.89,210.1,199.5,178.8,80.77,0.22,11.69,40.0,15.3,82.4,15.47,0.963,1.29,21.0,67.4,30.8
CHEM-TE-0058,img_test_0058_var09,test,152.89,209.8,199.1,178.7,80.62,0.33,11.53,40.0,14.9,82.0,15.59,0.643,12.49,24.3,75.4,7.8
CHEM-TE-0058,img_test_0058_var10,test,152.89,197.0,188.7,172.0,76.75,0.05,9.47,40.0,12.2,76.9,19.26,0.355,22.56,24.2,46.6,9.3
CHEM-TE-0059,img_test_0059_var01,test,1196.74,86.4,66.8,48.0,29.9,5.56,14.62,28.0,44.3,33.7,66.53,0.1,52.79,22.4,68.9,16.5
CHEM-TE-0059,img_test_0059_var02,test,1196.74,80.5,62.4,44.8,27.86,5.07,13.85,30.0,45.1,31.4,68.47,0.1,44.63,25.4,50.2,37.8
CHEM-TE-0059,img_test_0059_var03,test,1196.74,85.8,74.2,102.8,33.71,11.23,-14.82,264.0,27.5,40.0,67.55,0.981,0.67,23.0,71.2,4.5
CHEM-TE-0059,img_test_0059_var05,test,1196.74,80.5,61.8,44.7,27.67,5.47,13.63,28.0,45.1,31.4,68.67,0.109,31.18,33.3,56.6,35.4
CHEM-TE-0059,img_test_0059_var06,test,1196.74,79.9,62.5,45.1,27.83,4.82,13.56,30.0,43.1,31.0,68.46,0.1,49.43,25.8,58.8,8.9
CHEM-TE-0059,img_test_0059_var07,test,1196.74,85.2,65.8,46.0,29.43,5.36,15.22,30.0,45.9,33.3,67.04,0.1,33.69,28.3,33.3,22.4
CHEM-TE-0059,img_test_0059_var08,test,1196.74,86.0,72.0,59.0,31.65,3.66,10.01,28.0,31.4,33.7,64.44,0.1,45.9,26.2,58.0,5.5
CHEM-TE-0059,img_test_0059_var09,test,1196.74,80.6,62.9,45.0,28.01,4.92,13.89,30.0,43.9,31.4,68.31,0.1,43.67,33.4,51.7,35.2
CHEM-TE-0059,img_test_0059_var10,test,1196.74,74.8,56.0,37.8,25.12,5.58,14.56,30.0,50.2,29.0,71.28,0.1,41.75,23.2,34.5,17.2
CHEM-TE-0060,img_test_0060_var01,test,155.64,209.5,199.4,177.2,80.64,-0.18,12.36,42.0,15.3,82.0,15.74,0.571,15.02,32.3,65.8,16.0
CHEM-TE-0060,img_test_0060_var02,test,155.64,205.8,196.6,175.8,79.6,-0.3,11.58,42.0,14.5,80.4,16.62,0.979,0.74,24.5,51.0,34.0
CHEM-TE-0060,img_test_0060_var03,test,155.64,207.5,197.8,184.2,80.25,1.03,8.06,34.0,11.0,81.2,15.79,0.982,0.64,31.8,73.4,23.3
CHEM-TE-0060,img_test_0060_var04,test,155.64,226.9,215.3,192.3,86.44,0.21,12.78,40.0,14.9,88.6,10.28,0.991,0.31,21.7,60.7,16.5
CHEM-TE-0060,img_test_0060_var05,test,155.64,206.1,196.2,176.5,79.55,0.13,11.18,40.0,14.5,80.8,16.6,0.962,1.33,23.5,52.2,19.0
CHEM-TE-0060,img_test_0060_var06,test,155.64,209.0,199.4,177.5,80.62,-0.35,12.18,42.0,14.9,81.6,15.73,0.632,12.87,20.2,56.7,32.5
CHEM-TE-0060,img_test_0060_var07,test,155.64,206.2,198.8,178.7,80.26,-0.83,10.98,42.0,13.7,80.8,15.92,0.967,1.14,28.7,49.7,27.3
CHEM-TE-0060,img_test_0060_var09,test,155.64,206.8,197.8,177.0,80.02,-0.37,11.53,42.0,14.1,80.8,16.2,0.66,11.9,22.5,59.9,11.6
CHEM-TE-0060,img_test_0060_var10,test,155.64,207.6,198.7,179.1,80.37,-0.22,10.92,40.0,13.3,81.2,15.76,0.977,0.81,29.3,69.7,31.2
CHEM-TE-0061,img_test_0061_var01,test,383.83,168.0,152.0,127.6,63.62,1.92,15.02,36.0,24.3,65.9,32.97,0.296,24.63,26.2,34.3,34.1
CHEM-TE-0061,img_test_0061_var02,test,383.83,163.7,148.4,127.0,62.26,2.08,13.4,36.0,22.7,63.9,34.06,0.98,0.7,27.3,51.9,32.6
CHEM-TE-0061,img_test_0061_var03,test,383.83,176.3,169.4,202.9,70.95,9.08,-16.12,252.0,16.5,79.2,36.5,0.931,2.43,27.7,39.3,28.5
CHEM-TE-0061,img_test_0061_var04,test,383.83,180.7,162.2,137.0,67.66,2.69,15.62,36.0,24.3,70.6,29.19,0.351,22.72,29.2,45.3,5.3
CHEM-TE-0061,img_test_0061_var05,test,383.83,167.1,151.6,126.5,63.4,1.63,15.31,36.0,24.7,65.5,33.22,0.957,1.51,31.8,67.1,31.5
CHEM-TE-0061,img_test_0061_var06,test,383.83,168.2,151.6,128.3,63.54,2.3,14.54,34.0,23.9,65.9,32.98,0.986,0.51,25.2,72.9,38.8
CHEM-TE-0061,img_test_0061_var07,test,383.83,167.6,152.1,126.6,63.58,1.6,15.51,38.0,24.7,65.5,33.09,0.968,1.1,23.7,57.4,9.8
CHEM-TE-0061,img_test_0061_var08,test,383.83,176.0,177.0,161.0,71.72,-3.24,8.07,64.0,9.0,69.4,24.58,0.675,11.36,20.8,63.5,6.2
CHEM-TE-0061,img_test_0061_var09,test,383.83,168.2,152.2,128.2,63.71,1.94,14.78,36.0,23.9,65.9,32.83,0.425,20.12,32.7,64.6,8.1
CHEM-TE-0061,img_test_0061_var10,test,383.83,168.1,152.8,129.0,63.88,1.73,14.57,36.0,23.1,65.9,32.62,0.982,0.61,31.4,31.2,31.7
CHEM-TE-0062,img_test_0062_var01,test,1185.77,81.2,64.3,46.2,28.53,4.4,13.86,30.0,43.1,31.8,67.76,0.1,49.39,23.9,54.4,11.6
CHEM-TE-0062,img_test_0062_var02,test,1185.77,85.5,67.4,48.4,29.99,4.79,14.49,30.0,43.5,33.3,66.38,0.1,45.14,31.1,52.0,8.6
CHEM-TE-0062,img_test_0062_var03,test,1185.77,95.1,86.2,122.9,38.82,12.05,-19.43,254.0,29.4,47.8,64.89,0.1,54.58,28.3,60.0,33.1
CHEM-TE-0062,img_test_0062_var05,test,1185.77,80.5,63.1,45.8,28.09,4.78,13.52,30.0,43.9,31.4,68.19,0.1,32.56,29.6,62.6,35.9
CHEM-TE-0062,img_test_0062_var06,test,1185.77,86.8,68.0,49.0,30.34,5.12,14.59,30.0,43.1,33.7,66.06,0.1,48.77,32.1,59.8,37.8
CHEM-TE-0062,img_test_0062_var07,test,1185.77,81.1,62.4,44.6,27.94,5.33,14.05,30.0,45.5,31.8,68.42,0.127,30.55,23.8,35.8,7.3
CHEM-TE-0062,img_test_0062_var08,test,1185.77,89.0,75.0,59.0,32.86,3.15,11.73,32.0,33.7,34.9,63.25,0.1,46.1,32.4,72.5,32.7
CHEM-TE-0062,img_test_0062_var09,test,1185.77,85.4,67.5,47.4,30.01,4.55,15.1,32.0,44.7,33.3,66.39,0.95,1.74,30.9,59.8,8.8
CHEM-TE-0062,img_test_0062_var10,test,1185.77,85.4,66.6,47.2,29.73,5.1,14.9,30.0,44.7,33.3,66.69,0.1,43.74,28.8,77.1,25.9
CHEM-TE-0063,img_test_0063_var01,test,1377.21,76.0,57.8,39.8,25.84,5.26,14.26,30.0,48.6,29.8,70.52,0.1,54.82,27.3,63.3,26.6
CHEM-TE-0063,img_test_0063_var02,test,1377.21,72.7,57.4,38.1,25.3,3.66,14.56,34.0,47.1,28.2,70.99,0.978,0.76,25.2,30.5,23.9
CHEM-TE-0063,img_test_0063_var05,test,1377.21,70.1,52.4,36.1,23.42,5.43,13.35,28.0,48.6,27.5,72.88,0.1,33.28,31.0,71.8,31.6
CHEM-TE-0063,img_test_0063_var06,test,1377.21,75.1,57.8,39.9,25.73,4.83,14.01,30.0,47.8,29.4,70.58,0.985,0.53,24.8,57.9,19.8
CHEM-TE-0063,img_test_0063_var07,test,1377.21,69.2,52.5,34.9,23.33,4.74,14.01,30.0,50.6,27.1,72.97,0.1,34.34,29.5,53.3,17.5
CHEM-TE-0063,img_test_0063_var09,test,1377.21,74.5,56.3,39.1,25.2,5.43,13.85,30.0,47.5,29.0,71.14,0.95,1.74,26.8,65.0,14.4
CHEM-TE-0063,img_test_0063_var10,test,1377.21,60.0,43.8,27.9,19.36,4.98,13.22,30.0,54.1,23.1,76.89,0.1,48.18,29.9,73.7,22.8
CHEM-TE-0064,img_test_0064_var01,test,169.57,203.8,193.5,172.7,78.57,0.11,11.78,40.0,15.3,79.6,17.65,0.582,14.62,19.6,57.8,11.0
CHEM-TE-0064,img_test_0064_var02,test,169.57,210.3,195.0,173.2,79.51,1.82,12.89,36.0,17.6,82.4,16.99,0.982,0.63,31.4,44.4,21.2
CHEM-TE-0064,img_test_0064_var03,test,169.57,206.7,196.3,198.3,80.15,3.95,0.3,348.0,4.7,80.8,18.41,0.983,0.58,27.7,34.8,21.3
CHEM-TE-0064,img_test_0064_var04,test,169.57,219.4,203.5,181.9,82.62,2.06,12.76,34.0,17.3,85.9,13.99,0.983,0.59,34.8,35.5,37.2
CHEM-TE-0064,img_test_0064_var05,test,169.57,206.9,195.0,172.7,79.22,0.47,12.73,40.0,16.5,80.8,17.19,0.964,1.28,23.3,30.0,17.4
CHEM-TE-0064,img_test_0064_var06,test,169.57,205.2,193.7,173.6,78.75,0.69,11.53,38.0,15.7,80.4,17.44,0.595,14.18,21.3,69.9,29.4
CHEM-TE-0064,img_test_0064_var07,test,169.57,207.2,196.1,173.8,79.54,0.2,12.59,40.0,16.5,81.2,16.85,0.968,1.11,34.7,38.3,33.3
CHEM-TE-0064,img_test_0064_var09,test,169.57,204.2,193.6,173.4,78.64,0.33,11.53,38.0,15.3,80.0,17.54,0.648,12.33,27.7,70.8,17.7
CHEM-TE-0064,img_test_0064_var10,test,169.57,193.2,184.7,165.9,75.27,-0.21,10.63,40.0,14.5,75.7,20.81,0.445,19.44,20.0,33.8,6.3
CHEM-TE-0065,img_test_0065_var01,test,1377.14,75.8,57.2,40.1,25.65,5.6,13.81,30.0,46.7,29.4,70.7,0.982,0.61,27.2,31.7,28.1
CHEM-TE-0065,img_test_0065_var02,test,1377.14,73.9,57.5,39.5,25.51,4.39,13.97,32.0,46.7,28.6,70.77,0.1,48.71,34.0,34.9,7.1
CHEM-TE-0065,img_test_0065_var05,test,1377.14,69.0,52.5,36.5,23.34,4.82,12.95,30.0,47.8,27.1,72.9,0.1,32.89,32.5,30.6,25.9
CHEM-TE-0065,img_test_0065_var06,test,1377.14,70.6,53.0,36.9,23.68,5.33,13.2,30.0,48.6,27.5,72.6,0.1,53.57,28.3,51.2,13.7
CHEM-TE-0065,img_test_0065_var07,test,1377.14,69.6,53.3,35.3,23.63,4.47,14.1,32.0,49.4,27.1,72.66,0.1,33.42,25.8,30.3,11.8
CHEM-TE-0065,img_test_0065_var08,test,1377.14,77.0,62.0,47.0,27.38,4.01,11.69,30.0,38.8,30.2,68.76,0.1,48.9,22.2,49.5,23.3
CHEM-TE-0065,img_test_0065_var09,test,1377.14,70.3,53.1,35.5,23.64,4.95,14.05,30.0,49.8,27.5,72.67,0.954,1.63,20.4,78.7,33.1
CHEM-TE-0065,img_test_0065_var10,test,1377.14,61.2,45.1,27.9,19.89,4.78,13.91,32.0,55.7,23.9,76.39,0.1,44.51,23.3,56.4,36.1
CHEM-TE-0066,img_test_0066_var01,test,934.44,104.1,84.6,64.2,37.39,4.87,14.93,30.0,38.4,40.8,59.07,0.1,52.24,23.7,47.7,8.7
CHEM-TE-0066,img_test_0066_var02,test,934.44,98.6,80.3,61.7,35.52,4.63,13.84,30.0,37.6,38.4,60.81,0.1,39.5,33.1,48.0,18.1
CHEM-TE-0066,img_test_0066_var03,test,934.44,115.4,109.6,160.7,48.62,14.09,-26.78,248.0,31.8,62.7,60.91,0.1,48.54,22.6,57.2,29.7
CHEM-TE-0066,img_test_0066_var04,test,934.44,107.3,84.8,63.3,37.79,6.0,16.11,28.0,41.2,42.0,58.9,0.1,52.5,19.9,77.9,12.8
CHEM-TE-0066,img_test_0066_var05,test,934.44,98.4,80.2,60.2,35.42,4.4,14.63,32.0,38.8,38.4,60.97,0.142,30.04,34.7,43.7,35.3
CHEM-TE-0066,img_test_0066_var06,test,934.44,103.9,85.0,64.0,37.49,4.49,15.18,32.0,38.0,40.4,58.97,0.1,44.07,26.1,47.7,8.0
CHEM-TE-0066,img_test_0066_var07,test,934.44,103.0,83.8,61.7,37.0,4.5,15.94,32.0,40.8,40.4,59.54,0.968,1.11,32.0,57.3,21.8
CHEM-TE-0066,img_test_0066_var08,test,934.44,105.0,91.0,77.0,39.62,3.24,10.17,30.0,26.7,41.2,56.46,0.1,39.4,32.9,65.4,22.5
CHEM-TE-0066,img_test_0066_var09,test,934.44,97.6,80.9,60.9,35.55,3.74,14.34,32.0,38.0,38.0,60.77,0.1,39.86,28.9,61.5,18.5
CHEM-TE-0066,img_test_0066_var10,test,934.44,90.6,73.0,53.4,32.34,4.31,14.55,32.0,41.2,35.3,64.01,0.1,37.72,23.2,69.0,30.2
CHEM-TE-0067,img_test_0067_var01,test,0.0,244.7,239.9,223.4,94.73,-1.19,8.54,46.0,8.6,95.7,2.16,0.546,15.9,23.3,71.4,26.4
CHEM-TE-0067,img_test_0067_var02,test,0.0,239.5,239.9,223.0,94.33,-3.01,8.11,60.0,6.7,93.7,3.99,0.987,0.47,33.4,62.3,32.7
CHEM-TE-0067,img_test_0067_var03,test,0.0,244.8,236.3,224.0,93.86,0.79,6.99,38.0,8.6,95.7,2.95,0.189,28.37,21.3,53.9,37.2
CHEM-TE-0067,img_test_0067_var05,test,0.0,243.3,239.0,221.8,94.35,-1.44,8.83,46.0,9.0,95.3,2.55,0.954,1.6,19.0,59.8,13.1
CHEM-TE-0067,img_test_0067_var06,test,0.0,244.6,240.0,222.8,94.72,-1.36,8.87,46.0,9.0,95.7,2.26,0.546,15.88,24.5,42.2,15.1
CHEM-TE-0067,img_test_0067_var07,test,0.0,245.0,241.5,223.0,95.14,-1.94,9.35,50.0,9.4,96.1,2.61,0.97,1.06,29.1,70.0,36.9
CHEM-TE-0067,img_test_0067_var08,test,0.0,238.1,225.3,199.3,90.01,0.19,14.29,40.0,16.5,93.3,8.0,0.994,0.21,29.2,68.3,8.3
CHEM-TE-0067,img_test_0067_var09,test,0.0,243.7,239.2,222.8,94.47,-1.27,8.46,48.0,8.6,95.3,2.4,0.597,14.09,19.3,63.8,35.5
CHEM-TE-0067,img_test_0067_var10,test,0.0,233.5,230.6,216.7,91.39,-1.41,7.09,50.0,7.5,91.4,5.34,0.199,28.05,24.6,45.4,20.6
CHEM-TE-0068,img_test_0068_var01,test,800.12,116.1,97.0,74.5,42.42,4.13,15.69,32.0,36.1,45.5,54.12,0.985,0.54,34.6,49.5,28.8
CHEM-TE-0068,img_test_0068_var02,test,800.12,115.2,97.2,74.2,42.39,3.54,15.83,34.0,35.7,45.1,54.13,0.982,0.62,19.2,65.0,28.6
CHEM-TE-0068,img_test_0068_var03,test,800.12,133.4,134.6,214.2,59.07,18.77,-41.0,240.0,38.0,83.9,64.79,0.1,44.86,24.2,45.3,19.5
CHEM-TE-0068,img_test_0068_var04,test,800.12,117.5,96.9,74.7,42.55,4.82,15.82,30.0,36.9,45.9,54.06,0.987,0.45,33.1,63.6,30.0
CHEM-TE-0068,img_test_0068_var05,test,800.12,109.9,92.0,71.9,40.3,4.0,14.3,34.0,34.9,42.7,56.06,0.257,26.02,29.7,67.8,4.0
CHEM-TE-0068,img_test_0068_var06,test,800.12,110.8,93.0,72.9,40.7,3.93,14.27,34.0,34.5,43.1,55.66,0.1,36.58,31.4,45.9,24.0
CHEM-TE-0068,img_test_0068_var07,test,800.12,115.1,95.8,74.5,41.97,4.41,15.1,30.0,35.7,45.1,54.51,0.216,27.43,32.3,41.3,20.1
CHEM-TE-0068,img_test_0068_var08,test,800.12,119.0,109.0,95.0,46.56,1.4,9.24,36.0,20.0,46.7,49.45,0.1,36.07,22.1,44.3,33.7
CHEM-TE-0068,img_test_0068_var09,test,800.12,110.9,93.0,72.3,40.68,3.93,14.57,32.0,34.5,43.1,55.71,0.1,33.01,30.9,59.1,21.0
CHEM-TE-0068,img_test_0068_var10,test,800.12,102.1,86.1,66.0,37.64,3.28,14.12,34.0,35.3,40.0,58.65,0.1,34.52,29.1,48.3,30.4
CHEM-TE-0069,img_test_0069_var01,test,138.61,210.7,202.0,181.4,81.52,-0.44,11.37,44.0,13.7,82.4,14.7,0.599,14.03,26.2,63.9,25.4
CHEM-TE-0069,img_test_0069_var02,test,138.61,209.8,201.6,181.0,81.31,-0.61,11.28,42.0,13.3,82.0,14.91,0.977,0.81,26.8,66.0,16.9
CHEM-TE-0069,img_test_0069_var03,test,138.61,213.1,203.2,199.4,82.43,2.78,3.09,18.0,6.7,83.5,14.98,0.981,0.67,21.6,53.3,8.9
CHEM-TE-0069,img_test_0069_var04,test,138.61,228.9,214.7,191.3,86.43,1.1,13.28,38.0,16.1,89.4,10.5,0.984,0.57,33.6,45.5,22.5
CHEM-TE-0069,img_test_0069_var05,test,138.61,210.9,201.2,180.2,81.29,-0.15,11.69,42.0,14.1,82.4,14.97,0.962,1.34,29.0,41.4,4.1
CHEM-TE-0069,img_test_0069_var06,test,138.61,213.4,202.8,181.2,81.92,0.1,12.09,40.0,14.9,83.5,14.42,0.581,14.66,32.7,74.8,26.5
CHEM-TE-0069,img_test_0069_var07,test,138.61,213.7,203.7,182.0,82.21,-0.15,12.07,40.0,14.5,83.5,14.14,0.964,1.27,26.4,42.5,21.5
CHEM-TE-0069,img_test_0069_var09,test,138.61,210.2,201.2,180.3,81.25,-0.4,11.57,42.0,14.1,82.4,15.0,0.933,2.35,24.2,73.6,19.2
CHEM-TE-0069,img_test_0069_var10,test,138.61,214.9,205.6,184.4,82.83,-0.33,11.71,42.0,14.1,83.9,13.47,0.49,17.86,21.6,30.1,22.5
CHEM-TE-0070,img_test_0070_var01,test,1204.4,84.6,66.8,48.1,29.69,4.73,14.26,30.0,42.7,32.9,66.65,0.986,0.51,30.4,41.2,37.3
CHEM-TE-0070,img_test_0070_var02,test,1204.4,78.7,61.8,44.8,27.46,4.63,13.24,30.0,43.5,30.6,68.8,0.1,46.42,22.2,70.5,26.3
CHEM-TE-0070,img_test_0070_var03,test,1204.4,102.6,92.9,146.9,42.42,16.65,-28.31,252.0,36.9,57.3,67.26,0.1,54.51,25.4,41.4,8.0
CHEM-TE-0070,img_test_0070_var05,test,1204.4,78.8,62.0,44.4,27.52,4.53,13.58,30.0,43.5,30.6,68.75,0.1,33.43,24.7,63.7,11.0
CHEM-TE-0070,img_test_0070_var06,test,1204.4,84.0,66.7,48.0,29.62,4.45,14.2,30.0,42.7,32.9,66.7,0.985,0.52,25.3,59.5,20.3
CHEM-TE-0070,img_test_0070_var07,test,1204.4,84.2,65.9,46.0,29.34,4.84,15.11,30.0,46.3,32.9,67.08,0.1,33.84,22.4,48.2,9.6
CHEM-TE-0070,img_test_0070_var08,test,1204.4,87.0,72.0,59.0,31.75,4.12,10.18,28.0,32.2,34.1,64.36,0.1,44.77,34.8,77.3,30.3
CHEM-TE-0070,img_test_0070_var09,test,1204.4,83.6,65.7,47.4,29.26,4.79,14.08,30.0,43.5,32.5,67.07,0.954,1.62,23.9,56.7,36.0
CHEM-TE-0070,img_test_0070_var10,test,1204.4,83.5,64.9,45.3,28.97,4.99,15.04,30.0,45.9,32.5,67.45,0.1,44.53,22.3,75.1,34.9
CHEM-TE-0071,img_test_0071_var01,test,837.22,113.1,94.0,70.7,41.17,4.1,16.25,32.0,38.0,44.3,55.42,0.1,40.83,30.8,34.7,17.3
CHEM-TE-0071,img_test_0071_var02,test,837.22,107.6,90.0,67.8,39.39,3.64,15.5,34.0,37.3,42.0,57.07,0.1,37.88,20.9,73.3,25.7
CHEM-TE-0071,img_test_0071_var03,test,837.22,111.1,92.4,63.1,40.37,3.13,19.7,36.0,43.1,43.5,56.71,0.1,42.89,22.1,47.3,29.6
CHEM-TE-0071,img_test_0071_var04,test,837.22,115.4,94.3,70.5,41.5,4.87,16.84,32.0,39.2,45.1,55.23,0.987,0.44,24.3,55.1,24.8
CHEM-TE-0071,img_test_0071_var05,test,837.22,111.8,92.7,69.2,40.63,4.1,16.41,32.0,37.6,43.5,55.98,0.96,1.38,31.2,50.8,29.8
CHEM-TE-0071,img_test_0071_var06,test,837.22,107.4,90.3,68.1,39.47,3.39,15.42,34.0,36.5,42.0,56.97,0.1,36.4,31.2,55.2,10.5
CHEM-TE-0071,img_test_0071_var07,test,837.22,108.6,90.3,69.3,39.62,4.08,14.94,32.0,36.1,42.4,56.8,0.243,26.51,19.1,48.5,25.9
CHEM-TE-0071,img_test_0071_var08,test,837.22,119.0,105.0,90.0,45.31,2.93,10.47,32.0,24.3,46.7,50.77,0.1,46.71,28.2,42.7,6.6
CHEM-TE-0071,img_test_0071_var09,test,837.22,107.9,90.1,68.7,39.48,3.83,15.06,34.0,36.5,42.0,56.94,0.1,34.1,31.5,38.2,5.7
CHEM-TE-0071,img_test_0071_var10,test,837.22,108.5,90.1,68.6,39.54,4.06,15.22,34.0,36.9,42.4,56.91,0.113,31.04,31.4,50.5,32.7
CHEM-TE-0072,img_test_0072_var05,test,1601.77,60.0,44.0,29.0,19.44,5.02,12.55,30.0,51.0,23.1,76.78,0.1,38.02,26.3,59.9,12.4
CHEM-TE-0072,img_test_0072_var06,test,1601.77,64.8,49.1,33.8,21.7,4.67,12.48,30.0,48.6,25.1,74.5,0.986,0.48,25.3,56.4,35.6
CHEM-TE-0072,img_test_0072_var07,test,1601.77,59.3,43.0,28.3,19.03,5.22,12.51,30.0,52.5,23.1,77.19,0.1,45.95,25.4,44.0,6.6
CHEM-TE-0072,img_test_0072_var08,test,1601.77,65.0,51.0,41.0,22.48,4.55,8.73,26.0,36.9,25.5,73.63,0.1,50.45,24.8,38.7,32.9
CHEM-TE-0072,img_test_0072_var09,test,1601.77,60.4,44.2,30.9,19.58,5.36,11.47,28.0,50.2,23.5,76.61,0.1,49.5,25.4,73.1,13.9
CHEM-TE-0072,img_test_0072_var10,test,1601.77,59.6,42.9,28.7,19.05,5.48,12.28,28.0,52.5,23.1,77.18,0.1,47.36,27.4,30.6,32.9
CHEM-TE-0073,img_test_0073_var01,test,564.45,138.3,122.2,99.7,52.19,2.52,14.59,36.0,28.2,54.1,44.21,0.187,28.45,21.0,33.4,6.2
CHEM-TE-0073,img_test_0073_var02,test,564.45,143.7,124.9,100.1,53.45,3.29,16.18,34.0,30.2,56.1,43.24,0.979,0.74,20.6,33.9,35.9
CHEM-TE-0073,img_test_0073_var03,test,564.45,142.5,125.0,102.7,53.43,3.04,14.66,34.0,28.2,55.7,43.02,0.1,32.32,19.7,33.7,5.2
CHEM-TE-0073,img_test_0073_var04,test,564.45,152.7,130.4,106.0,55.95,4.67,16.36,32.0,30.2,59.6,40.93,0.1,34.42,28.2,75.8,38.4
CHEM-TE-0073,img_test_0073_var05,test,564.45,141.5,124.5,99.9,53.12,2.55,15.82,36.0,29.8,55.3,43.47,0.962,1.33,27.5,62.9,5.6
CHEM-TE-0073,img_test_0073_var06,test,564.45,138.3,121.7,99.1,52.04,2.66,14.77,34.0,28.2,54.1,44.39,0.195,28.19,26.8,56.3,15.6
CHEM-TE-0073,img_test_0073_var07,test,564.45,140.2,123.3,99.6,52.67,2.63,15.33,36.0,29.4,54.9,43.84,0.46,18.91,33.9,76.4,33.6
CHEM-TE-0073,img_test_0073_var08,test,564.45,142.0,134.0,121.0,56.27,0.66,8.08,38.0,14.9,55.7,39.74,0.216,27.43,26.3,45.3,12.2
CHEM-TE-0073,img_test_0073_var09,test,564.45,141.8,124.7,100.2,53.21,2.62,15.81,36.0,29.0,55.3,43.38,0.945,1.92,29.9,67.8,5.3
CHEM-TE-0073,img_test_0073_var10,test,564.45,131.6,115.2,94.1,49.48,2.89,14.03,34.0,28.2,51.4,46.85,0.217,27.41,22.1,73.1,25.0
CHEM-TE-0074,img_test_0074_var01,test,555.97,139.9,123.2,100.1,52.63,2.63,15.0,36.0,28.2,54.5,43.83,0.131,30.41,22.1,75.5,21.9
CHEM-TE-0074,img_test_0074_var02,test,555.97,139.4,122.6,100.0,52.41,2.75,14.74,34.0,28.2,54.5,44.02,0.192,28.29,23.6,40.5,36.2
CHEM-TE-0074,img_test_0074_var03,test,555.97,144.1,131.8,148.3,56.61,7.86,-7.15,286.0,11.4,58.0,43.2,0.1,35.43,33.6,60.0,33.1
CHEM-TE-0074,img_test_0074_var04,test,555.97,145.0,125.4,103.2,53.79,3.96,14.87,32.0,29.0,56.9,42.76,0.1,36.14,29.3,65.6,7.1
CHEM-TE-0074,img_test_0074_var05,test,555.97,140.1,122.4,101.2,52.46,3.35,14.12,32.0,27.8,54.9,43.93,0.441,19.58,20.7,53.6,5.9
CHEM-TE-0074,img_test_0074_var06,test,555.97,139.4,122.9,101.2,52.53,2.76,14.21,34.0,27.5,54.5,43.84,0.148,29.84,34.8,44.7,27.7
CHEM-TE-0074,img_test_0074_var07,test,555.97,143.5,126.0,102.2,53.8,2.83,15.48,36.0,28.6,56.1,42.76,0.391,21.32,33.0,32.9,30.5
CHEM-TE-0074,img_test_0074_var08,test,555.97,145.0,136.0,123.0,57.13,1.05,8.19,36.0,15.3,56.9,38.88,0.221,27.28,32.9,44.3,23.6
CHEM-TE-0074,img_test_0074_var09,test,555.97,139.9,122.4,101.3,52.45,3.28,14.04,34.0,27.5,54.5,43.93,0.258,25.96,29.7,35.9,4.2
CHEM-TE-0074,img_test_0074_var10,test,555.97,143.6,126.6,102.7,53.98,2.59,15.45,36.0,28.6,56.1,42.56,0.285,25.03,23.6,35.6,7.8
CHEM-TE-0075,img_test_0075_var01,test,324.9,175.0,161.0,138.7,66.88,1.38,13.45,38.0,20.8,68.2,29.47,0.306,24.3,28.4,79.5,33.8
CHEM-TE-0075,img_test_0075_var02,test,324.9,173.4,160.4,137.9,66.55,0.98,13.42,38.0,20.8,67.8,29.78,0.98,0.69,25.0,40.1,29.8
CHEM-TE-0075,img_test_0075_var03,test,324.9,177.6,162.9,145.9,67.76,2.5,10.78,32.0,18.0,69.4,28.37,0.982,0.63,27.7,59.5,30.5
CHEM-TE-0075,img_test_0075_var04,test,324.9,188.5,170.6,148.1,70.78,2.8,13.93,34.0,21.2,73.7,25.8,0.438,19.68,24.7,71.6,21.5
CHEM-TE-0075,img_test_0075_var05,test,324.9,177.3,161.8,137.7,67.27,1.69,14.62,36.0,22.7,69.4,29.3,0.958,1.46,31.3,78.6,20.8
CHEM-TE-0075,img_test_0075_var06,test,324.9,177.8,163.4,139.3,67.75,1.27,14.43,38.0,21.6,69.4,28.78,0.46,18.9,19.0,38.1,14.7
CHEM-TE-0075,img_test_0075_var07,test,324.9,173.9,160.1,137.6,66.52,1.26,13.56,38.0,20.8,67.8,29.84,0.966,1.21,22.8,53.4,27.1
CHEM-TE-0075,img_test_0075_var08,test,324.9,187.0,182.0,172.0,74.19,-0.01,5.71,40.0,7.8,73.3,22.06,0.814,6.51,25.3,60.6,36.8
CHEM-TE-0075,img_test_0075_var09,test,324.9,174.3,160.4,139.1,66.67,1.52,12.98,36.0,20.0,68.2,29.62,0.518,16.86,19.3,62.5,13.8
CHEM-TE-0075,img_test_0075_var10,test,324.9,165.8,152.5,131.7,63.64,1.39,12.72,38.0,20.8,64.7,32.59,0.963,1.3,25.0,37.9,27.3
CHEM-TE-0076,img_test_0076_var01,test,534.29,147.4,128.7,104.3,54.94,3.2,15.87,34.0,29.4,57.6,41.72,0.988,0.41,33.5,62.2,18.8
CHEM-TE-0076,img_test_0076_var02,test,534.29,142.7,126.0,104.2,53.75,2.77,14.25,34.0,26.7,55.7,42.64,0.229,26.99,32.4,57.1,33.1
CHEM-TE-0076,img_test_0076_var03,test,534.29,147.1,129.9,84.6,54.87,-0.11,26.89,42.0,42.7,57.6,44.86,0.985,0.52,24.1,58.3,31.6
CHEM-TE-0076,img_test_0076_var04,test,534.29,156.1,135.2,111.1,57.66,4.12,15.9,32.0,29.0,61.2,39.12,0.989,0.38,25.4,45.5,5.9
CHEM-TE-0076,img_test_0076_var05,test,534.29,141.4,125.8,102.4,53.54,2.11,14.97,36.0,27.8,55.3,42.91,0.445,19.44,25.8,79.5,17.7
CHEM-TE-0076,img_test_0076_var06,test,534.29,142.2,125.9,102.9,53.64,2.48,14.84,34.0,28.2,55.7,42.81,0.193,28.26,29.0,64.1,34.7
CHEM-TE-0076,img_test_0076_var07,test,534.29,146.4,128.5,103.6,54.78,2.78,16.07,34.0,29.4,57.3,41.88,0.967,1.16,26.7,50.3,24.9
CHEM-TE-0076,img_test_0076_var08,test,534.29,155.0,149.0,132.0,61.77,-0.81,9.77,44.0,14.9,60.8,34.26,0.1,33.62,26.5,52.3,6.8
CHEM-TE-0076,img_test_0076_var09,test,534.29,146.7,128.3,104.3,54.76,3.18,15.61,34.0,28.6,57.3,41.85,0.945,1.92,34.5,63.1,22.8
CHEM-TE-0076,img_test_0076_var10,test,534.29,134.9,120.2,97.8,51.26,1.98,14.39,38.0,27.5,52.5,45.09,0.292,24.78,32.5,63.3,6.9
CHEM-TE-0077,img_test_0077_var01,test,971.16,101.2,82.0,61.0,36.27,4.68,15.34,32.0,40.8,39.6,60.21,0.1,49.88,31.1,77.1,21.0
CHEM-TE-0077,img_test_0077_var02,test,971.16,95.4,77.5,58.0,34.29,4.37,14.4,30.0,38.8,37.3,62.07,0.1,41.39,28.4,31.6,21.3
CHEM-TE-0077,img_test_0077_var03,test,971.16,95.5,77.6,55.9,34.27,4.09,15.72,34.0,42.0,37.3,62.2,0.1,52.29,32.7,32.2,14.3
CHEM-TE-0077,img_test_0077_var04,test,971.16,101.6,80.3,57.7,35.75,5.48,16.67,32.0,43.5,39.6,60.94,0.993,0.23,25.9,75.6,15.0
CHEM-TE-0077,img_test_0077_var05,test,971.16,94.2,77.2,56.5,34.03,3.8,14.98,34.0,40.4,36.9,62.35,0.179,28.72,21.9,76.6,19.8
CHEM-TE-0077,img_test_0077_var06,test,971.16,96.2,77.9,59.2,34.5,4.66,13.97,30.0,38.4,37.6,61.84,0.1,42.98,23.3,78.5,15.4
CHEM-TE-0077,img_test_0077_var07,test,971.16,99.4,80.6,59.8,35.65,4.51,15.21,32.0,40.4,38.8,60.8,0.965,1.21,31.7,67.4,35.4
CHEM-TE-0077,img_test_0077_var08,test,971.16,104.0,90.0,74.0,39.16,2.94,11.35,32.0,29.0,40.8,56.94,0.1,41.05,29.1,69.5,15.9
CHEM-TE-0077,img_test_0077_var09,test,971.16,95.2,77.6,58.3,34.29,4.27,14.22,30.0,38.8,37.3,62.05,0.1,41.25,19.2,43.2,16.1
CHEM-TE-0077,img_test_0077_var10,test,971.16,90.7,72.5,52.4,32.17,4.55,14.95,32.0,42.4,35.3,64.23,0.1,40.06,29.4,44.4,14.7
CHEM-TE-0078,img_test_0078_var02,test,1881.04,53.7,39.2,27.4,17.08,4.89,10.42,28.0,49.0,20.8,79.05,0.978,0.76,29.6,35.0,25.1
CHEM-TE-0078,img_test_0078_var03,test,1881.04,55.4,40.0,12.0,17.31,3.6,20.14,38.0,78.0,21.6,79.54,0.981,0.67,28.4,72.0,27.5
CHEM-TE-0078,img_test_0078_var05,test,1881.04,51.3,35.8,23.7,15.62,5.5,10.98,26.0,54.9,20.0,80.56,0.1,40.66,32.8,78.3,32.9
CHEM-TE-0078,img_test_0078_var07,test,1881.04,50.0,35.0,21.6,15.17,5.07,11.75,28.0,58.0,19.6,81.01,0.1,48.22,19.0,31.0,34.8
CHEM-TE-0078,img_test_0078_var09,test,1881.04,51.2,36.5,24.9,15.84,5.1,10.46,26.0,52.9,20.0,80.31,0.1,50.99,34.1,38.0,8.5
CHEM-TE-0079,img_test_0079_var01,test,409.11,163.6,147.6,123.6,61.96,2.01,14.87,36.0,24.7,63.9,34.58,0.985,0.51,21.6,59.8,33.0
CHEM-TE-0079,img_test_0079_var02,test,409.11,160.4,145.2,123.5,61.03,2.02,13.6,36.0,23.1,62.7,35.3,0.388,21.42,31.0,77.4,22.0
CHEM-TE-0079,img_test_0079_var03,test,409.11,164.3,147.6,129.5,62.17,3.18,11.84,30.0,21.2,64.3,34.05,0.257,26.02,19.1,39.6,7.4
CHEM-TE-0079,img_test_0079_var04,test,409.11,176.5,157.7,134.1,66.04,3.07,14.9,32.0,23.9,69.0,30.64,0.987,0.46,26.3,44.7,7.0
CHEM-TE-0079,img_test_0079_var05,test,409.11,159.9,143.7,122.2,60.53,2.49,13.64,34.0,23.1,62.4,35.83,0.955,1.58,23.5,38.0,37.9
CHEM-TE-0079,img_test_0079_var06,test,409.11,160.9,145.5,123.7,61.15,2.11,13.66,36.0,23.1,62.7,35.2,0.322,23.73,33.0,71.9,18.5
CHEM-TE-0079,img_test_0079_var07,test,409.11,163.0,146.7,123.8,61.68,2.27,14.37,36.0,23.9,63.5,34.78,0.966,1.2,24.7,68.3,21.9
CHEM-TE-0079,img_test_0079_var08,test,409.11,169.0,161.0,153.0,66.69,1.46,5.19,30.0,9.4,66.3,29.57,0.986,0.51,33.4,55.0,24.1
CHEM-TE-0079,img_test_0079_var09,test,409.11,163.2,147.7,123.7,61.94,1.82,14.8,36.0,24.7,63.9,34.58,0.947,1.86,29.4,53.5,27.7
CHEM-TE-0079,img_test_0079_var10,test,409.11,145.2,131.9,111.7,55.76,1.61,12.72,36.0,23.5,56.9,40.43,0.736,9.23,33.5,73.9,12.3
CHEM-TE-0080,img_test_0080_var01,test,1409.14,70.1,51.6,36.8,23.22,6.02,12.6,26.0,48.6,27.5,73.08,0.1,54.91,28.9,37.5,12.8
CHEM-TE-0080,img_test_0080_var02,test,1409.14,68.3,51.3,35.3,22.83,5.14,13.06,30.0,48.6,26.7,73.43,0.1,50.82,28.9,71.0,22.1
CHEM-TE-0080,img_test_0080_var05,test,1409.14,68.7,51.6,33.9,22.97,4.93,14.14,30.0,51.4,26.7,73.34,0.1,35.24,28.0,48.8,6.0
CHEM-TE-0080,img_test_0080_var06,test,1409.14,69.8,52.0,35.4,23.25,5.44,13.56,28.0,49.4,27.1,73.06,0.1,49.94,26.9,50.4,34.1
CHEM-TE-0080,img_test_0080_var07,test,1409.14,68.3,50.7,34.2,22.65,5.4,13.51,28.0,50.2,26.7,73.65,0.11,31.15,20.0,54.9,32.4
CHEM-TE-0080,img_test_0080_var08,test,1409.14,74.0,60.0,46.0,26.4,3.73,10.96,30.0,37.6,29.0,69.7,0.1,49.3,22.4,51.4,29.6
CHEM-TE-0080,img_test_0080_var09,test,1409.14,69.5,52.2,36.1,23.31,5.22,13.19,30.0,47.8,27.1,72.96,0.1,45.28,19.3,43.7,14.1
CHEM-TE-0081,img_test_0081_var01,test,399.66,162.4,147.6,124.8,61.87,1.73,14.05,36.0,23.5,63.5,34.52,0.316,23.95,30.5,73.2,7.9
CHEM-TE-0081,img_test_0081_var02,test,399.66,161.6,146.5,123.7,61.49,1.85,14.13,36.0,23.5,63.1,34.92,0.977,0.8,24.0,45.7,27.8
CHEM-TE-0081,img_test_0081_var03,test,399.66,161.5,146.8,127.1,61.62,2.14,12.43,34.0,21.2,63.1,34.59,0.98,0.71,29.3,34.3,14.4
CHEM-TE-0081,img_test_0081_var04,test,399.66,177.3,159.3,136.5,66.57,2.89,14.27,34.0,23.1,69.4,29.99,0.334,23.31,34.1,53.1,17.5
CHEM-TE-0081,img_test_0081_var05,test,399.66,160.8,146.0,124.3,61.28,1.9,13.53,34.0,22.4,62.7,35.04,0.965,1.23,21.9,43.0,34.4
CHEM-TE-0081,img_test_0081_var06,test,399.66,162.7,147.3,124.9,61.82,2.02,13.94,36.0,23.5,63.5,34.57,0.37,22.05,28.6,57.1,33.4
CHEM-TE-0081,img_test_0081_var07,test,399.66,160.5,146.5,124.5,61.39,1.51,13.57,36.0,22.4,62.7,34.93,0.95,1.74,32.3,48.0,28.6
CHEM-TE-0081,img_test_0081_var08,test,399.66,171.0,163.0,154.0,67.42,1.28,5.7,32.0,9.8,67.1,28.78,0.984,0.55,30.9,63.9,25.5
CHEM-TE-0081,img_test_0081_var09,test,399.66,162.6,147.4,125.4,61.85,2.0,13.71,36.0,22.7,63.5,34.51,0.454,19.13,26.1,34.9,19.2
CHEM-TE-0081,img_test_0081_var10,test,399.66,156.0,141.8,119.8,59.63,1.63,13.7,36.0,23.5,61.2,36.69,0.978,0.77,30.7,31.5,18.6
CHEM-TE-0082,img_test_0082_var01,test,248.27,187.3,176.3,154.6,72.31,0.29,12.55,40.0,17.6,73.3,23.96,0.519,16.82,25.7,70.2,15.7
CHEM-TE-0082,img_test_0082_var02,test,248.27,187.5,175.7,153.9,72.15,0.6,12.7,38.0,18.0,73.3,24.14,0.979,0.75,28.6,78.0,32.4
CHEM-TE-0082,img_test_0082_var04,test,248.27,211.7,192.6,170.4,78.94,3.19,13.65,32.0,19.6,82.7,17.89,0.989,0.39,28.6,33.3,26.3
CHEM-TE-0082,img_test_0082_var05,test,248.27,187.2,175.3,152.8,71.99,0.5,13.08,40.0,18.8,73.3,24.35,0.964,1.26,29.2,41.8,36.6
CHEM-TE-0082,img_test_0082_var06,test,248.27,188.7,176.0,155.0,72.36,1.04,12.37,36.0,17.6,73.7,23.89,0.493,17.73,22.0,49.7,34.1
CHEM-TE-0082,img_test_0082_var07,test,248.27,187.6,175.9,154.6,72.23,0.61,12.4,38.0,17.6,73.3,24.01,0.968,1.12,34.4,54.5,23.5
CHEM-TE-0082,img_test_0082_var08,test,248.27,205.0,202.0,194.0,81.36,-0.38,4.35,44.0,5.5,80.4,15.39,0.865,4.74,27.0,76.8,34.1
CHEM-TE-0082,img_test_0082_var09,test,248.27,187.8,175.4,154.6,72.11,0.96,12.24,38.0,17.6,73.3,24.11,0.607,13.77,26.1,77.8,29.5
CHEM-TE-0082,img_test_0082_var10,test,248.27,191.7,179.0,157.4,73.46,0.89,12.69,38.0,17.6,74.9,22.84,0.62,13.31,26.9,56.3,32.5
CHEM-TE-0083,img_test_0083_var01,test,908.77,101.9,83.4,63.2,36.79,4.47,14.69,32.0,37.6,39.6,59.62,0.1,42.03,21.1,32.3,22.3
CHEM-TE-0083,img_test_0083_var02,test,908.77,101.7,82.8,62.4,36.59,4.61,14.9,30.0,38.4,39.6,59.84,0.1,36.74,25.5,77.2,36.5
CHEM-TE-0083,img_test_0083_var03,test,908.77,101.8,82.7,62.0,36.56,4.63,15.11,30.0,38.4,39.6,59.9,0.1,46.53,20.6,51.4,16.9
CHEM-TE-0083,img_test_0083_var04,test,908.77,104.1,83.1,63.1,36.96,5.62,15.01,30.0,39.6,40.8,59.57,0.1,52.17,34.9,35.4,21.0
CHEM-TE-0083,img_test_0083_var05,test,908.77,105.9,86.3,64.9,38.11,4.7,15.5,32.0,39.2,41.2,58.4,0.962,1.31,29.2,72.2,16.6
CHEM-TE-0083,img_test_0083_var06,test,908.77,101.2,83.5,63.2,36.75,4.08,14.63,32.0,37.6,39.6,59.62,0.1,41.55,21.6,40.2,35.4
CHEM-TE-0083,img_test_0083_var07,test,908.77,105.9,85.8,63.8,37.94,4.85,15.93,32.0,40.0,41.2,58.63,0.167,29.16,26.9,43.8,38.2
CHEM-TE-0083,img_test_0083_var08,test,908.77,109.0,97.0,80.0,41.81,1.84,11.46,36.0,26.7,42.7,54.26,0.1,48.59,23.0,68.2,11.2
CHEM-TE-0083,img_test_0083_var09,test,908.77,102.3,82.6,63.8,36.62,5.19,14.13,30.0,38.4,40.0,59.79,0.1,36.57,32.1,42.5,7.3
CHEM-TE-0083,img_test_0083_var10,test,908.77,92.6,74.2,56.2,32.96,4.92,13.68,30.0,39.2,36.1,63.37,0.1,32.54,20.0,39.5,14.2
CHEM-TE-0084,img_test_0084_var01,test,899.18,107.0,87.5,64.9,38.55,4.5,16.11,32.0,40.0,42.0,58.03,0.987,0.44,26.2,60.8,29.9
CHEM-TE-0084,img_test_0084_var02,test,899.18,105.6,87.3,65.1,38.36,3.97,15.73,34.0,38.0,41.2,58.14,0.979,0.75,33.5,64.4,26.6
CHEM-TE-0084,img_test_0084_var03,test,899.18,97.6,79.3,34.5,34.66,1.73,28.78,42.0,65.1,38.0,64.46,0.1,48.7,20.7,68.1,38.2
CHEM-TE-0084,img_test_0084_var04,test,899.18,109.7,87.5,64.3,38.85,5.61,16.91,30.0,41.2,42.7,57.92,0.1,50.53,32.7,65.2,24.8
CHEM-TE-0084,img_test_0084_var05,test,899.18,105.1,87.7,64.8,38.4,3.49,15.97,34.0,39.2,41.2,58.1,0.962,1.34,21.5,39.3,18.6
CHEM-TE-0084,img_test_0084_var06,test,899.18,101.6,84.0,64.3,36.96,4.08,14.26,30.0,36.5,39.6,59.38,0.1,42.77,34.3,31.8,25.8
CHEM-TE-0084,img_test_0084_var07,test,899.18,106.8,87.4,65.1,38.51,4.43,15.96,32.0,38.8,41.6,58.04,0.126,30.58,21.3,63.6,16.2
CHEM-TE-0084,img_test_0084_var08,test,899.18,116.0,102.0,83.0,44.0,2.34,12.8,34.0,28.6,45.5,52.17,0.1,48.99,33.4,57.0,12.8
CHEM-TE-0084,img_test_0084_var09,test,899.18,101.5,84.3,63.1,37.0,3.73,15.04,34.0,37.6,39.6,59.4,0.1,37.09,29.1,61.7,5.0
CHEM-TE-0084,img_test_0084_var10,test,899.18,94.5,76.7,57.3,33.91,4.37,14.34,30.0,39.2,36.9,62.44,0.1,35.45,28.6,38.9,10.7
CHEM-TE-0085,img_test_0085_var01,test,987.56,94.3,76.6,57.3,33.86,4.37,14.27,30.0,39.2,36.9,62.48,0.1,44.08,33.8,37.8,12.6
CHEM-TE-0085,img_test_0085_var02,test,987.56,98.1,80.4,59.7,35.43,4.06,14.95,32.0,39.6,38.4,60.97,0.1,42.86,21.5,77.3,11.6
CHEM-TE-0085,img_test_0085_var03,test,987.56,108.2,99.7,137.7,44.35,11.86,-19.76,254.0,27.8,53.7,60.2,0.1,48.71,28.7,61.1,25.3
CHEM-TE-0085,img_test_0085_var04,test,987.56,97.8,76.2,56.5,34.13,6.13,15.16,30.0,42.4,38.0,62.43,0.1,54.77,28.3,35.6,16.9
CHEM-TE-0085,img_test_0085_var05,test,987.56,93.9,76.2,57.5,33.71,4.46,13.89,32.0,38.8,36.5,62.61,0.195,28.18,30.5,50.9,15.9
CHEM-TE-0085,img_test_0085_var06,test,987.56,100.3,80.8,59.9,35.81,4.83,15.38,30.0,41.2,39.2,60.68,0.1,44.54,22.3,78.7,27.1
CHEM-TE-0085,img_test_0085_var07,test,987.56,94.9,76.6,56.6,33.93,4.49,14.8,32.0,40.4,36.9,62.47,0.171,29.01,20.5,32.2,25.5
CHEM-TE-0085,img_test_0085_var08,test,987.56,103.0,88.0,73.0,38.45,3.56,10.98,30.0,29.0,40.4,57.67,0.1,40.88,27.2,39.3,14.5
CHEM-TE-0085,img_test_0085_var09,test,987.56,98.2,79.7,58.7,35.24,4.37,15.29,32.0,40.8,38.4,61.21,0.948,1.82,26.1,55.7,15.7
CHEM-TE-0085,img_test_0085_var10,test,987.56,87.2,69.9,49.2,30.93,4.12,15.28,32.0,43.5,34.1,65.47,0.1,43.6,19.7,44.4,6.5
CHEM-TE-0086,img_test_0086_var01,test,677.45,124.0,106.6,85.4,46.14,3.45,14.43,32.0,31.4,48.6,50.24,0.1,32.14,25.8,71.7,16.5
CHEM-TE-0086,img_test_0086_var02,test,677.45,128.8,109.9,86.6,47.58,3.7,15.8,32.0,32.9,50.2,49.0,0.1,34.81,25.9,78.3,6.2
CHEM-TE-0086,img_test_0086_var03,test,677.45,138.6,130.9,172.1,56.74,11.67,-20.7,252.0,24.3,67.5,50.48,0.1,36.82,25.2,42.3,15.1
CHEM-TE-0086,img_test_0086_var04,test,677.45,135.7,113.9,90.5,49.46,4.86,16.19,30.0,33.3,52.9,47.29,0.1,40.47,27.6,55.4,22.9
CHEM-TE-0086,img_test_0086_var05,test,677.45,127.2,109.2,85.4,47.19,3.29,15.93,34.0,32.9,49.8,49.38,0.96,1.41,22.8,79.3,30.6
CHEM-TE-0086,img_test_0086_var06,test,677.45,124.5,106.6,85.4,46.2,3.62,14.5,32.0,31.4,48.6,50.2,0.1,36.01,29.5,67.1,37.2
CHEM-TE-0086,img_test_0086_var07,test,677.45,124.7,106.8,84.6,46.25,3.5,15.05,34.0,32.2,48.6,50.21,0.356,22.53,29.7,63.0,37.5
CHEM-TE-0086,img_test_0086_var08,test,677.45,137.0,127.0,112.0,53.67,1.14,9.53,36.0,18.4,53.7,42.34,0.1,40.49,26.8,69.1,24.4
CHEM-TE-0086,img_test_0086_var09,test,677.45,128.2,109.0,86.3,47.26,3.92,15.51,32.0,32.9,50.2,49.29,0.949,1.78,22.4,55.3,35.0
CHEM-TE-0086,img_test_0086_var10,test,677.45,125.4,107.7,85.6,46.6,3.42,14.98,34.0,32.2,49.0,49.85,0.155,29.59,30.6,30.7,6.0
CHEM-TE-0087,img_test_0087_var02,test,1743.6,55.1,39.3,26.1,17.27,5.39,11.57,26.0,52.5,21.6,78.92,0.1,52.88,33.4,45.5,22.1
CHEM-TE-0087,img_test_0087_var03,test,1743.6,65.4,49.7,69.1,23.09,11.19,-9.35,288.0,29.0,27.1,75.94,0.98,0.7,23.2,58.1,30.1
CHEM-TE-0087,img_test_0087_var05,test,1743.6,59.4,42.5,27.9,18.87,5.56,12.58,28.0,54.1,23.1,77.38,0.959,1.43,24.4,41.7,34.0
CHEM-TE-0087,img_test_0087_var06,test,1743.6,60.3,44.2,30.4,19.56,5.28,11.79,28.0,50.2,23.5,76.64,0.984,0.56,29.1,33.8,23.5
CHEM-TE-0087,img_test_0087_var07,test,1743.6,54.6,38.5,24.2,16.94,5.34,12.44,28.0,55.7,21.2,79.28,0.1,34.78,20.6,74.8,17.8
CHEM-TE-0087,img_test_0087_var08,test,1743.6,61.0,49.0,36.0,21.27,3.15,10.34,32.0,41.2,23.9,74.79,0.1,54.02,25.2,56.0,8.0
CHEM-TE-0087,img_test_0087_var09,test,1743.6,59.8,44.1,29.3,19.45,4.85,12.4,30.0,51.0,23.1,76.75,0.949,1.8,23.6,43.2,38.2
CHEM-TE-0087,img_test_0087_var10,test,1743.6,46.6,31.0,17.8,13.33,5.63,11.76,26.0,63.1,18.0,82.87,0.1,50.1,28.4,41.9,10.7
CHEM-TE-0088,img_test_0088_var01,test,847.02,111.8,92.9,70.7,40.72,4.17,15.63,32.0,36.9,43.5,55.8,0.1,39.63,22.1,33.5,16.5
CHEM-TE-0088,img_test_0088_var02,test,847.02,111.3,92.5,70.1,40.54,4.11,15.73,32.0,36.9,43.5,55.98,0.977,0.8,33.1,33.6,30.8
CHEM-TE-0088,img_test_0088_var03,test,847.02,122.4,116.8,164.7,51.33,12.98,-24.87,248.0,29.4,64.3,57.43,0.1,42.43,32.7,78.3,38.8
CHEM-TE-0088,img_test_0088_var04,test,847.02,115.7,93.1,71.1,41.21,5.79,16.1,30.0,38.4,45.1,55.5,0.987,0.44,28.2,59.6,14.9
CHEM-TE-0088,img_test_0088_var05,test,847.02,110.7,91.4,69.4,40.16,4.34,15.66,32.0,37.3,43.1,56.37,0.958,1.48,28.6,69.7,31.8
CHEM-TE-0088,img_test_0088_var06,test,847.02,111.9,93.2,70.8,40.83,3.99,15.71,34.0,36.9,43.5,55.69,0.1,46.02,29.6,30.8,10.6
CHEM-TE-0088,img_test_0088_var07,test,847.02,111.2,92.3,69.3,40.45,4.04,16.1,32.0,37.6,43.5,56.11,0.22,27.28,30.4,71.6,7.0
CHEM-TE-0088,img_test_0088_var08,test,847.02,117.0,101.0,87.0,43.91,3.98,10.28,28.0,25.5,45.9,52.22,0.1,47.24,26.9,43.3,18.5
CHEM-TE-0088,img_test_0088_var09,test,847.02,111.8,92.8,71.1,40.7,4.31,15.36,32.0,36.1,43.5,55.79,0.1,36.81,24.6,67.9,6.7
CHEM-TE-0088,img_test_0088_var10,test,847.02,96.6,80.1,60.3,35.2,3.7,14.2,34.0,37.6,37.6,61.11,0.1,36.7,23.5,36.2,38.5
CHEM-TE-0089,img_test_0089_var01,test,1522.01,64.0,47.7,32.5,21.17,5.01,12.62,28.0,50.2,25.1,75.05,0.1,53.22,29.7,47.6,12.9
CHEM-TE-0089,img_test_0089_var02,test,1522.01,67.2,51.8,35.0,22.88,4.21,13.26,30.0,47.8,26.3,73.34,0.98,0.68,33.2,67.4,23.5
CHEM-TE-0089,img_test_0089_var05,test,1522.01,68.9,50.7,34.1,22.72,5.64,13.68,28.0,50.2,26.7,73.61,0.1,38.08,29.2,43.5,8.7
CHEM-TE-0089,img_test_0089_var07,test,1522.01,63.8,47.1,31.7,20.94,5.2,12.85,30.0,51.0,24.7,75.31,0.1,44.71,26.5,64.0,24.1
CHEM-TE-0089,img_test_0089_var09,test,1522.01,64.2,47.6,32.8,21.15,5.23,12.37,28.0,50.2,25.1,75.07,0.1,47.79,31.1,32.9,10.5
CHEM-TE-0089,img_test_0089_var10,test,1522.01,53.8,37.8,23.2,16.59,5.33,12.63,28.0,56.5,20.8,79.64,0.1,47.1,27.8,36.8,25.7
CHEM-TE-0090,img_test_0090_var01,test,68.66,228.4,219.8,200.2,87.87,-0.32,10.67,40.0,12.2,89.4,8.34,0.569,15.08,29.5,61.3,19.5
CHEM-TE-0090,img_test_0090_var02,test,68.66,226.4,219.2,200.1,87.57,-0.74,10.27,44.0,11.4,88.6,8.61,0.978,0.77,29.0,30.7,8.9
CHEM-TE-0090,img_test_0090_var03,test,68.66,225.3,217.8,197.4,87.06,-0.82,10.92,42.0,12.5,88.2,9.24,0.93,2.46,25.7,70.5,28.7
CHEM-TE-0090,img_test_0090_var05,test,68.66,226.1,218.9,199.6,87.46,-0.76,10.35,42.0,11.8,88.6,8.74,0.959,1.43,23.2,51.7,6.8
CHEM-TE-0090,img_test_0090_var06,test,68.66,227.5,220.5,199.4,87.98,-1.18,11.24,46.0,12.2,89.0,8.49,0.615,13.49,21.2,76.5,34.5
CHEM-TE-0090,img_test_0090_var07,test,68.66,226.2,218.9,200.1,87.47,-0.65,10.1,42.0,11.4,88.6,8.68,0.965,1.22,29.5,78.1,35.9
CHEM-TE-0090,img_test_0090_var09,test,68.66,228.7,220.3,200.6,88.03,-0.42,10.67,42.0,12.2,89.4,8.19,0.629,12.98,21.3,65.5,14.3
CHEM-TE-0090,img_test_0090_var10,test,68.66,210.2,204.9,190.4,82.42,-0.64,7.85,42.0,9.4,82.4,13.68,0.284,25.08,32.8,65.3,9.1
CHEM-TE-0091,img_test_0091_var01,test,362.03,171.7,155.7,132.4,65.04,2.04,14.39,36.0,22.7,67.1,31.46,0.99,0.36,19.8,66.2,13.2
CHEM-TE-0091,img_test_0091_var02,test,362.03,167.5,153.0,129.7,63.89,1.46,14.22,38.0,22.7,65.5,32.55,0.978,0.78,24.3,64.0,11.4
CHEM-TE-0091,img_test_0091_var03,test,362.03,163.3,148.5,104.0,61.8,-1.28,25.57,46.0,36.9,63.9,38.04,0.982,0.63,31.0,38.8,11.1
CHEM-TE-0091,img_test_0091_var04,test,362.03,177.1,159.4,137.4,66.61,2.89,13.87,34.0,22.7,69.4,29.89,0.297,24.6,21.4,72.4,21.6
CHEM-TE-0091,img_test_0091_var05,test,362.03,167.0,152.5,130.2,63.72,1.64,13.66,36.0,21.6,65.1,32.63,0.962,1.34,34.9,50.0,6.8
CHEM-TE-0091,img_test_0091_var06,test,362.03,168.4,153.6,130.6,64.14,1.62,14.06,36.0,22.7,65.9,32.28,0.443,19.5,31.2,68.5,5.2
CHEM-TE-0091,img_test_0091_var07,test,362.03,167.9,152.6,130.9,63.83,2.08,13.46,36.0,22.0,65.5,32.52,0.949,1.78,34.1,59.2,21.2
CHEM-TE-0091,img_test_0091_var08,test,362.03,172.0,165.0,158.0,68.13,1.26,4.52,30.0,8.2,67.5,28.24,0.979,0.73,26.5,45.8,8.7
CHEM-TE-0091,img_test_0091_var09,test,362.03,167.5,153.4,130.6,64.01,1.38,13.85,38.0,22.0,65.5,32.37,0.455,19.08,24.3,64.0,26.2
CHEM-TE-0091,img_test_0091_var10,test,362.03,158.2,144.0,122.3,60.48,1.66,13.48,36.0,22.7,62.0,35.82,0.67,11.55,30.1,43.8,12.2
CHEM-TE-0092,img_test_0092_var01,test,13.1,240.5,235.6,217.3,93.19,-1.41,9.44,46.0,9.4,94.1,3.43,0.521,16.75,26.2,41.7,30.2
CHEM-TE-0092,img_test_0092_var02,test,13.1,240.3,236.5,217.8,93.42,-1.89,9.51,50.0,9.4,94.1,3.55,0.988,0.43,30.8,50.9,18.4
CHEM-TE-0092,img_test_0092_var05,test,13.1,241.3,235.3,216.2,93.16,-1.18,10.01,46.0,10.2,94.5,3.45,0.956,1.55,25.5,77.1,13.3
CHEM-TE-0092,img_test_0092_var06,test,13.1,240.3,235.6,218.3,93.19,-1.34,8.95,46.0,9.0,94.1,3.36,0.564,15.25,24.2,51.7,34.4
CHEM-TE-0092,img_test_0092_var07,test,13.1,240.5,235.4,218.6,93.16,-1.12,8.75,46.0,9.0,94.1,3.28,0.966,1.2,25.7,51.1,34.9
CHEM-TE-0092,img_test_0092_var09,test,13.1,241.6,236.6,217.1,93.51,-1.56,10.05,48.0,9.8,94.5,3.4,0.597,14.1,26.8,37.5,14.6
CHEM-TE-0092,img_test_0092_var10,test,13.1,222.8,220.6,206.9,87.81,-1.62,7.0,52.0,7.1,87.1,8.69,0.975,0.88,24.4,74.6,22.6
CHEM-TE-0093,img_test_0093_var01,test,1684.56,56.5,42.5,27.6,18.49,4.11,12.2,32.0,51.8,22.0,77.66,0.1,53.52,27.2,42.9,32.6
CHEM-TE-0093,img_test_0093_var02,test,1684.56,62.2,46.1,30.8,20.41,4.97,12.68,30.0,51.8,24.3,75.81,0.1,53.45,20.0,78.2,5.5
CHEM-TE-0093,img_test_0093_var05,test,1684.56,57.1,41.3,27.2,18.17,5.13,12.09,28.0,52.5,22.4,78.03,0.1,37.85,31.1,48.2,4.7
CHEM-TE-0093,img_test_0093_var06,test,1684.56,57.2,43.0,29.3,18.77,4.32,11.46,28.0,49.0,22.4,77.36,0.1,52.36,24.6,47.7,24.8
CHEM-TE-0093,img_test_0093_var07,test,1684.56,56.8,41.9,27.8,18.35,4.67,11.88,28.0,51.8,22.0,77.82,0.1,47.23,20.6,46.5,30.3
CHEM-TE-0093,img_test_0093_var08,test,1684.56,65.0,52.0,39.0,22.75,3.58,10.42,30.0,40.0,25.5,73.33,0.1,53.08,25.0,31.0,15.4
CHEM-TE-0093,img_test_0093_var09,test,1684.56,62.1,45.2,31.6,20.13,5.63,11.76,28.0,49.8,24.3,76.09,0.943,1.99,21.5,71.9,14.1
CHEM-TE-0093,img_test_0093_var10,test,1684.56,51.2,35.6,22.2,15.53,5.35,11.85,26.0,56.9,20.0,80.67,0.1,51.92,25.4,73.9,29.5
CHEM-TE-0094,img_test_0094_var01,test,1394.11,75.0,56.8,40.0,25.43,5.44,13.56,30.0,47.5,29.0,70.89,0.1,53.42,28.4,59.5,6.3
CHEM-TE-0094,img_test_0094_var02,test,1394.11,68.6,52.1,36.3,23.16,4.91,12.85,30.0,47.1,26.7,73.07,0.1,48.12,27.2,41.6,35.8
CHEM-TE-0094,img_test_0094_var05,test,1394.11,68.7,51.8,35.3,23.05,5.0,13.37,30.0,48.6,26.7,73.22,0.957,1.51,22.6,45.2,20.9
CHEM-TE-0094,img_test_0094_var06,test,1394.11,69.5,53.0,36.8,23.54,4.8,13.05,30.0,47.8,27.1,72.7,0.1,49.78,25.3,59.1,20.1
CHEM-TE-0094,img_test_0094_var07,test,1394.11,68.9,52.2,34.7,23.19,4.78,13.91,32.0,50.2,26.7,73.1,0.1,34.22,28.3,38.6,13.4
CHEM-TE-0094,img_test_0094_var09,test,1394.11,74.0,56.1,38.3,25.08,5.18,14.17,30.0,48.6,29.0,71.26,0.949,1.79,31.1,56.1,5.3
CHEM-TE-0094,img_test_0094_var10,test,1394.11,73.8,55.5,36.9,24.82,5.34,14.75,30.0,50.6,28.6,71.58,0.1,45.99,26.4,71.4,23.1
CHEM-TE-0095,img_test_0095_var01,test,0.0,243.7,239.1,222.6,94.43,-1.24,8.53,48.0,8.6,95.3,2.39,0.534,16.3,33.0,72.0,26.6
CHEM-TE-0095,img_test_0095_var02,test,0.0,244.4,239.7,223.3,94.64,-1.19,8.48,46.0,8.6,95.7,2.23,0.974,0.89,30.8,30.5,33.9
CHEM-TE-0095,img_test_0095_var03,test,0.0,245.1,243.0,209.9,95.24,-4.74,16.26,56.0,14.5,96.1,8.99,0.846,5.37,22.6,79.1,27.7
CHEM-TE-0095,img_test_0095_var05,test,0.0,244.6,239.7,222.1,94.62,-1.3,9.07,46.0,9.0,95.7,2.27,0.957,1.51,31.1,47.2,28.7
CHEM-TE-0095,img_test_0095_var06,test,0.0,244.8,240.9,222.4,94.95,-1.8,9.4,50.0,9.0,95.7,2.56,0.54,16.1,30.0,69.0,19.7
CHEM-TE-0095,img_test_0095_var07,test,0.0,246.3,240.0,222.7,94.85,-0.79,9.08,42.0,9.8,96.5,1.73,0.528,16.53,33.4,70.3,31.0
CHEM-TE-0095,img_test_0095_var09,test,0.0,245.8,240.1,222.5,94.83,-1.04,9.17,46.0,9.4,96.1,1.94,0.574,14.92,28.5,61.6,38.7
CHEM-TE-0095,img_test_0095_var10,test,0.0,242.4,244.3,226.7,95.72,-3.65,8.23,66.0,7.5,95.7,4.23,0.985,0.51,32.9,73.6,27.8
CHEM-TE-0096,img_test_0096_var01,test,798.35,117.1,98.2,75.2,42.86,3.96,15.93,32.0,36.1,45.9,53.7,0.1,45.09,29.8,35.7,17.0
CHEM-TE-0096,img_test_0096_var02,test,798.35,112.0,94.1,73.1,41.15,3.84,14.78,32.0,34.9,43.9,55.25,0.1,35.77,25.3,45.9,36.2
CHEM-TE-0096,img_test_0096_var03,test,798.35,122.6,103.8,115.9,46.05,9.73,-3.97,322.0,15.7,47.8,52.43,0.984,0.55,34.4,49.2,32.9
CHEM-TE-0096,img_test_0096_var04,test,798.35,117.0,95.2,72.9,41.96,5.39,16.07,30.0,38.4,45.9,54.72,0.1,47.24,20.5,52.7,38.4
CHEM-TE-0096,img_test_0096_var05,test,798.35,116.5,96.6,73.4,42.31,4.41,16.21,32.0,37.3,45.5,54.31,0.962,1.34,27.0,61.2,23.6
CHEM-TE-0096,img_test_0096_var06,test,798.35,112.3,94.6,72.7,41.3,3.65,15.19,34.0,35.7,43.9,55.14,0.1,37.54,34.8,42.0,4.6
CHEM-TE-0096,img_test_0096_var07,test,798.35,116.0,97.3,73.9,42.46,3.81,16.15,34.0,36.5,45.1,54.12,0.216,27.45,24.0,55.6,20.4
CHEM-TE-0096,img_test_0096_var08,test,798.35,121.0,108.0,93.0,46.42,2.49,10.26,32.0,23.1,47.5,49.64,0.1,36.95,27.3,72.7,5.8
CHEM-TE-0096,img_test_0096_var09,test,798.35,111.5,94.5,71.7,41.17,3.21,15.63,34.0,36.1,43.5,55.3,0.1,33.43,23.7,63.3,16.4
CHEM-TE-0096,img_test_0096_var10,test,798.35,106.8,88.5,66.6,38.86,4.0,15.48,34.0,37.6,41.6,57.61,0.111,31.11,29.3,75.2,32.4
CHEM-TE-0097,img_test_0097_var01,test,166.07,204.4,194.5,174.2,78.9,0.07,11.42,40.0,14.9,80.0,17.28,0.536,16.26,27.3,60.5,33.2
CHEM-TE-0097,img_test_0097_var02,test,166.07,206.0,194.2,172.9,78.94,0.57,12.22,40.0,16.1,80.4,17.36,0.974,0.9,21.7,63.5,35.2
CHEM-TE-0097,img_test_0097_var03,test,166.07,207.3,193.8,183.5,79.19,2.98,6.91,26.0,11.8,81.2,17.12,0.983,0.6,20.5,72.3,38.7
CHEM-TE-0097,img_test_0097_var04,test,166.07,222.9,215.7,194.6,86.28,-1.07,11.3,46.0,12.5,87.1,10.11,0.715,9.99,28.9,61.3,22.8
CHEM-TE-0097,img_test_0097_var05,test,166.07,206.2,194.9,173.2,79.13,0.34,12.34,38.0,16.1,80.8,17.2,0.957,1.52,32.7,31.3,15.3
CHEM-TE-0097,img_test_0097_var06,test,166.07,206.6,196.5,173.5,79.59,-0.29,12.83,42.0,16.1,80.8,16.87,0.608,13.7,32.6,36.9,30.8
CHEM-TE-0097,img_test_0097_var07,test,166.07,208.2,196.9,176.4,79.88,0.55,11.69,38.0,15.3,81.6,16.34,0.644,12.46,23.2,47.1,32.5
CHEM-TE-0097,img_test_0097_var08,test,166.07,206.0,208.0,204.0,83.23,-1.41,1.74,90.0,2.0,81.6,14.81,0.982,0.64,29.5,30.3,17.2
CHEM-TE-0097,img_test_0097_var09,test,166.07,204.7,194.1,174.2,78.81,0.38,11.32,40.0,14.9,80.0,17.35,0.653,12.15,23.3,67.2,30.2
CHEM-TE-0097,img_test_0097_var10,test,166.07,187.9,180.0,162.6,73.52,-0.22,9.91,44.0,13.3,73.3,22.51,0.977,0.79,20.4,39.7,27.1
CHEM-TE-0098,img_test_0098_var01,test,0.0,244.7,240.4,221.7,94.81,-1.68,9.52,50.0,9.4,95.7,2.54,0.515,16.97,31.1,75.6,38.4
CHEM-TE-0098,img_test_0098_var02,test,0.0,244.0,239.2,221.8,94.46,-1.32,8.99,46.0,9.4,95.7,2.38,0.979,0.73,33.5,49.3,10.9
CHEM-TE-0098,img_test_0098_var03,test,0.0,247.0,240.8,235.0,95.39,1.09,3.51,28.0,4.3,96.5,5.56,0.705,10.31,23.5,32.9,34.1
CHEM-TE-0098,img_test_0098_var05,test,0.0,243.1,239.1,223.0,94.4,-1.41,8.24,48.0,8.2,95.3,2.6,0.952,1.67,23.0,54.8,4.2
CHEM-TE-0098,img_test_0098_var06,test,0.0,244.7,239.7,222.0,94.64,-1.31,9.14,46.0,9.4,95.7,2.27,0.51,17.14,24.7,36.0,18.4
CHEM-TE-0098,img_test_0098_var07,test,0.0,243.8,240.6,223.2,94.84,-1.9,8.82,52.0,8.2,95.3,2.67,0.962,1.32,33.6,55.9,35.9
CHEM-TE-0098,img_test_0098_var09,test,0.0,244.2,240.1,223.0,94.72,-1.5,8.74,50.0,9.0,95.7,2.39,0.935,2.28,19.3,68.8,7.3
CHEM-TE-0098,img_test_0098_var10,test,0.0,243.5,243.9,227.0,95.72,-3.02,8.09,60.0,6.7,95.3,3.65,0.152,29.67,34.4,43.7,38.3
CHEM-TE-0099,img_test_0099_var01,test,0.0,243.7,239.8,222.9,94.6,-1.55,8.63,48.0,8.6,95.3,2.51,0.543,15.99,23.1,35.6,37.8
CHEM-TE-0099,img_test_0099_var02,test,0.0,242.5,239.9,222.2,94.53,-2.15,8.88,52.0,8.2,94.9,3.03,0.344,22.97,19.9,42.5,33.8
CHEM-TE-0099,img_test_0099_var05,test,0.0,245.5,239.7,221.4,94.68,-1.12,9.52,46.0,9.8,96.1,2.15,0.968,1.13,33.6,45.6,22.0
CHEM-TE-0099,img_test_0099_var06,test,0.0,243.4,239.8,223.0,94.6,-1.63,8.55,48.0,8.2,95.3,2.59,0.477,18.32,19.3,76.2,33.4
CHEM-TE-0099,img_test_0099_var07,test,0.0,245.1,240.7,223.3,94.96,-1.46,8.93,46.0,9.0,96.1,2.22,0.281,25.18,25.2,58.7,27.5
CHEM-TE-0099,img_test_0099_var09,test,0.0,245.4,240.6,223.5,94.96,-1.3,8.84,46.0,9.0,96.1,2.08,0.933,2.35,21.8,32.2,7.6
CHEM-TE-0099,img_test_0099_var10,test,0.0,234.3,232.8,218.3,92.03,-1.99,7.24,52.0,6.7,91.8,5.01,0.251,26.22,27.2,67.9,13.1
CHEM-TE-0100,img_test_0100_var01,test,927.98,104.5,85.5,63.8,37.7,4.36,15.63,32.0,39.6,40.8,58.8,0.984,0.56,27.5,54.5,18.9
CHEM-TE-0100,img_test_0100_var02,test,927.98,103.5,85.7,63.9,37.63,3.86,15.42,34.0,38.8,40.4,58.82,0.1,43.79,34.0,58.0,36.5
CHEM-TE-0100,img_test_0100_var03,test,927.98,108.9,92.6,97.5,41.03,7.49,-0.36,342.0,14.9,42.4,56.2,0.1,44.65,19.5,78.8,30.8
CHEM-TE-0100,img_test_0100_var04,test,927.98,103.8,81.0,60.1,36.26,6.31,15.92,30.0,41.6,40.4,60.42,0.1,52.81,27.2,48.2,32.3
CHEM-TE-0100,img_test_0100_var05,test,927.98,99.0,81.6,61.1,35.92,3.95,14.75,32.0,38.4,38.8,60.45,0.184,28.55,32.0,63.2,10.4
CHEM-TE-0100,img_test_0100_var06,test,927.98,105.2,85.4,63.0,37.71,4.68,16.11,32.0,40.0,41.2,58.87,0.986,0.49,34.2,43.8,23.7
CHEM-TE-0100,img_test_0100_var07,test,927.98,104.2,84.3,61.7,37.27,4.73,16.28,32.0,41.2,40.8,59.33,0.967,1.16,27.8,62.2,9.9
CHEM-TE-0100,img_test_0100_var08,test,927.98,109.0,95.0,80.0,41.24,3.04,10.67,32.0,26.7,42.7,54.84,0.1,40.61,25.7,60.8,21.3
CHEM-TE-0100,img_test_0100_var09,test,927.98,104.1,85.4,63.1,37.63,4.19,15.9,32.0,39.6,40.8,58.89,0.952,1.69,30.5,76.7,15.7
CHEM-TE-0100,img_test_0100_var10,test,927.98,104.3,84.8,62.7,37.46,4.6,15.95,32.0,40.4,40.8,59.09,0.1,40.44,26.6,40.8,34.6
